Offer id,Focus Category,Category Label,gtin,Product id,Product Brand,Product Name,Total Active Offers,Stock,Winner Assortment Type,Offer Total Price,Offer Score Rank,Seller Name,Product - Sold items (30d),Product - GMV incl. Shipping (30d),Sessions by Product with PDP (30d),Sessions by Product with Add to Cart in pdp (30d)
1801346314,GSM HW,SMARTPHONES,0194253403449,146318336,APPLE,APPLE iPhone 14 Pro 256 GB Akıllı Telefon Mor,1,1,Retail,60939,1,Destek Bilişim,7,480041,6328,401
1830528741,TV,TELEVISION,8806099049829,179289060,SAMSUNG,SAMSUNG 43M70H Uydu Alıcılı Tizen Mini 43 inç 109 cm 4K UHD LED TV,1,19,Retail,34599,1,Smartevim,12,419888,1465,33
1798669888,SDA,AIR CONDITIONING,8806097251569,173632360,SAMSUNG,SAMSUNG AR40F18C0AM/SK 18000 BTU/h A++ Enerji Sınıfı Inverter Klima Beyaz,3,244,Retail,37999,1,EPATeknoloji,6,227994,1008,40
1780003690,SDA,AIR CONDITIONING,8806097251569,173632360,SAMSUNG,SAMSUNG AR40F18C0AM/SK 18000 BTU/h A++ Enerji Sınıfı Inverter Klima Beyaz,3,10,Retail,43599,2,Airyshop,6,227994,1008,40
1772227863,SDA,AIR CONDITIONING,8806097251569,173632360,SAMSUNG,SAMSUNG AR40F18C0AM/SK 18000 BTU/h A++ Enerji Sınıfı Inverter Klima Beyaz,3,5,Retail,52199,3,Smartevim,6,227994,1008,40
1755324647,TV,TELEVISION,8682655704100,168980208,ONVO,ONVO 55VQ90F3UA SS5 55 inç 140 cm Dahili Uydu Alıcılı 4K UHD SMART TV QLED TV,5,24,Retail,22855,4,Yörük Toptan,8,182174,1208,54
1813430481,TV,TELEVISION,8682655704100,168980208,ONVO,ONVO 55VQ90F3UA SS5 55 inç 140 cm Dahili Uydu Alıcılı 4K UHD SMART TV QLED TV,5,7,Retail,22839,2,NOVAELECTRONICS,8,182174,1208,54
1742037416,TV,TELEVISION,8682655704100,168980208,ONVO,ONVO 55VQ90F3UA SS5 55 inç 140 cm Dahili Uydu Alıcılı 4K UHD SMART TV QLED TV,5,16,Retail,22762,1,Akpa DTM,8,182174,1208,54
1760819711,TV,TELEVISION,8682655704100,168980208,ONVO,ONVO 55VQ90F3UA SS5 55 inç 140 cm Dahili Uydu Alıcılı 4K UHD SMART TV QLED TV,5,19,Retail,22850,3,Jettekno,8,182174,1208,54
1745325932,TV,TELEVISION,8682655704100,168980208,ONVO,ONVO 55VQ90F3UA SS5 55 inç 140 cm Dahili Uydu Alıcılı 4K UHD SMART TV QLED TV,5,49,Retail,22856,5,Özdijitek,8,182174,1208,54
1780763622,Floor care,ROBOT VACUUM CLEANERS,6936905901545,171236079,ROBOROCK,ROBOROCK S8 Pro Akıllı Robot Süpürge Beyaz,5,1,Retail,21099,4,İZİ TEKNOLOJİ,10,179942.96000000002,2268,83
1820555017,Floor care,ROBOT VACUUM CLEANERS,6936905901545,171236079,ROBOROCK,ROBOROCK S8 Pro Akıllı Robot Süpürge Beyaz,5,1,Retail,22999,5,Göksu Teknoloji,10,179942.96000000002,2268,83
1746587586,Floor care,ROBOT VACUUM CLEANERS,6936905901545,171236079,ROBOROCK,ROBOROCK S8 Pro Akıllı Robot Süpürge Beyaz,5,49,Retail,15949,1,Koycebine,10,179942.96000000002,2268,83
1755903448,Floor care,ROBOT VACUUM CLEANERS,6936905901545,171236079,ROBOROCK,ROBOROCK S8 Pro Akıllı Robot Süpürge Beyaz,5,2,Retail,17979.68,2,RAST ENTERPRISE,10,179942.96000000002,2268,83
1837115752,Floor care,ROBOT VACUUM CLEANERS,6936905901545,171236079,ROBOROCK,ROBOROCK S8 Pro Akıllı Robot Süpürge Beyaz,5,1,Retail,17999,3,BlueGo,10,179942.96000000002,2268,83
1831990874,Floor care,ROBOT VACUUM CLEANERS,6977328064608,167870904,DREAME,DREAME X50 Ultra Complete Robot Süpürge Beyaz,1,1,Retail,59899,1,ACCPAZAR,3,152997,1870,61
1836228144,Photo,DIGITAL COMPACT CAMERA,4549292250978,166176652,CANON,CANON IXUS 285 HS A Kompakt Dijital Fotoğraf Makinesi Siyah,1,3,Retail,26999,1,Fotofix,4,149187,1965,89
1820639374,SDA,HAND MIXER & HAND BLENDER,8720389038129,155120784,PHILIPS,"PHILIPS HR2695/01 5000 Serisi 1200 W El Blender Seti Siyah, Gri",5,2,Retail,4950,2,Etinova,30,140371,3088,179
1840648263,SDA,HAND MIXER & HAND BLENDER,8720389038129,155120784,PHILIPS,"PHILIPS HR2695/01 5000 Serisi 1200 W El Blender Seti Siyah, Gri",5,1,Retail,4999,3,BiTechnology,30,140371,3088,179
1799994208,SDA,HAND MIXER & HAND BLENDER,8720389038129,155120784,PHILIPS,"PHILIPS HR2695/01 5000 Serisi 1200 W El Blender Seti Siyah, Gri",5,20,Retail,4149,1,Makroreyon,30,140371,3088,179
1698219062,SDA,HAND MIXER & HAND BLENDER,8720389038129,155120784,PHILIPS,"PHILIPS HR2695/01 5000 Serisi 1200 W El Blender Seti Siyah, Gri",5,1,Retail,5999,4,TAŞARAVM,30,140371,3088,179
1734196376,SDA,HAND MIXER & HAND BLENDER,8720389038129,155120784,PHILIPS,"PHILIPS HR2695/01 5000 Serisi 1200 W El Blender Seti Siyah, Gri",5,10,Retail,6999,5,Kavastech,30,140371,3088,179
1674442789,GSM HW,SMARTPHONES,0195950638851,166347635,APPLE,APPLE iPhone 17 Pro Max 12 GB 256 GB Akıllı Telefon Gümüş,2,5,Retail,141299,1,Bittibitiyor,1,139999,33076,939
1762327806,GSM HW,SMARTPHONES,0195950638851,166347635,APPLE,APPLE iPhone 17 Pro Max 12 GB 256 GB Akıllı Telefon Gümüş,2,2,Retail,149999,2,Beşken elektronik,1,139999,33076,939
1762363582,GSM HW,SMARTPHONES,0195949036040,146563972,APPLE,APPLE iPhone 15 6 GB 128 GB Akıllı Telefon Siyah,4,1,Retail,64999,2,Beşken elektronik,2,134997,8696,578
1633309566,GSM HW,SMARTPHONES,0195949036040,146563972,APPLE,APPLE iPhone 15 6 GB 128 GB Akıllı Telefon Siyah,4,3,Retail,62599,1,CepHane Teknoloji,2,134997,8696,578
1799490778,GSM HW,SMARTPHONES,0195949036040,146563972,APPLE,APPLE iPhone 15 6 GB 128 GB Akıllı Telefon Siyah,4,3,Retail,55429,3,Destek Bilişim,2,134997,8696,578
1799491252,GSM HW,SMARTPHONES,0195949036040,146563972,APPLE,APPLE iPhone 15 6 GB 128 GB Akıllı Telefon Siyah,4,3,Retail,54259,4,Destek Bilişim,2,134997,8696,578
1724091269,GSM HW,SMARTPHONES,6932554480318,169130276,XIAOMI,XIAOMI Redmi Note 15 Pro 8 GB 256 GB Akıllı Telefon Mavi,2,5,Retail,26099,2,Bittibitiyor,4,117495,1560,77
1764557886,GSM HW,SMARTPHONES,6932554480318,169130276,XIAOMI,XIAOMI Redmi Note 15 Pro 8 GB 256 GB Akıllı Telefon Mavi,2,1,Retail,24999,1,Beşken elektronik,4,117495,1560,77
1801345701,GSM HW,SMARTPHONES,8806094688153,145346666,SAMSUNG,SAMSUNG Galaxy S23 8 GB 256 GB Akıllı Telefon Krem,1,1,Retail,29669,1,Destek Bilişim,4,113276,4548,181
1769283382,GSM HW,SMARTPHONES,0194252717479,146339453,APPLE,APPLE iPhone 13 Pro 6 GB 256 GB Akıllı Telefon Gold,2,1,Retail,49199,2,Nsmart,1,94998,716,42
1834516246,GSM HW,SMARTPHONES,0194252717479,146339453,APPLE,APPLE iPhone 13 Pro 6 GB 256 GB Akıllı Telefon Gold,2,1,Retail,44999,1,HB Bilişim,1,94998,716,42
1811817262,Photo,PHOTO ACCESSORIES,6937224139749,175843684,DJI,DJI Mic Mini 2 Kompakt Dijital Kablosuz Mikrofon Seti,1,18,Retail,8999,1,Birtek Teknoloji,13,90887,1417,59
1730039748,SDA,CONTACT GRILL,8720389035654,152792850,PHILIPS,PHILIPS HD6301/90 5000 Serisi Tost Izgara Makinesi Siyah,6,1,Retail,6499,4,TAŞARAVM,17,90783,924,87
1836483206,SDA,CONTACT GRILL,8720389035654,152792850,PHILIPS,PHILIPS HD6301/90 5000 Serisi Tost Izgara Makinesi Siyah,6,1,Retail,9999,6,BiTechnology,17,90783,924,87
1822056127,SDA,CONTACT GRILL,8720389035654,152792850,PHILIPS,PHILIPS HD6301/90 5000 Serisi Tost Izgara Makinesi Siyah,6,1,Retail,7999,5,BakserLTD,17,90783,924,87
1817375083,SDA,CONTACT GRILL,8720389035654,152792850,PHILIPS,PHILIPS HD6301/90 5000 Serisi Tost Izgara Makinesi Siyah,6,8,Retail,5199,1,FırsatKurdu,17,90783,924,87
1780748982,SDA,CONTACT GRILL,8720389035654,152792850,PHILIPS,PHILIPS HD6301/90 5000 Serisi Tost Izgara Makinesi Siyah,6,5,Retail,5999,3,Makroreyon,17,90783,924,87
1775934760,SDA,CONTACT GRILL,8720389035654,152792850,PHILIPS,PHILIPS HD6301/90 5000 Serisi Tost Izgara Makinesi Siyah,6,1,Retail,5445,2,Derka Shop,17,90783,924,87
1846620212,GSM HW,SMARTPHONES,0195949036583,146318309,APPLE,APPLE iPhone 15 6 GB 128 GB Akıllı Telefon Mavi,3,1,Retail,45749,2,Getmobil,1,89998,8988,595
1762363560,GSM HW,SMARTPHONES,0195949036583,146318309,APPLE,APPLE iPhone 15 6 GB 128 GB Akıllı Telefon Mavi,3,1,Retail,64999,1,Beşken elektronik,1,89998,8988,595
1801344811,GSM HW,SMARTPHONES,0195949036583,146318309,APPLE,APPLE iPhone 15 6 GB 128 GB Akıllı Telefon Mavi,3,2,Retail,55429,3,Destek Bilişim,1,89998,8988,595
1840567723,Photo,FOTO MICROPHONES,6937224139770,175843699,DJI,DJI Mic Mini 2 Kablosuz Yaka Mikrofon Seti,1,3,Retail,4499,1,Nova Fotoğraf,14,67885,1096,67
1741256934,MDA,REFRIGERATOR,8806095590516,154905735,SAMSUNG,SAMSUNG RB58DS75ESA/TR Alttan Donduruculu E Enerji Sınıfı Buzdolabı Inox,1,5,Retail,62199,1,Smartevim,0,65989,1365,26
1838952588,GSM HW,SMARTPHONES,0195949822483,146562743,APPLE,APPLE iPhone 16 8 GB 128 GB Akıllı Telefon Laciverttaş,2,1,Retail,65799,1,Mobilfon,1,65799,4,90
1811826761,GSM HW,SMARTPHONES,0195949822483,146562743,APPLE,APPLE iPhone 16 8 GB 128 GB Akıllı Telefon Laciverttaş,2,1,Retail,68249,2,Destek Bilişim,1,65799,4,90
1839181268,Photo,MIRRORLESS SYSTEM CAMERAS,4549292189773,104204634,CANON,CANON EOS R10 + RF-S 18-45 IS STM APS-C Sensör Aynasız Fotoğraf Makinesi,2,2,Retail,51999,1,Fotofix,1,54999,615,21
1837850618,Photo,MIRRORLESS SYSTEM CAMERAS,4549292189773,104204634,CANON,CANON EOS R10 + RF-S 18-45 IS STM APS-C Sensör Aynasız Fotoğraf Makinesi,2,1,Retail,54999,2,Nova Fotoğraf,1,54999,615,21
1783022480,SDA,STEAM CLEANER,4054278975139,143506183,KÄRCHER,KÄRCHER SC 3 EasyFix Buharlı Temizleyici Beyaz,2,14,Retail,11899,1,Makroreyon,3,53896,1154,33
1698119257,SDA,STEAM CLEANER,4054278975139,143506183,KÄRCHER,KÄRCHER SC 3 EasyFix Buharlı Temizleyici Beyaz,2,14,Retail,13999,2,TAŞARAVM,3,53896,1154,33
1724091267,GSM HW,SMARTPHONES,6932554469719,169130277,XIAOMI,XIAOMI Redmi Note 15 Pro 8 GB 256 GB Akıllı Telefon Siyah,1,5,Retail,25999,1,Bittibitiyor,2,50498,4388,161
1775044289,Floor care,VACUUM CLEANER RECHARGEABLE,8720389041532,170207469,PHILIPS,PHILIPS 6000 Series XC6557/01 Şarjlı Dikey Süpürge Siyah,2,2,Retail,19595.34,2,RAST ENTERPRISE,3,49388,2721,54
1771893690,Floor care,VACUUM CLEANER RECHARGEABLE,8720389041532,170207469,PHILIPS,PHILIPS 6000 Series XC6557/01 Şarjlı Dikey Süpürge Siyah,2,11,Retail,17490,1,TAŞARAVM,3,49388,2721,54
1841259487,GSM HW,SMARTPHONES,0194252699843,147052750,APPLE,APPLE iPhone 13 Pro Max 6 GB 256 GB Akıllı Telefon Mavi,1,1,Retail,49999,1,HB Bilişim,1,47999,853,54
1834924106,GSM HW,SMARTPHONES,0194253373896,146563098,APPLE,APPLE iPhone 14 Plus 128 GB Akıllı Telefon Mor,1,3,Retail,42999,1,HB Bilişim,1,47999,535,12
1630396218,GSM HW,SMARTPHONES,0195950051148,154820923,APPLE,APPLE iPhone 16E 8 GB 128 GB Akıllı Telefon Siyah,1,1,Retail,54399,1,CepHane Teknoloji,1,43869,3,39
1755929127,Floor care,ROBOT VACUUM CLEANERS,6936905902283,171485426,ROBOROCK,ROBOROCK S8 Pro Plus Robot Süpürge Beyaz,2,1,Retail,39993.18,1,RAST ENTERPRISE,1,39993.18,2133,42
1837170630,Floor care,ROBOT VACUUM CLEANERS,6936905902283,171485426,ROBOROCK,ROBOROCK S8 Pro Plus Robot Süpürge Beyaz,2,4,Retail,39999,2,BigTech,1,39993.18,2133,42
1820558073,SDA,IPL HAIR REMOVAL SYSTEMS,7500435238359,162867417,BRAUN,BRAUN PL5146 Silk Expert Pro 5 2 Başlıklı IPL Lazer Epilasyon Aleti Beyaz-Altın,4,1,Retail,22999,3,Göksu Teknoloji,2,38798,32,32
1699907480,SDA,IPL HAIR REMOVAL SYSTEMS,7500435238359,162867417,BRAUN,BRAUN PL5146 Silk Expert Pro 5 2 Başlıklı IPL Lazer Epilasyon Aleti Beyaz-Altın,4,1,Retail,30299,4,TAŞARAVM,2,38798,32,32
1752069169,SDA,IPL HAIR REMOVAL SYSTEMS,7500435238359,162867417,BRAUN,BRAUN PL5146 Silk Expert Pro 5 2 Başlıklı IPL Lazer Epilasyon Aleti Beyaz-Altın,4,828,Retail,20499,2,Braun Shop,2,38798,32,32
1745368486,SDA,IPL HAIR REMOVAL SYSTEMS,7500435238359,162867417,BRAUN,BRAUN PL5146 Silk Expert Pro 5 2 Başlıklı IPL Lazer Epilasyon Aleti Beyaz-Altın,4,5,Retail,17999,1,Kavastech,2,38798,32,32
1788041100,CE Acc.,CHARGERS,0195949121272,171942074,APPLE,APPLE MUVV3TU/A 20W USB-C Şarj Adaptörü Beyaz,1,936,Retail,1499,1,Kavastech,23,37475,9675,481
1817291862,SDA,AIR CONDITIONING MOBILE,7332543979592,173633431,ELECTROLUX,ELECTROLUX EXP34U339HW Wi-Fi Özellikli 12000 BTU Mobil Klima,1,2,Retail,36944,1,RAST ENTERPRISE,1,36944,233,5
1835136282,Photo,GIMBALS,6937224131422,172110618,DJI,DJI RS 5 Combo Gimbal Siyah,2,26,Retail,42999,2,Nova Fotoğraf,1,36499,14,2
1838605479,Photo,GIMBALS,6937224131422,172110618,DJI,DJI RS 5 Combo Gimbal Siyah,2,3,Retail,36299,1,Fotofix,1,36499,14,2
1832564151,Floor care,COMBI WET/DRY CLEANER,0011120271454,144909538,BISSELL,BISSELL Revolution HydroSteam Dikey Süpürge Siyah,1,9,Retail,34999,1,Titanyum AVM,1,34999,539,12
1844899412,IT HW,TABLETS,8806097196990,172665880,SAMSUNG,"SAMSUNG GALAXY TAB S10FE+ 13.1 12/256G GUMUS SM-X620NZSPTU 13,1 inç 12 GB 256 GB Tablet Gümüş",1,1,Retail,49999,1,ACCPAZAR,1,33999,343,15
1755328996,TV,TELEVISION,8682655704117,168979848,ONVO,ONVO 65VQ90F3UA SS6 65 inç 165 cm Dahili Uydu Alıcılı 4K UHD SMART TV QLED TV,5,24,Retail,30308,2,Yörük Toptan,1,30308,2,2
1760855465,TV,TELEVISION,8682655704117,168979848,ONVO,ONVO 65VQ90F3UA SS6 65 inç 165 cm Dahili Uydu Alıcılı 4K UHD SMART TV QLED TV,5,20,Retail,30314,4,Jettekno,1,30308,2,2
1813430557,TV,TELEVISION,8682655704117,168979848,ONVO,ONVO 65VQ90F3UA SS6 65 inç 165 cm Dahili Uydu Alıcılı 4K UHD SMART TV QLED TV,5,10,Retail,30310,3,NOVAELECTRONICS,1,30308,2,2
1739359567,TV,TELEVISION,8682655704117,168979848,ONVO,ONVO 65VQ90F3UA SS6 65 inç 165 cm Dahili Uydu Alıcılı 4K UHD SMART TV QLED TV,5,19,Retail,30285,1,Akpa DTM,1,30308,2,2
1745326333,TV,TELEVISION,8682655704117,168979848,ONVO,ONVO 65VQ90F3UA SS6 65 inç 165 cm Dahili Uydu Alıcılı 4K UHD SMART TV QLED TV,5,10,Retail,30324,5,Özdijitek,1,30308,2,2
1782741810,SDA,IPL HAIR REMOVAL SYSTEMS,8700216938006,174517513,BRAUN,BRAUN PL5412 Silk Expert Pro 5 IPL Lazer Epilasyon Aleti Beyaz,1,92,Retail,29999,1,Braun Shop,1,29999,3,3
1771929123,Floor care,VACUUM CLEANER,8710103896609,164847397,PHILIPS,PHILIPS XB9125/07 Marathon Ultimate Toz Torbasız Süpürge Siyah,4,2,Retail,18697.8,4,TAŞARAVM,2,28300.34,1464,65
1742612155,Floor care,VACUUM CLEANER,8710103896609,164847397,PHILIPS,PHILIPS XB9125/07 Marathon Ultimate Toz Torbasız Süpürge Siyah,4,2,Retail,14435,2,RAST ENTERPRISE,2,28300.34,1464,65
1820890383,Floor care,VACUUM CLEANER,8710103896609,164847397,PHILIPS,PHILIPS XB9125/07 Marathon Ultimate Toz Torbasız Süpürge Siyah,4,99,Retail,13552.13,1,YeniseY,2,28300.34,1464,65
1777632240,Floor care,VACUUM CLEANER,8710103896609,164847397,PHILIPS,PHILIPS XB9125/07 Marathon Ultimate Toz Torbasız Süpürge Siyah,4,10,Retail,14899,3,Makroreyon,2,28300.34,1464,65
1780753493,SDA,TEA MAKER,8710103681632,168516208,PHILIPS,"PHILIPS HD7301/00 Daily Collection 1700 W Cam Demlikli 1,9 l Çay Makinesi Siyah",3,19,Retail,2699,1,Makroreyon,12,28273.21,989,64
1751283913,SDA,TEA MAKER,8710103681632,168516208,PHILIPS,"PHILIPS HD7301/00 Daily Collection 1700 W Cam Demlikli 1,9 l Çay Makinesi Siyah",3,1,Retail,2984.21,2,RAST ENTERPRISE,12,28273.21,989,64
1729909310,SDA,TEA MAKER,8710103681632,168516208,PHILIPS,"PHILIPS HD7301/00 Daily Collection 1700 W Cam Demlikli 1,9 l Çay Makinesi Siyah",3,7,Retail,2999,3,TAŞARAVM,12,28273.21,989,64
1811251396,GSM HW,SMARTPHONES,0194252040041,146312490,APPLE,APPLE iPhone 12 Pro 6 GB 256 GB Akıllı Telefon Mavi,1,1,Retail,31049,1,Destek Bilişim,1,27999,213,12
1605337874,GSM HW,SMARTPHONES,6932554456276,164258238,XIAOMI,XIAOMI Redmi 15C 8 GB 256 GB Akıllı Telefon Mavi,1,5,Retail,15399,1,Bittibitiyor,2,26598,661,24
1822365409,GSM HW,SMARTPHONES,8806099054991,174682650,SAMSUNG,SAMSUNG Galaxy A37 8 GB 256 GB Akıllı Telefon Mor,2,5,Retail,26999,1,Bittibitiyor,1,25599,1,1
1831684369,GSM HW,SMARTPHONES,8806099054991,174682650,SAMSUNG,SAMSUNG Galaxy A37 8 GB 256 GB Akıllı Telefon Mor,2,1,Retail,26999,2,KEA Ev Aletleri,1,25599,1,1
1836524695,SDA,AIR PURIFIER,0810123670420,107166695,LEVOIT,LEVOIT Vital 200S Pro Hava Temizleyici Beyaz,1,1,Retail,29999,1,BiTechnology,1,22999,400,6
1830520536,IT Acc.,INK CARTRIDGE & TONER,8715946674773,123477912,EPSON,EPSON C13T06C44A (112) Kartuş 6.000 Sayfa Mürekkep baskı Mürekkep Sarı,3,4,Retail,1423.6,2,Kraft Online,17,22833.899999999998,126,17
1760900902,IT Acc.,INK CARTRIDGE & TONER,8715946674773,123477912,EPSON,EPSON C13T06C44A (112) Kartuş 6.000 Sayfa Mürekkep baskı Mürekkep Sarı,3,3,Retail,1298.4,1,netsiparis,17,22833.899999999998,126,17
1834116807,IT Acc.,INK CARTRIDGE & TONER,8715946674773,123477912,EPSON,EPSON C13T06C44A (112) Kartuş 6.000 Sayfa Mürekkep baskı Mürekkep Sarı,3,20,Retail,2280.91,3,Yedigün Bilişim,17,22833.899999999998,126,17
1832202604,GSM HW,SMARTPHONES,8806099359331,180973434,SAMSUNG,SAMSUNG Galaxy A27 8 5G 8 GB 256 GB Akıllı Telefon Pembe,1,6,Retail,22299,1,CepHane Teknoloji,1,21899,182,29
1821794279,SDA,COFFEE MAKER,7630428702397,179357370,NESPRESSO,NESPRESSO Inissia D40 Espresso Kahve Makinesi Siyah,2,8,Retail,6299,1,FırsatKurdu,3,20897,113,8
1837914072,SDA,COFFEE MAKER,7630428702397,179357370,NESPRESSO,NESPRESSO Inissia D40 Espresso Kahve Makinesi Siyah,2,39,Retail,6899,2,Edakik,3,20897,113,8
1701868752,GSM HW,SMARTPHONES,4894947102929,168636740,TECNO,TECNO Spark Slim 5G 8 GB 256 GB Akıllı Telefon Siyah,1,1,Retail,21799,1,CepHane Teknoloji,1,20799,2,2
1602717248,IT Acc.,MEMORY CARD,0619659185091,101764364,SANDISK,SANDISK Ultra 100MB/S UHS-I SDSQUNR-128G-GN6MN microSDXC 128 GB Hafıza Kartı,1,5440,Retail,1399,1,GpnTeknoloji,13,18187,103,11
1832565614,Floor care,OTHER FLOOR CARE DEVICES,5025155096772,145963587,DYSON,DYSON WashG1 Islak Kuru Şarjlı Dikey Süpürge,6,5,Retail,19999,5,Titanyum AVM,1,16989,351,11
1808295558,Floor care,OTHER FLOOR CARE DEVICES,5025155096772,145963587,DYSON,DYSON WashG1 Islak Kuru Şarjlı Dikey Süpürge,6,1,Retail,18999,4,HerşeyVar,1,16989,351,11
1842608036,Floor care,OTHER FLOOR CARE DEVICES,5025155096772,145963587,DYSON,DYSON WashG1 Islak Kuru Şarjlı Dikey Süpürge,6,1,Retail,14699,1,Koycebine,1,16989,351,11
1823424577,Floor care,OTHER FLOOR CARE DEVICES,5025155096772,145963587,DYSON,DYSON WashG1 Islak Kuru Şarjlı Dikey Süpürge,6,2,Retail,18939,2,Bolkur,1,16989,351,11
1820555293,Floor care,OTHER FLOOR CARE DEVICES,5025155096772,145963587,DYSON,DYSON WashG1 Islak Kuru Şarjlı Dikey Süpürge,6,1,Retail,18948,3,Göksu Teknoloji,1,16989,351,11
1737291298,Floor care,OTHER FLOOR CARE DEVICES,5025155096772,145963587,DYSON,DYSON WashG1 Islak Kuru Şarjlı Dikey Süpürge,6,1,Retail,29499,6,TAŞARAVM,1,16989,351,11
1831222373,MDA,OTHER MDA PRODUCTS,4242003861363,173643558,SIEMENS,SIEMENS DW15701 Gizli Damacanalı Su Sebili Antrasit,7,21,Retail,14645,1,Yörük Toptan,1,14637,81,3
1830888730,MDA,OTHER MDA PRODUCTS,4242003861363,173643558,SIEMENS,SIEMENS DW15701 Gizli Damacanalı Su Sebili Antrasit,7,10,Retail,14770,4,NOVAELECTRONICS,1,14637,81,3
1775596217,MDA,OTHER MDA PRODUCTS,4242003861363,173643558,SIEMENS,SIEMENS DW15701 Gizli Damacanalı Su Sebili Antrasit,7,5,Retail,22599,7,Smartevim,1,14637,81,3
1831248775,MDA,OTHER MDA PRODUCTS,4242003861363,173643558,SIEMENS,SIEMENS DW15701 Gizli Damacanalı Su Sebili Antrasit,7,14,Retail,14880,6,Jettekno,1,14637,81,3
1830909075,MDA,OTHER MDA PRODUCTS,4242003861363,173643558,SIEMENS,SIEMENS DW15701 Gizli Damacanalı Su Sebili Antrasit,7,1,Retail,14724,3,Akpa DTM,1,14637,81,3
1830901524,MDA,OTHER MDA PRODUCTS,4242003861363,173643558,SIEMENS,SIEMENS DW15701 Gizli Damacanalı Su Sebili Antrasit,7,20,Retail,14655,2,Özdijitek,1,14637,81,3
1830993594,MDA,OTHER MDA PRODUCTS,4242003861363,173643558,SIEMENS,SIEMENS DW15701 Gizli Damacanalı Su Sebili Antrasit,7,100,Retail,14880,5,Jettekno,1,14637,81,3
1838141790,SDA,SMALL  APPLIANCES ACCESSORIES,8710103818878,135940860,PHILIPS,PHILIPS CA6700/10,2,30,Retail,699,1,Ereyon,19,13331,267,42
1560407397,SDA,SMALL  APPLIANCES ACCESSORIES,8710103818878,135940860,PHILIPS,PHILIPS CA6700/10,2,30,Retail,749,2,Ereyon,19,13331,267,42
1760901232,IT Acc.,INK CARTRIDGE & TONER,4549292187533,130587012,CANON,CANON CRG 067 5101C002AA Toner Lazer baskı Toner Mavi,3,5,Retail,6196.4,2,netsiparis,2,12392.8,97,1
1846592443,IT Acc.,INK CARTRIDGE & TONER,4549292187533,130587012,CANON,CANON CRG 067 5101C002AA Toner Lazer baskı Toner Mavi,3,10,Retail,5596.99,1,UzmanlarPC,2,12392.8,97,1
1775512357,IT Acc.,INK CARTRIDGE & TONER,4549292187533,130587012,CANON,CANON CRG 067 5101C002AA Toner Lazer baskı Toner Mavi,3,5,Retail,6484.7,3,Kraft Online,2,12392.8,97,1
1834931730,Household,PRESSURE COOKERS,4009209426181,176063927,FISSLER,FISSLER Vitaquick Elemental 3.5 l Düdüklü Tencere Gümüş,1,4,Retail,10399,1,Premiumsepet,0,11999,54,1
1838963599,SDA,BEARD TRIMMER,8006530250191,182299450,BRAUN,BRAUN AIO9520 Hepsi Bir Arada Series 9 23’ü 1 Arada Tıraş Kiti ProBlade BodyGentle Modu Vücut Bakım Seti Siyah,1,46,Retail,5899,1,Braun Shop,2,11798,168,11
1790985407,GSM HW,MOBILE PHONES,6438409100566,165043736,NOKIA,NOKIA 106 Tuşlu Cep Telefonu Siyah,3,94,Retail,2399,1,KAFKASDA,6,11594,282,41
1742590402,GSM HW,MOBILE PHONES,6438409100566,165043736,NOKIA,NOKIA 106 Tuşlu Cep Telefonu Siyah,3,10,Retail,2749,2,Reyontek,6,11594,282,41
1814542197,GSM HW,MOBILE PHONES,6438409100566,165043736,NOKIA,NOKIA 106 Tuşlu Cep Telefonu Siyah,3,1,Retail,3999,3,Başaran Ticaret,6,11594,282,41
1846071480,GSM HW,SMARTPHONES,8683411891959,168178921,OMIX,OMIX O1 Icon 8 GB 256 GB Akıllı Telefon Natural,3,3,Retail,11999,3,Aypa Teknoloji,1,11400,87,3
1787802979,GSM HW,SMARTPHONES,8683411891959,168178921,OMIX,OMIX O1 Icon 8 GB 256 GB Akıllı Telefon Natural,3,5,Retail,11400,2,Birtane Telekom,1,11400,87,3
1843318640,GSM HW,SMARTPHONES,8683411891959,168178921,OMIX,OMIX O1 Icon 8 GB 256 GB Akıllı Telefon Natural,3,19,Retail,11199,1,CepHane Teknoloji,1,11400,87,3
1839382723,SDA,STEAM CLEANER,0622356287616,149490485,SHARK,SHARK Steam & Scrub PowerPickup Buharlı Temizleyici Beyaz,1,1,Retail,10999,1,Göksu Teknoloji,1,10999,115,5
1738352529,GSM HW,MOBILE PHONES,6438409100641,168057986,NOKIA,NOKIA 105 Classic TA-1416 4 MB 4 GB Tuşlu Telefon Siyah,2,10,Retail,2599,1,Reyontek,4,10076,226,21
1699441879,GSM HW,MOBILE PHONES,6438409100641,168057986,NOKIA,NOKIA 105 Classic TA-1416 4 MB 4 GB Tuşlu Telefon Siyah,2,10,Retail,2699,2,Bittibitiyor,4,10076,226,21
1792240492,SDA,STEAM IRON,8720389014116,162143840,PHILIPS,PHILIPS Azur DST7510/80 7500 Serisi 3200 W Buharlı Ütü Lacivert,3,2,Retail,4934.91,1,RAST ENTERPRISE,2,9898,522,10
1740341082,SDA,STEAM IRON,8720389014116,162143840,PHILIPS,PHILIPS Azur DST7510/80 7500 Serisi 3200 W Buharlı Ütü Lacivert,3,1,Retail,7299.99,3,BakserLTD,2,9898,522,10
1779870377,SDA,STEAM IRON,8720389014116,162143840,PHILIPS,PHILIPS Azur DST7510/80 7500 Serisi 3200 W Buharlı Ütü Lacivert,3,31,Retail,4949,2,Makroreyon,2,9898,522,10
1801876399,SDA,STEAM IRON,3121040088494,137477680,TEFAL,TEFAL DT2020 Pure Pop Buharlı Dikey Düzleştirici Mavi,1,12,Retail,2429,1,Digithome,4,9716,446,15
1800972813,MDA,FITTED COOKERS SETS,8690842538247,171161517,ALTUS,ALTUS ALA 181 GID,1,1,Retail,8762,1,Özdijitek,1,8511,16,3
1820612100,IT Acc.,PC POWER SUPPLY,0824142319222,126310550,MSI,MSI PSU MAG A850GL PCIE5 850W 80+Gold FULL MODULAR 850 W Güç Kaynağı Siyah,6,20,Retail,9659.87,5,Batı Teknoloji,1,7935,171,6
1833948319,IT Acc.,PC POWER SUPPLY,0824142319222,126310550,MSI,MSI PSU MAG A850GL PCIE5 850W 80+Gold FULL MODULAR 850 W Güç Kaynağı Siyah,6,20,Retail,11061.55,6,Yedigün Bilişim,1,7935,171,6
1620638918,IT Acc.,PC POWER SUPPLY,0824142319222,126310550,MSI,MSI PSU MAG A850GL PCIE5 850W 80+Gold FULL MODULAR 850 W Güç Kaynağı Siyah,6,3,Retail,8069,2,BETA PLUS TEKNOLOJİ,1,7935,171,6
1770952827,IT Acc.,PC POWER SUPPLY,0824142319222,126310550,MSI,MSI PSU MAG A850GL PCIE5 850W 80+Gold FULL MODULAR 850 W Güç Kaynağı Siyah,6,20,Retail,9275.5,4,Kraft Online,1,7935,171,6
1832518840,IT Acc.,PC POWER SUPPLY,0824142319222,126310550,MSI,MSI PSU MAG A850GL PCIE5 850W 80+Gold FULL MODULAR 850 W Güç Kaynağı Siyah,6,5,Retail,8050,1,Tekramarket,1,7935,171,6
1760900575,IT Acc.,PC POWER SUPPLY,0824142319222,126310550,MSI,MSI PSU MAG A850GL PCIE5 850W 80+Gold FULL MODULAR 850 W Güç Kaynağı Siyah,6,20,Retail,8080.4,3,netsiparis,1,7935,171,6
1839823981,SDA,EPILATOR & OTHER HAIR REMOVAL,8700216963237,180173253,BRAUN,BRAUN 7-241 Silk·épil 7 Islak ve Kuru Kalıcı Pürüzsüz Cilt Epilatör Gümüş,1,48,Retail,7699,1,Braun Shop,1,7699,50,2
1794155311,SDA,STEAM IRON,3121040088517,137477644,TEFAL,TEFAL DT2022 Pure Pop Buharlı Dikey Düzleştirici Kırmızı,1,2,Retail,2488,1,Derka Shop,3,7296,184,10
1824313372,IT Acc.,MOUSE,5099206129924,172294502,LOGITECH,LOGITECH G Pro X Superlight 2 SE Kablosuz Gaming Mouse Beyaz,1,45,Retail,7099,1,GpnTeknoloji,1,7099,169,5
1836382871,SDA,EPILATOR & OTHER HAIR REMOVAL,8700216962988,174817675,BRAUN,BRAUN Silk·épil 3 3-000 Kablolu Kalıcı Pürüzsüz Cilt Epilatör Pembe,1,120,Retail,1899,1,Braun Shop,3,6297,88,2
1830520750,IT Acc.,KEYBOARD + MOUSE SETS,5099206115422,172385698,LOGITECH,LOGITECH Pebble 2 Multidevice Bluetooth Klavye ve Mouse Set Pembe,4,25,Retail,3572.5,2,Kraft Online,2,6268.2,649,26
1834109009,IT Acc.,KEYBOARD + MOUSE SETS,5099206115422,172385698,LOGITECH,LOGITECH Pebble 2 Multidevice Bluetooth Klavye ve Mouse Set Pembe,4,5,Retail,5043.1,4,Yedigün Bilişim,2,6268.2,649,26
1760906848,IT Acc.,KEYBOARD + MOUSE SETS,5099206115422,172385698,LOGITECH,LOGITECH Pebble 2 Multidevice Bluetooth Klavye ve Mouse Set Pembe,4,25,Retail,3154.9,1,netsiparis,2,6268.2,649,26
1826344149,IT Acc.,KEYBOARD + MOUSE SETS,5099206115422,172385698,LOGITECH,LOGITECH Pebble 2 Multidevice Bluetooth Klavye ve Mouse Set Pembe,4,25,Retail,4428.51,3,Yedigün Bilişim,2,6268.2,649,26
1797893619,CE Acc.,TRUE WIRELESS HEADPHONES,8806092697324,143205862,SAMSUNG,SAMSUNG EO-IA500B SIYAH KI/M Kablolu Kulak Üstü Kulaklık Siyah,1,132,Retail,1249,1,ScHitec,5,5994,1257,29
1763896434,SDA,STEAM IRON,8720389050091,150751067,PHILIPS,PHILIPS 5000 Serisi STH5030/20 Buharlı Dikey Düzleştirici Lacivert,2,10,Retail,4899,2,Dükkan35,1,4891.49,125,4
1792237917,SDA,STEAM IRON,8720389050091,150751067,PHILIPS,PHILIPS 5000 Serisi STH5030/20 Buharlı Dikey Düzleştirici Lacivert,2,1,Retail,4891.49,1,RAST ENTERPRISE,1,4891.49,125,4
1818321481,CE Acc.,CHARGERS,8806094899528,147665723,SAMSUNG,SAMSUNG Type-C (25W) 2023 Vers - EP-T2510 Şarj Adaptörü Siyah,4,1,Retail,1199,3,Başaran Ticaret,8,4600,27,30
1751463719,CE Acc.,CHARGERS,8806094899528,147665723,SAMSUNG,SAMSUNG Type-C (25W) 2023 Vers - EP-T2510 Şarj Adaptörü Siyah,4,9,Retail,575,1,Digitra Türkiye,8,4600,27,30
1789301302,CE Acc.,CHARGERS,8806094899528,147665723,SAMSUNG,SAMSUNG Type-C (25W) 2023 Vers - EP-T2510 Şarj Adaptörü Siyah,4,184,Retail,1249,4,ScHitec,8,4600,27,30
1561403669,CE Acc.,CHARGERS,8806094899528,147665723,SAMSUNG,SAMSUNG Type-C (25W) 2023 Vers - EP-T2510 Şarj Adaptörü Siyah,4,10,Retail,1099,2,Bittibitiyor,8,4600,27,30
1842654818,SDA,STEAM IRON,8710103970934,142503613,PHILIPS,PHILIPS 3000 Serisi STH3020/10 Taşınabilir Buharlı Dikey Ütü Beyaz,3,2,Retail,4355,1,RAST ENTERPRISE,1,4355,500,7
1730456764,SDA,STEAM IRON,8710103970934,142503613,PHILIPS,PHILIPS 3000 Serisi STH3020/10 Taşınabilir Buharlı Dikey Ütü Beyaz,3,1,Retail,4999,3,TAŞARAVM,1,4355,500,7
1844314978,SDA,STEAM IRON,8710103970934,142503613,PHILIPS,PHILIPS 3000 Serisi STH3020/10 Taşınabilir Buharlı Dikey Ütü Beyaz,3,1,Retail,4955,2,BiTechnology,1,4355,500,7
1842258582,Photo,PHOTO FILMS,4549292131369,106706353,CANON,CANON Zink Paper ZP-2030-50'li Baskı Kağıdı,1,30,Retail,2499,1,Nova Fotoğraf,2,4129.8,92,3
1742559743,SDA,COFFEE MAKER,8710103673989,144363683,PHILIPS,PHILIPS HD7461/20 KAHVE MAKINESI Filtre Kahve Makinesi Siyah,3,2,Retail,3879.56,1,RAST ENTERPRISE,1,3890,189,9
1787644140,SDA,COFFEE MAKER,8710103673989,144363683,PHILIPS,PHILIPS HD7461/20 KAHVE MAKINESI Filtre Kahve Makinesi Siyah,3,20,Retail,3899,2,Makroreyon,1,3890,189,9
1731631978,SDA,COFFEE MAKER,8710103673989,144363683,PHILIPS,PHILIPS HD7461/20 KAHVE MAKINESI Filtre Kahve Makinesi Siyah,3,2,Retail,3999,3,TAŞARAVM,1,3890,189,9
1822716504,CE Acc.,TRUE WIRELESS HEADPHONES,4895229117563,95670755,PHILIPS,PHILIPS TAA4216BK/00 BT SIYAH KU/M Kablosuz Bluetooth Kulak Üstü Kulaklık Siyah,1,11,Retail,1699,1,Decide,2,3398,88,11
1843257460,SDA,VENTILATOR,6975061533979,168852688,JISULIFE,JISULIFE Handheld Fan Pro1S  5000mah Taşınabilir Akıllı El Fanı Kahverengi,3,5,Retail,3299,3,NEONBİL,1,3289,68,4
1807680752,SDA,VENTILATOR,6975061533979,168852688,JISULIFE,JISULIFE Handheld Fan Pro1S  5000mah Taşınabilir Akıllı El Fanı Kahverengi,3,24,Retail,3299,2,TEKNOLOM,1,3289,68,4
1841277598,SDA,VENTILATOR,6975061533979,168852688,JISULIFE,JISULIFE Handheld Fan Pro1S  5000mah Taşınabilir Akıllı El Fanı Kahverengi,3,1,Retail,3289,1,BlueGo,1,3289,68,4
1756639652,IT Acc.,CABLES & ADAPTERS,0195950084634,165190432,APPLE,APPLE 20W USB-C Power Adaptörü - MD3J4TU/A Şarj Adaptörü Beyaz,5,7,Retail,1199,2,Koycebine,3,3197,3,111
1751875360,IT Acc.,CABLES & ADAPTERS,0195950084634,165190432,APPLE,APPLE 20W USB-C Power Adaptörü - MD3J4TU/A Şarj Adaptörü Beyaz,5,2,Retail,1410,3,CepHane Teknoloji,3,3197,3,111
1808136405,IT Acc.,CABLES & ADAPTERS,0195950084634,165190432,APPLE,APPLE 20W USB-C Power Adaptörü - MD3J4TU/A Şarj Adaptörü Beyaz,5,25,Retail,1099,1,Aypa Teknoloji,3,3197,3,111
1619546531,IT Acc.,CABLES & ADAPTERS,0195950084634,165190432,APPLE,APPLE 20W USB-C Power Adaptörü - MD3J4TU/A Şarj Adaptörü Beyaz,5,10,Retail,1699,4,Bittibitiyor,3,3197,3,111
1739714557,IT Acc.,CABLES & ADAPTERS,0195950084634,165190432,APPLE,APPLE 20W USB-C Power Adaptörü - MD3J4TU/A Şarj Adaptörü Beyaz,5,10,Retail,1699,5,İZİ TEKNOLOJİ,3,3197,3,111
1805476192,SDA,COFFEE MAKER COUNTRY SPECIFIC (MOKA POT ...),8720389030574,168523277,PHILIPS,PHILIPS 5000 serisi HDA150/61 Türk Kahve Makinesi Siyah-Gri,3,3,Retail,4329,3,Denkel,1,2888,176,14
1731537093,SDA,COFFEE MAKER COUNTRY SPECIFIC (MOKA POT ...),8720389030574,168523277,PHILIPS,PHILIPS 5000 serisi HDA150/61 Türk Kahve Makinesi Siyah-Gri,3,5,Retail,3999,2,TAŞARAVM,1,2888,176,14
1762305651,SDA,COFFEE MAKER COUNTRY SPECIFIC (MOKA POT ...),8720389030574,168523277,PHILIPS,PHILIPS 5000 serisi HDA150/61 Türk Kahve Makinesi Siyah-Gri,3,1,Retail,2968.9,1,Güreller,1,2888,176,14
1760906938,IT Acc.,INK CARTRIDGE & TONER,8715946643380,123477968,EPSON,EPSON T03V14A (101) EcoTank INK 127 ML Kartuş Mürekkep baskı Siyah,3,1,Retail,1178.2,1,netsiparis,2,2531.6,48,7
1836446361,IT Acc.,INK CARTRIDGE & TONER,8715946643380,123477968,EPSON,EPSON T03V14A (101) EcoTank INK 127 ML Kartuş Mürekkep baskı Siyah,3,12,Retail,1978.97,3,Yedigün Bilişim,2,2531.6,48,7
1830520738,IT Acc.,INK CARTRIDGE & TONER,8715946643380,123477968,EPSON,EPSON T03V14A (101) EcoTank INK 127 ML Kartuş Mürekkep baskı Siyah,3,1,Retail,1284,2,Kraft Online,2,2531.6,48,7
1575471152,Others,MOUNTS & STANDS,0759618326117,162745681,NB NORTH BAYOU,"NB NORTH BAYOU Ergonomic NB F160 17-27"" Çift Kol 2-9 KG Amortisörlü Monitör Askı Aparatı",1,99,Retail,2299,1,Bizbiz-E,1,2299,240,10
1841276211,IT Acc.,USB STICK,0740617326383,108859835,KINGSTON,KINGSTON Gen 1 Datatraveler Exodia M USB 3.1 256 GB USB Bellek,3,20,Retail,2565.95,3,Yedigün Bilişim,1,2020.42,33,1
1846353724,IT Acc.,USB STICK,0740617326383,108859835,KINGSTON,KINGSTON Gen 1 Datatraveler Exodia M USB 3.1 256 GB USB Bellek,3,100,Retail,1999,1,Teknomevo,1,2020.42,33,1
1770234480,IT Acc.,USB STICK,0740617326383,108859835,KINGSTON,KINGSTON Gen 1 Datatraveler Exodia M USB 3.1 256 GB USB Bellek,3,25,Retail,2056.18,2,UzmanlarPC,1,2020.42,33,1
1843219607,SDA,VENTILATOR,6975061532583,176064932,JISULIFE,JISULIFE Handheld Life 7 5000 mAh El Fanı Gri,3,20,Retail,1999,2,NEONBİL,1,1999,48,7
1841278604,SDA,VENTILATOR,6975061532583,176064932,JISULIFE,JISULIFE Handheld Life 7 5000 mAh El Fanı Gri,3,1,Retail,2399,3,BlueGo,1,1999,48,7
1816837831,SDA,VENTILATOR,6975061532583,176064932,JISULIFE,JISULIFE Handheld Life 7 5000 mAh El Fanı Gri,3,99,Retail,1999,1,TEKNOLOM,1,1999,48,7
1760900735,IT Acc.,INK CARTRIDGE & TONER,8715946643410,123478150,EPSON,EPSON C13T03V44A Mürekkep baskı Sarı,3,9,Retail,670.2,1,netsiparis,2,1360.5,171,16
1830520676,IT Acc.,INK CARTRIDGE & TONER,8715946643410,123478150,EPSON,EPSON C13T03V44A Mürekkep baskı Sarı,3,9,Retail,696.2,2,Kraft Online,2,1360.5,171,16
1836446359,IT Acc.,INK CARTRIDGE & TONER,8715946643410,123478150,EPSON,EPSON C13T03V44A Mürekkep baskı Sarı,3,20,Retail,1302.04,3,Yedigün Bilişim,2,1360.5,171,16
1699682433,SDA,SHAVER,8720689013178,144407956,PHILIPS,PHILIPS QP2724/10 Oneblade Yüz Şekillendirici Yeşil,3,1,Retail,2660.67,3,TAŞARAVM,1,1299,15,15
1734196359,SDA,SHAVER,8720689013178,144407956,PHILIPS,PHILIPS QP2724/10 Oneblade Yüz Şekillendirici Yeşil,3,7,Retail,1999,2,Kavastech,1,1299,15,15
1727038036,SDA,SHAVER,8720689013178,144407956,PHILIPS,PHILIPS QP2724/10 Oneblade Yüz Şekillendirici Yeşil,3,8,Retail,1299,1,ONETRADE,1,1299,15,15
1842990218,SDA,SHAVER,8006530216098,181199548,BRAUN,BRAUN EN20 SkinGentle Cep Boyutu Çift Bıçak Kulak ve Burun Düzeltici Siyah,1,196,Retail,1199,1,Braun Shop,1,1199,50,8
1565454468,IT Acc.,TABLET STANDS & MOUNTS,6943223112966,162143602,DAYTONA,DAYTONA Nb North Bayou F80-G 17-30 inç Antrasit,1,999,Retail,1099,1,Bizbiz-E,1,1099,7,7
1842290326,Photo,PHOTO BAGS,4547410523720,137637306,FUJIFILM,FUJIFILM Instax Pal Design Silikon Fotoğraf Makinesi Kılıfı,1,53,Retail,899,1,Desibela,,899,1,1
1840015056,IT Acc.,KEYBOARD,5099206020887,171643806,LOGITECH,LOGITECH K120 USB Kablolu Klavye Siyah,5,69,Retail,796.2,1,Kraft Online,1,789.2,181,9
1770237079,IT Acc.,KEYBOARD,5099206020887,171643806,LOGITECH,LOGITECH K120 USB Kablolu Klavye Siyah,5,20,Retail,1050.47,2,UzmanlarPC,1,789.2,181,9
1828566631,IT Acc.,KEYBOARD,5099206020887,171643806,LOGITECH,LOGITECH K120 USB Kablolu Klavye Siyah,5,20,Retail,1309.92,3,Yedigün Bilişim,1,789.2,181,9
1834098903,IT Acc.,KEYBOARD,5099206020887,171643806,LOGITECH,LOGITECH K120 USB Kablolu Klavye Siyah,5,20,Retail,1318.64,5,Yedigün Bilişim,1,789.2,181,9
1826349620,IT Acc.,KEYBOARD,5099206020887,171643806,LOGITECH,LOGITECH K120 USB Kablolu Klavye Siyah,5,25,Retail,1309.92,4,Yedigün Bilişim,1,789.2,181,9
1831698296,CE Acc.,HDMI CABLE,6957303811076,173698652,UGREEN,UGREEN UHD 4K Yüksek Hızlı 2 m Ethernet ve Hdmi Kablosu Siyah,1,44,Retail,291.16,1,Decide,1,291.16,0,6
1760900849,IT Acc.,MOUSE,4058154125274,153344959,LOGITECH,LOGITECH M330 Silent Plus Kablosuz Mouse Kırmızı,5,1,Retail,1183.2,1,netsiparis,,0,0,0
1828827594,IT Acc.,MEMORY CARD,0619659188566,99891835,SANDISK,SANDISK Extreme Pro UHS-I microSDXC 512 GB Hafıza Kartı,1,20,Retail,15073.85,1,Yedigün Bilişim,,0,0,0
1826278877,IT Acc.,USB STICK,0619659069193,95677039,SANDISK,SANDISK SDCZ50 032G B35 Cruzer Blade USB 2.0 32 GB USB Bellek,1,20,Retail,924.59,1,Yedigün Bilişim,,0,,
1826278814,IT Acc.,USB STICK,0619659142063,95676804,SANDISK,SANDISK SDDDC2-G46 Ultra Dual Drive 150MB/s Type-C USB 3.1 128 GB Harici Flash Bellek,1,20,Retail,2685.82,1,Yedigün Bilişim,,0,0,0
1770236940,IT Acc.,HARD DISK (EXTERNAL),0718037869469,94032191,WD,"WD WDBYVG0010BBK My Passport USB 3.2 2.5"" 1 TB Harici Hard Disk Siyah",1,20,Retail,7180.84,1,UzmanlarPC,,0,0,0
1820464365,SDA,ACCESSORIES AIR TREATMENT,6934177745430,99474961,XIAOMI,XIAOMI Smart Air Purifier 4 Hava Temizleyici Filtresi,1,9,Retail,2344.73,1,YeniseY,,0,11,0
1834243075,SDA,AIR PURIFIER,6934177751158,181109857,XIAOMI,XIAOMI Smart Air Purifier 4 Lite Akıllı Hava Temizleyici Beyaz,2,10,Retail,9399,2,Bittibitiyor,,0,0,0
1836518870,SDA,AIR PURIFIER,6934177751158,181109857,XIAOMI,XIAOMI Smart Air Purifier 4 Lite Akıllı Hava Temizleyici Beyaz,2,1,Retail,9339,1,BiTechnology,,0,0,0
1555893896,SDA,AIR PURIFIER,4008928323665,95550717,XIAOMI,XIAOMI Smart Air Purifier 4 Pro Akıllı Hava Temizleme Cihazı Beyaz,1,22,Retail,17999,1,BiTechnology,,0,0,0
1803708132,SDA,VENTILATOR,8690842575839,174658420,ALTUS,ALTUS AL 16 Ayaklı Vantilatör Beyaz,1,2,Retail,3144,1,RAST ENTERPRISE,,0,0,0
1810954542,SDA,VENTILATOR,8693184919033,174658419,ARZUM,ARZUM AR072 Windream Neo Uzaktan Kumandalı Ayaklı Vantilatör Siyah,2,2,Retail,3489,1,RAST ENTERPRISE,,0,,
1813426479,SDA,VENTILATOR,8693184919033,174658419,ARZUM,ARZUM AR072 Windream Neo Uzaktan Kumandalı Ayaklı Vantilatör Siyah,2,2,Retail,4999.99,2,Elektrotoptan,,0,,
1828856814,Smart Home,SMART HOME IP CAMERAS,4897098687031,126323079,TP-LINK,TP-LINK Tapo C320WS 150Mbps(802.11n) Akıllı Ev Ip Kamerası Beyaz,3,5,Retail,2499,2,Lucky Trend,,0,0,0
1842593438,SDA,AIR CONDITIONING,4573535556022,183062943,DAYLUX,DAYLUX DTXP35A Inverter A++ Enerji Sınıfı 12000 BTU/h Duvar Tipi Klima Beyaz,1,29,Retail,31999,1,Galeri Beyaz,,0,,
1829177749,SDA,VENTILATOR,5025155115398,174789090,DYSON,DYSON Cool CF1 Fan Beyaz,1,3,Retail,14999,1,HerşeyVar,,0,2,2
1846300239,SDA,AIR CONDITIONING,6932063808986,183753489,FUJIPLUS,FUJIPLUS Sakura Duvar Tipi A++ Enerji Sınıfı 12000 BTU/h İnverter Klima Beyaz,1,50,Retail,24899,1,Fırsatbizden,,0,,
1803685403,SDA,VENTILATOR,8684564652633,174658432,GREE,GREE Fandesk Masaüstü Vantilatör Mavi,1,2,Retail,3999,1,RAST ENTERPRISE,,0,0,0
1834700280,IT Acc.,MEMORY CARD,0619659188528,99891888,SANDISK,SANDISK Extreme Pro UHS-I microSDXC 128 GB Hafıza Kartı,1,20,Retail,3498,1,Titanyum AVM,,0,1,6
1770236617,IT Acc.,MEMORY CARD,0619659188573,99891838,SANDISK,SANDISK Extreme Pro UHS-I 200 MB/s Okum 90 MB/s Yazma microSDXC 64 GB Hafıza Kartı,2,20,Retail,2562.93,1,UzmanlarPC,,0,0,1
1828859988,IT Acc.,MEMORY CARD,0619659188573,99891838,SANDISK,SANDISK Extreme Pro UHS-I 200 MB/s Okum 90 MB/s Yazma microSDXC 64 GB Hafıza Kartı,2,6,Retail,3036.96,2,Yedigün Bilişim,,0,0,1
1816837903,SDA,VENTILATOR,6975061532576,176064933,JISULIFE,JISULIFE Handheld Life 7 5000 mAh El Fanı Pembe,3,20,Retail,1999,1,TEKNOLOM,,0,44,0
1843220170,SDA,VENTILATOR,6975061532576,176064933,JISULIFE,JISULIFE Handheld Life 7 5000 mAh El Fanı Pembe,3,10,Retail,1999,2,NEONBİL,,0,44,0
1841278556,SDA,VENTILATOR,6975061532576,176064933,JISULIFE,JISULIFE Handheld Life 7 5000 mAh El Fanı Pembe,3,1,Retail,2399,3,BlueGo,,0,44,0
1846238688,CE Acc.,POWER STRIP,0745883888320,180518964,BELKIN,BELKIN SRB001 USB-C 4X Akım Korumalı Priz 2 m,1,13,Retail,3000,1,Lucky Trend,,0,,
1826595543,CE Acc.,POWER STRIP,8680096147548,180013557,S-LINK,S-LINK PRZ03 Prizhive 3M 630 JOULE 1.5 mm 2 USB 2 T,1,144,Retail,2250,1,Poltech,,0,0,0
1760900959,IT Acc.,USB HUBS,6935364094553,95678045,TP-LINK,TP-LINK UE330 USB3.0 Gigabit Ağ Adaptörü,3,20,Retail,1622.4,1,netsiparis,,0,0,0
1839994445,IT Acc.,USB HUBS,6935364094553,95678045,TP-LINK,TP-LINK UE330 USB3.0 Gigabit Ağ Adaptörü,3,20,Retail,1798.4,2,Kraft Online,,0,0,0
1770234566,IT Acc.,USB HUBS,6935364094553,95678045,TP-LINK,TP-LINK UE330 USB3.0 Gigabit Ağ Adaptörü,3,5,Retail,2005.91,3,UzmanlarPC,,0,0,0
1828880490,IT Acc.,WLAN ADAPTER & CARDS,6935364072599,92890400,TP-LINK,TP-LINK USB Type-C to RJ45 Gigabit Ethernet Dönüştürücü Beyaz,2,25,Retail,1658.09,2,Yedigün Bilişim,,0,0,0
1770236783,IT Acc.,WLAN ADAPTER & CARDS,6935364072599,92890400,TP-LINK,TP-LINK USB Type-C to RJ45 Gigabit Ethernet Dönüştürücü Beyaz,2,20,Retail,1241.43,1,UzmanlarPC,,0,0,0
1801762221,IT Acc.,USB HUBS,6957303865154,90865341,UGREEN,UGREEN 7'si 1 Arada 4K HDMI USB Hub Çoklayıcı,1,32,Retail,2201,1,Decide,,0,0,0
1829469612,CE Acc.,NETWORK CABLE,6957303884339,90324092,UGREEN,UGREEN 80433 Cat8 25Gbps 2000Mhz Örgülü 5 m Ethernet Kablosu,1,6,Retail,799,1,Decide,,0,0,0
1846617926,Household,DRINKWARE,6939236347914,174669045,STANLEY,STANLEY 10-08265-002 Klasik Vakumlu 1.4 Litre Paslanmaz Çelik Termos,2,29,Retail,3699,1,Makroreyon,,0,0,0
1784982999,Household,DRINKWARE,6939236347914,174669045,STANLEY,STANLEY 10-08265-002 Klasik Vakumlu 1.4 Litre Paslanmaz Çelik Termos,2,4,Retail,4099,2,Premiumsepet,,0,0,0
1784678936,Household,DRINKWARE,1210001965201,174667986,STANLEY,STANLEY 10-08265-028 Klasik Vakumlu 1.4 Litre Paslanmaz Çelik Termos,1,16,Retail,3799,1,Makroreyon,,0,0,0
1784678816,Household,DRINKWARE,6939236429818,174669447,STANLEY,STANLEY 10-08266-058 Klasik Vakumlu 1 Litre Paslanmaz Çelik Termos,1,20,Retail,3699,1,Makroreyon,,0,0,0
1788944204,Household,DRINKWARE,1210001997394,174889413,STANLEY,STANLEY 1011673159 Quencher H2.O FlowState Tumbler 1.18 l Twilight Pipetli Paslanmaz Çelik Termos,1,37,Retail,3699,1,Makroreyon,,0,0,0
1788944215,Household,DRINKWARE,1210001997417,174889473,STANLEY,STANLEY 1011673161 Quencher H2.O FlowState Tumbler 1.18 l Dried Pine Pipetli Paslanmaz Çelik Termos,1,15,Retail,3699,1,Makroreyon,,0,0,0
1784217455,Household,DRINKWARE,1200185003530,174722268,STANLEY,STANLEY Adventure To-Go 0.75 L Paslanmaz Çelik Termos,1,6,Retail,2569,1,Premiumsepet,,0,0,0
1832756012,CE Acc.,TRUE WIRELESS HEADPHONES,8806090270031,152179759,SAMSUNG,SAMSUNG SAMSUNG EO IC100B TYPE C BEYAZ KI/M Kablolu Kablolu Kulak İçi Kulaklık Beyaz,1,7,Retail,1351,1,Lucky Trend,,0,0,0
1828856926,IT Acc.,WLAN ROUTER,6957939001995,146207789,MERCUSYS,MERCUSYS Mercusys MB110-4G 300 Mbps Kablosuz N 4G LTE Kablosuz / Kablolu 2 Port 300 Mbit/s MIMO Router,4,1,Retail,2500,2,Lucky Trend,,0,0,0
1784303965,Household,DRINKWARE,1210001905641,174728471,STANLEY,STANLEY The All Day Slim 0.60 lt Soğuk Su Plastik Termos,1,5,Retail,1999,1,Premiumsepet,,0,0,0
1827621454,Household,DRINKWARE,1200185023361,180190912,STANLEY,STANLEY The Cafe To-Go Travel Mug 0.47 l Karışık malzeme Termos,1,4,Retail,2599,1,Premiumsepet,,0,0,0
1827621450,Household,DRINKWARE,1200185023354,180181396,STANLEY,STANLEY The Cafe To-Go Travel Mug 0.47 l Paslanmaz Çelik Termos,1,7,Retail,2149,1,Premiumsepet,,0,0,0
1828856925,IT Acc.,SWITCHES,6935364072582,133570107,MERCUSYS,MERCUSYS MS105 10/100Mbps 5 Switch Beyaz,4,2,Retail,500,1,Lucky Trend,,0,0,0
1826414891,Household,DRINKWARE,1200185024320,175887372,STANLEY,STANLEY The IceFlow Bottle Flip Straw 2.0 0.7 l Paslanmaz Çelik Termos,1,5,Retail,2199,1,Premiumsepet,,0,,
1788940959,Household,DRINKWARE,1210001906082,174869679,STANLEY,STANLEY The IceFlow Flip Straw 2.0 1.1 l Azure Pipetli Paslanmaz Çelik Termos,1,1,Retail,3399,1,Makroreyon,,0,0,0
1785620818,Household,DRINKWARE,1200185000966,174715499,STANLEY,STANLEY The IceFlow Flip Straw 2.0 Pipetli 0.47 l Paslanmaz Çelik Termos,2,3,Retail,2599,2,Premiumsepet,,0,0,1
1785619391,Household,DRINKWARE,1200185000973,174715505,STANLEY,STANLEY The IceFlow Flip Straw 2.0 Pipetli 0.47 l Paslanmaz Çelik Termos,1,11,Retail,1999,1,Premiumsepet,,0,0,0
1785620617,Household,DRINKWARE,1200185000966,174715499,STANLEY,STANLEY The IceFlow Flip Straw 2.0 Pipetli 0.47 l Paslanmaz Çelik Termos,2,4,Retail,2299,1,Premiumsepet,,0,0,1
1828856813,IT Acc.,WLAN ROUTER,6957939001285,151111815,MERCUSYS,MERCUSYS Halo H60X AX1500 Wi-Fi 6 2'li 5 Port 300 Mbit/s MIMO Mesh Sistemi,1,15,Retail,2999,1,Lucky Trend,,0,0,0
1786819757,Household,DRINKWARE,1210001906617,174869662,STANLEY,STANLEY The Transit Fliptop  0.47 l Ash Paslanmaz Çelik Termos,1,9,Retail,2049,1,Premiumsepet,,0,0,0
1786819750,Household,DRINKWARE,1210001906563,174869652,STANLEY,STANLEY The Transit Fliptop  0.59 l Ash Paslanmaz Çelik Termos,1,8,Retail,2269,1,Premiumsepet,,0,0,1
1786819741,Household,DRINKWARE,1210001900547,174869649,STANLEY,STANLEY The Transit Fliptop  0.59 l Blue Sky Paslanmaz Çelik Termos,1,3,Retail,2249,1,Premiumsepet,,0,0,0
1827621451,Household,DRINKWARE,1210001906716,180181400,STANLEY,STANLEY The Transit Fliptop Mug 0.35 l Paslanmaz Çelik Termos,1,18,Retail,1699,1,Premiumsepet,,0,0,0
1801030944,Household,DRINKWARE,1210001906624,176014162,STANLEY,STANLEY The Transit Fliptop Mug 0.47 l Cream Gloss Paslanmaz Çelik Termos,1,12,Retail,2049,1,Premiumsepet,,0,0,0
1841969271,Hi-Fi,PORTABLE SPEAKER,1200130009709,142594161,JBL,JBL Partybox Club120 Bluetooth Hoparlör Siyah,1,254,Retail,29999,1,Lucky Trend,,0,0,0
1785587048,Household,DRINKWARE,1210001906693,174722245,STANLEY,STANLEY Transit Fliptop 0.47 L Paslanmaz Çelik Termos,2,12,Retail,2299,2,Premiumsepet,,0,0,0
1785587049,Household,DRINKWARE,1210001906693,174722245,STANLEY,STANLEY Transit Fliptop 0.47 L Paslanmaz Çelik Termos,2,10,Retail,1989,1,Premiumsepet,,0,0,0
1751908403,Smart Home,SMART HOME LIGHTS,6974316992684,145833378,GOVEE,"GOVEE Envisual T2 55-65"" TV Arkası Bluetooth Akıllı Ev Aydınlatması",1,14,Retail,8999,1,Lucky Trend,,0,0,0
1749894931,CE Acc.,TRUE WIRELESS HEADPHONES,6925281987267,96545385,JBL,JBL TUNE 510BT MULTI CONNECT SIYAH KU M Kablosuz Kulak Üstü Kulaklık Siyah,1,2,Retail,2199,1,Mobiloom,,0,0,0
1760902001,CE Acc.,TRUE WIRELESS HEADPHONES,5099206082410,95323666,LOGITECH,LOGITECH G G432 7.1 SURROUND SES OYUNCU KULAKLIGI Kablolu Gaming Kulaklık Siyah,3,7,Retail,4584.9,2,netsiparis,,0,0,0
1830520844,CE Acc.,TRUE WIRELESS HEADPHONES,5099206082410,95323666,LOGITECH,LOGITECH G G432 7.1 SURROUND SES OYUNCU KULAKLIGI Kablolu Gaming Kulaklık Siyah,3,7,Retail,5228.6,3,Kraft Online,,0,0,0
1596717833,CE Acc.,TRUE WIRELESS HEADPHONES,5099206082410,95323666,LOGITECH,LOGITECH G G432 7.1 SURROUND SES OYUNCU KULAKLIGI Kablolu Gaming Kulaklık Siyah,3,5,Retail,3359,1,BETA PLUS TEKNOLOJİ,,0,0,0
1830520910,CE Acc.,TRUE WIRELESS HEADPHONES,2112015030236,95305426,LOGITECH,LOGITECH H110 Stereo Mikrofonlu Kablolu Kulak Üstü Kulaklık Gri/Siyah,5,5,Retail,1020,2,Kraft Online,,0,12,0
1832129140,CE Acc.,TRUE WIRELESS HEADPHONES,2112015030236,95305426,LOGITECH,LOGITECH H110 Stereo Mikrofonlu Kablolu Kulak Üstü Kulaklık Gri/Siyah,5,5,Retail,1484.37,4,Yedigün Bilişim,,0,12,0
1770236579,CE Acc.,TRUE WIRELESS HEADPHONES,2112015030236,95305426,LOGITECH,LOGITECH H110 Stereo Mikrofonlu Kablolu Kulak Üstü Kulaklık Gri/Siyah,5,20,Retail,1153.57,3,UzmanlarPC,,0,12,0
1760906982,CE Acc.,TRUE WIRELESS HEADPHONES,2112015030236,95305426,LOGITECH,LOGITECH H110 Stereo Mikrofonlu Kablolu Kulak Üstü Kulaklık Gri/Siyah,5,5,Retail,950.2,1,netsiparis,,0,12,0
1834098900,CE Acc.,TRUE WIRELESS HEADPHONES,2112015030236,95305426,LOGITECH,LOGITECH H110 Stereo Mikrofonlu Kablolu Kulak Üstü Kulaklık Gri/Siyah,5,17,Retail,1498.18,5,Yedigün Bilişim,,0,12,0
1832129139,CE Acc.,TRUE WIRELESS HEADPHONES,5099206038844,95305433,LOGITECH,LOGITECH H340 USB Mikrofonlu Kablolu Kulak Üstü Kulaklık Siyah,6,20,Retail,2670.61,4,Yedigün Bilişim,,0,0,0
1760901017,CE Acc.,TRUE WIRELESS HEADPHONES,5099206038844,95305433,LOGITECH,LOGITECH H340 USB Mikrofonlu Kablolu Kulak Üstü Kulaklık Siyah,6,25,Retail,1837.1,2,netsiparis,,0,0,0
1841950557,CE Acc.,TRUE WIRELESS HEADPHONES,5099206038844,95305433,LOGITECH,LOGITECH H340 USB Mikrofonlu Kablolu Kulak Üstü Kulaklık Siyah,6,20,Retail,2775.28,6,Yedigün Bilişim,,0,0,0
1838149669,CE Acc.,TRUE WIRELESS HEADPHONES,5099206038844,95305433,LOGITECH,LOGITECH H340 USB Mikrofonlu Kablolu Kulak Üstü Kulaklık Siyah,6,25,Retail,2046.6,3,Kraft Online,,0,0,0
1836449336,CE Acc.,TRUE WIRELESS HEADPHONES,5099206038844,95305433,LOGITECH,LOGITECH H340 USB Mikrofonlu Kablolu Kulak Üstü Kulaklık Siyah,6,25,Retail,2670.61,5,Yedigün Bilişim,,0,0,0
1821793283,CE Acc.,TRUE WIRELESS HEADPHONES,5099206038844,95305433,LOGITECH,LOGITECH H340 USB Mikrofonlu Kablolu Kulak Üstü Kulaklık Siyah,6,2,Retail,1699,1,TNG Bilişim,,0,0,0
1828564418,CE Acc.,TRUE WIRELESS HEADPHONES,5099206030015,94003125,LOGITECH,LOGITECH H390 USB Mikrofonlu Kablolu Kulak Üstü Kulaklık Siyah,4,20,Retail,3167.79,3,Yedigün Bilişim,,0,0,0
1830520670,CE Acc.,TRUE WIRELESS HEADPHONES,5099206030015,94003125,LOGITECH,LOGITECH H390 USB Mikrofonlu Kablolu Kulak Üstü Kulaklık Siyah,4,25,Retail,2476.8,2,Kraft Online,,0,0,0
1760900979,CE Acc.,TRUE WIRELESS HEADPHONES,5099206030015,94003125,LOGITECH,LOGITECH H390 USB Mikrofonlu Kablolu Kulak Üstü Kulaklık Siyah,4,25,Retail,2208.2,1,netsiparis,,0,0,0
1826349181,CE Acc.,TRUE WIRELESS HEADPHONES,5099206030015,94003125,LOGITECH,LOGITECH H390 USB Mikrofonlu Kablolu Kulak Üstü Kulaklık Siyah,4,25,Retail,3215.79,4,Yedigün Bilişim,,0,0,0
1830527633,CE Acc.,TRUE WIRELESS HEADPHONES,1032015030009,95116998,LOGITECH,LOGITECH H540 USB Gürültü Önleyici Mikrofonlu Kablolu Kulak Üstü Kulaklık Siyah,8,50,Retail,2817.1,3,Kraft Online,,0,0,0
1770237025,CE Acc.,TRUE WIRELESS HEADPHONES,1032015030009,95116998,LOGITECH,LOGITECH H540 USB Gürültü Önleyici Mikrofonlu Kablolu Kulak Üstü Kulaklık Siyah,8,20,Retail,3201.61,4,UzmanlarPC,,0,0,0
1830520787,CE Acc.,TRUE WIRELESS HEADPHONES,1032015030009,95116998,LOGITECH,LOGITECH H540 USB Gürültü Önleyici Mikrofonlu Kablolu Kulak Üstü Kulaklık Siyah,8,20,Retail,8603.5,8,Kraft Online,,0,0,0
1836452153,CE Acc.,TRUE WIRELESS HEADPHONES,1032015030009,95116998,LOGITECH,LOGITECH H540 USB Gürültü Önleyici Mikrofonlu Kablolu Kulak Üstü Kulaklık Siyah,8,13,Retail,3821.97,7,Yedigün Bilişim,,0,0,0
1760902740,CE Acc.,TRUE WIRELESS HEADPHONES,1032015030009,95116998,LOGITECH,LOGITECH H540 USB Gürültü Önleyici Mikrofonlu Kablolu Kulak Üstü Kulaklık Siyah,8,50,Retail,2502.5,2,netsiparis,,0,0,0
1828849226,CE Acc.,TRUE WIRELESS HEADPHONES,1032015030009,95116998,LOGITECH,LOGITECH H540 USB Gürültü Önleyici Mikrofonlu Kablolu Kulak Üstü Kulaklık Siyah,8,20,Retail,3726.02,5,Yedigün Bilişim,,0,0,0
1821437530,CE Acc.,TRUE WIRELESS HEADPHONES,1032015030009,95116998,LOGITECH,LOGITECH H540 USB Gürültü Önleyici Mikrofonlu Kablolu Kulak Üstü Kulaklık Siyah,8,81,Retail,2399,1,TNG Bilişim,,0,0,0
1836449332,CE Acc.,TRUE WIRELESS HEADPHONES,1032015030009,95116998,LOGITECH,LOGITECH H540 USB Gürültü Önleyici Mikrofonlu Kablolu Kulak Üstü Kulaklık Siyah,8,10,Retail,3787.08,6,Yedigün Bilişim,,0,0,0
1828859501,IT Acc.,HARD DISK (EXTERNAL),0619659182557,92468267,SANDISK,SANDISK Extreme 1050MB/sn V2  SDSSDE61-1T00-G25 1 TB Taşınabilir Harici Hard Disk Lacivert,2,20,Retail,15248.3,2,Yedigün Bilişim,,0,80,2
1836905965,CE Acc.,TRUE WIRELESS HEADPHONES,4895229170407,181647798,PHILIPS,PHILIPS TAT1149BK/00 Mikrofonlu Bluetooth True Wireless Kulak İçi Kulaklık Siyah,1,71,Retail,1699,1,Decide,,0,0,0
1839706237,CE Acc.,TRUE WIRELESS HEADPHONES,4895229170414,181647799,PHILIPS,"PHILIPS TAT1149WT/00 Bluetooth 5.4, IPX4, 24 Saat Pil True Wireless Kulak İçi Kulaklık Beyaz",1,120,Retail,1499,1,Decide,,0,0,1
1596782227,CE Acc.,TRUE WIRELESS HEADPHONES,8886419378082,95324428,RAZER,RAZER HDS KRAKEN X LITE OYUNCU KULAKLIĠI RZ04-02950100-R Kablolu Gaming Kulaklık Siyah,1,2,Retail,3679,1,BETA PLUS TEKNOLOJİ,,0,0,0
1799956777,CE Acc.,TRUE WIRELESS HEADPHONES,8806097998020,175614189,SAMSUNG,SAMSUNG Galaxy Buds4 Bluetooth ANC Kablosuz Kulak İçi Kulaklık Beyaz,2,26,Retail,9458.9,2,Güreller,,0,0,0
1831690291,CE Acc.,TRUE WIRELESS HEADPHONES,8806097998020,175614189,SAMSUNG,SAMSUNG Galaxy Buds4 Bluetooth ANC Kablosuz Kulak İçi Kulaklık Beyaz,2,1,Retail,8899,1,KEA Ev Aletleri,,0,0,0
1823900484,CE Acc.,TRUE WIRELESS HEADPHONES,4044155245110,95306617,SENNHEISER,SENNHEISER HD 400S SIYAH KU /M Kablolu Kablolu Kulak Üstü Kulaklık Siyah,2,1,Retail,5999,1,Aypa Teknoloji,,0,1,1
1820549893,CE Acc.,TRUE WIRELESS HEADPHONES,4044155245110,95306617,SENNHEISER,SENNHEISER HD 400S SIYAH KU /M Kablolu Kablolu Kulak Üstü Kulaklık Siyah,2,1,Retail,9999,2,Göksu Teknoloji,,0,1,1
1799494804,CE Acc.,TRUE WIRELESS HEADPHONES,0615104340961,95324085,SENNHEISER,SENNHEISER HD 450 BT SIYAH KU /M Kablosuz Bluetooth Kulak Üstü Kulaklık Siyah,1,22,Retail,9299,1,BETA PLUS TEKNOLOJİ,,0,0,0
1842030836,CE Acc.,TRUE WIRELESS HEADPHONES,6941876263868,182883063,UGREEN,"UGREEN LightBuds Magic Aktif Gürültü Engelleyici Ekranlı , 30 Saat Çalma Süresi, 6 Mikrofon, ANC Kablosuz Kulak İçi Kulaklık Beyaz",1,5,Retail,6999,1,Decide,,0,0,0
1830370566,CE Acc.,TRUE WIRELESS HEADPHONES,6932172626037,127817950,BASEUS,BASEUS D05 BLUETOOTH HEADPHONE-GRI Kablolu ve Kablosuz Bluetooth Kulak Üstü Kulaklık Gri,1,62,Retail,1749,1,Lucky Trend,,0,0,0
1825145389,IT Acc.,WLAN ROUTER,4895252500875,136794465,TP-LINK,TP-LINK TP-Link Archer AX12 AX1500 Mbps Fiber Destekli 4 Gigabit LAN Portları PA3 Gigabit Dual-Band Wi-Fi 6 Kablosuz 4 Port 1501 Mbit/s MU-MIMO Router,3,99,Retail,1999,2,Teknorya,,0,0,0
1836418684,IT HW,MONITOR,4711636274623,176860700,ASUS,"ASUS ROG Swift PG32UCDM3 OLED 31,5 inç 4K UHD 0,03 ms 60 Hz Gaming Monitör Siyah",2,18,Retail,80619,1,BETA PLUS TEKNOLOJİ,,0,0,0
1842330299,IT HW,MONITOR,4711636274623,176860700,ASUS,"ASUS ROG Swift PG32UCDM3 OLED 31,5 inç 4K UHD 0,03 ms 60 Hz Gaming Monitör Siyah",2,16,Retail,88094.5,2,netsiparis,,0,0,0
1845564370,IT HW,MONITOR,8806097732457,179293643,SAMSUNG,"SAMSUNG LS27FG500SUXUF G5 OLED 27 inç QHD 0,03 ms 180 Hz Gaming Monitör Siyah",3,24,Retail,19999,1,Hepsiphone,,0,0,0
1821426261,IT HW,MONITOR,8806097732457,179293643,SAMSUNG,"SAMSUNG LS27FG500SUXUF G5 OLED 27 inç QHD 0,03 ms 180 Hz Gaming Monitör Siyah",3,2,Retail,20990,3,Güreller,,0,0,0
1824546290,IT HW,MONITOR,8806097732457,179293643,SAMSUNG,"SAMSUNG LS27FG500SUXUF G5 OLED 27 inç QHD 0,03 ms 180 Hz Gaming Monitör Siyah",3,5,Retail,20199,2,Smartevim,,0,0,0
1845505331,IT HW,MONITOR,8806097692188,175268237,SAMSUNG,SAMSUNG LS27FG702EUXUF G7 IPS 180Hz 360Hz 27 inç 4K UHD 1 ms Monitör Siyah,1,20,Retail,21599,1,Güreller,,0,,
1839290744,SDA,KITCHEN MACHINE,4036957503376,98944191,BOSCH,BOSCH MCM3501M 800 W Mutfak Robotu Siyah,2,5,Retail,11999,1,BiTechnology,,0,39,1
1782977916,SDA,KITCHEN MACHINE,4036957503376,98944191,BOSCH,BOSCH MCM3501M 800 W Mutfak Robotu Siyah,2,1,Retail,13189,2,Güreller,,0,39,1
1782977432,SDA,HAND MIXER & HAND BLENDER,4242005340552,98985010,BOSCH,BOSCH MSM4B610 1000 W El Blenderı Siyah,1,1,Retail,4948.9,1,Güreller,,0,0,0
1820093013,SDA,CONTACT GRILL,4242005238675,94734690,BOSCH,BOSCH TCG4104 Tost Makinesi Kırmızı,3,4,Retail,9000,3,Tozkoparanas,,0,0,0
1783348772,SDA,CONTACT GRILL,4242005238675,94734690,BOSCH,BOSCH TCG4104 Tost Makinesi Kırmızı,3,1,Retail,8248.9,2,Güreller,,0,0,0
1792444381,SDA,CONTACT GRILL,4242005238675,94734690,BOSCH,BOSCH TCG4104 Tost Makinesi Kırmızı,3,2,Retail,4990,1,RAST ENTERPRISE,,0,0,0
1792078679,SDA,WAFFLE IRON/SANDWICH MAKER / CREPES,4242005238699,98857074,BOSCH,BOSCH TCG4215 Tost Makinesi Gümüş,2,1,Retail,9898.9,1,Güreller,,0,0,1
1820092616,SDA,WAFFLE IRON/SANDWICH MAKER / CREPES,4242005238699,98857074,BOSCH,BOSCH TCG4215 Tost Makinesi Gümüş,2,5,Retail,10000,2,Tozkoparanas,,0,0,1
1760821827,IT Acc.,HARD DISK (EXTERNAL),0619659182557,92468267,SANDISK,SANDISK Extreme 1050MB/sn V2  SDSSDE61-1T00-G25 1 TB Taşınabilir Harici Hard Disk Lacivert,2,369,Retail,10499,1,GpnTeknoloji,,0,80,2
1846716229,Household,PRESSURE COOKERS,4009209426204,176063954,FISSLER,FISSLER Vitaquick Elemental 6 l Düdüklü Tencere Gümüş,1,240,Retail,12799,1,Premiumsepet,,0,0,0
1840932276,SDA,TOASTER,8710103800378,94711145,PHILIPS,PHILIPS HD2581/90 Ekmek Kızartma Makinesi Siyah,6,5,Retail,1909,2,Airyshop,,0,0,0
1727075680,SDA,TOASTER,8710103800378,94711145,PHILIPS,PHILIPS HD2581/90 Ekmek Kızartma Makinesi Siyah,6,1,Retail,3799,5,ONETRADE,,0,0,0
1828883443,SDA,TOASTER,8710103800378,94711145,PHILIPS,PHILIPS HD2581/90 Ekmek Kızartma Makinesi Siyah,6,1,Retail,2666,4,RAST ENTERPRISE,,0,0,0
1707829550,SDA,TOASTER,8710103800378,94711145,PHILIPS,PHILIPS HD2581/90 Ekmek Kızartma Makinesi Siyah,6,4,Retail,3999,6,TAŞARAVM,,0,0,0
1830554467,SDA,TOASTER,8710103800378,94711145,PHILIPS,PHILIPS HD2581/90 Ekmek Kızartma Makinesi Siyah,6,8,Retail,2398,3,Yüksek Teknoloji,,0,0,0
1780570134,SDA,TOASTER,8710103800378,94711145,PHILIPS,PHILIPS HD2581/90 Ekmek Kızartma Makinesi Siyah,6,1,Retail,1888,1,Derka Shop,,0,0,0
1698218594,SDA,TOASTER,8710103821045,94711205,PHILIPS,PHILIPS HD2590/90 Ekmek Kızartma Makinesi Siyah,1,1,Retail,2999,1,TAŞARAVM,,0,7,0
1828118796,Household,PRESSURE COOKERS,3045380026629,174951571,TEFAL,TEFAL 1510002662 Clipso+ Chef 6 l Düdüklü Tencere Gümüş,3,5,Retail,10399,1,Smartevim,,0,0,0
1787515257,Household,PRESSURE COOKERS,3045380026629,174951571,TEFAL,TEFAL 1510002662 Clipso+ Chef 6 l Düdüklü Tencere Gümüş,3,1,Retail,11999,2,HerşeyVar,,0,0,0
1797731027,Household,PRESSURE COOKERS,3045380026629,174951571,TEFAL,TEFAL 1510002662 Clipso+ Chef 6 l Düdüklü Tencere Gümüş,3,2,Retail,14298.9,3,Güreller,,0,0,0
1837892175,SDA,CHOPPING MACHINE AND CHEESE GRATER,3045380406261,181992643,TEFAL,TEFAL 1510003226 Fresh Express Twist 150 Watt 5 Fonksiyonlu Doğrayıcı Siyah,1,2,Retail,6899,1,Derka Shop,,0,0,0
1683446946,Gaming Acc.,CONSOLES ACCESSORIES,0873124007893,96888441,HORI,HORI Mario Kart Pro NSW & PC Yarış Direksiyonu Kırmızı,1,2,Retail,9269,1,BETA PLUS TEKNOLOJİ,,0,0,0
1794234388,Gaming Acc.,CONSOLES ACCESSORIES,0711719374107,95678429,SONY,SONY Playstation 5 Dualsense Şarj İstasyonu Beyaz,3,52,Retail,1799,1,FırsatKurdu,,0,1,3
1822167545,Gaming Acc.,CONSOLES ACCESSORIES,0711719374107,95678429,SONY,SONY Playstation 5 Dualsense Şarj İstasyonu Beyaz,3,5,Retail,4999,3,ONETRADE,,0,1,3
1804341899,Gaming Acc.,CONSOLES ACCESSORIES,0711719374107,95678429,SONY,SONY Playstation 5 Dualsense Şarj İstasyonu Beyaz,3,96,Retail,2999,2,Kavastech,,0,1,3
1813899836,Innovations,SEATING FURNITURE,8684917801244,176119338,HAWK,HAWK Nova Oyuncu Koltuğu Antrasit,1,50,Retail,14999,1,Hawk GamingChair,,0,0,0
1596698514,IT Acc.,MOUSE,3092014032907,95683985,LOGITECH,LOGITECH 910-004068 USB Typ-A Gaming Mouse Mavi,1,120,Retail,1679,1,BETA PLUS TEKNOLOJİ,,0,0,0
1811642050,IT Acc.,STEERING WHEEL,5099206057661,95675875,LOGITECH,LOGITECH G Driving Force Shifter Oyuncu Vites,1,42,Retail,4599,1,KAFKASDA,,0,1,0
1596677447,Gaming Acc.,GAME PADS,5099206041899,95673779,LOGITECH,"LOGITECH G F710 Çift Titreşimli Geri Beslemeli Kablosuz PC, Diğer Kablosuz Oyun Kolu Gri",1,74,Retail,1979,1,BETA PLUS TEKNOLOJİ,,0,0,0
1596717817,IT Acc.,MOUSE,5099206077836,95685381,LOGITECH,LOGITECH G G305 LIGHTSPEED KABLOSUZ OYUNCU MOUSE 1 MS Oyuncu Mouse Beyaz/Siyah,3,31,Retail,2219,1,BETA PLUS TEKNOLOJİ,,0,0,0
1771169381,IT Acc.,MOUSE,5099206077836,95685381,LOGITECH,LOGITECH G G305 LIGHTSPEED KABLOSUZ OYUNCU MOUSE 1 MS Oyuncu Mouse Beyaz/Siyah,3,6,Retail,3347.3,3,Kraft Online,,0,0,0
1760901943,IT Acc.,MOUSE,5099206077836,95685381,LOGITECH,LOGITECH G G305 LIGHTSPEED KABLOSUZ OYUNCU MOUSE 1 MS Oyuncu Mouse Beyaz/Siyah,3,6,Retail,2960.5,2,netsiparis,,0,0,0
1596698511,IT Acc.,MOUSE,5099206077850,95684923,LOGITECH G,LOGITECH G G305 Lightspeed 1 MS Oyuncu Mouse Beyaz,1,126,Retail,2099,1,BETA PLUS TEKNOLOJİ,,0,1,1
1827484417,IT Acc.,STEERING WHEEL,8680096152054,178764287,RAMPAGE,RAMPAGE Speed W20 Sadece PC Uyumlu Pedallı El Vitesli Oyuncu Direksiyonu,1,296,Retail,7899,1,Wexta,,0,2,2
1596782594,IT Acc.,MOUSE,0810056142636,95114462,RAZER,RAZER DeathAdder Essential Kablolu Gaming Mouse Beyaz,1,82,Retail,1719,1,BETA PLUS TEKNOLOJİ,,0,0,0
1596782498,Gaming Acc.,GAMING MOUSE PAD,8886419319191,95691425,RAZER,RAZER Sphex V3 Large Gaming Mouse Pad Siyah,1,9,Retail,2559,1,BETA PLUS TEKNOLOJİ,,0,0,0
1833765182,IT Acc.,MOUSE,0850014119485,94948123,STEELSERIES,STEELSERIES Aerox 3 Snow Kablolu Gaming Mouse Beyaz,1,11,Retail,4599,1,Teknomevo,,0,0,0
1832863116,Gaming Acc.,GAMING MOUSE PAD,5707119036795,95692220,STEELSERIES,STEELSERIES SSMP63825 QcK Prism Cloth RGB Gaming Mouse Pad Siyah,1,1,Retail,1599,1,Aypa Teknoloji,,0,0,0
1842321879,Software,GAMES & SOFTWARE,5055060993552,183020034,CAPCOM,CAPCOM Resident Evil Requiem Standart Edition PlayStation 5 PS5 Oyun,1,3,Retail,4249.9,1,Kontorland,,0,0,0
1834098894,TV,REMOTE CONTROLS,5099206018112,95690935,LOGITECH,LOGITECH R400 910-001356 Sunum Kumandası,5,20,Retail,2775.28,5,Yedigün Bilişim,,0,0,0
1826349615,TV,REMOTE CONTROLS,5099206018112,95690935,LOGITECH,LOGITECH R400 910-001356 Sunum Kumandası,5,25,Retail,2731.67,4,Yedigün Bilişim,,0,0,0
1828566262,TV,REMOTE CONTROLS,5099206018112,95690935,LOGITECH,LOGITECH R400 910-001356 Sunum Kumandası,5,20,Retail,2731.67,3,Yedigün Bilişim,,0,0,0
1760906904,TV,REMOTE CONTROLS,5099206018112,95690935,LOGITECH,LOGITECH R400 910-001356 Sunum Kumandası,5,25,Retail,1882.1,1,netsiparis,,0,0,0
1770236264,TV,REMOTE CONTROLS,5099206018112,95690935,LOGITECH,LOGITECH R400 910-001356 Sunum Kumandası,5,20,Retail,2222.46,2,UzmanlarPC,,0,0,0
1699585365,SDA,HAIR DRYER,3030050154825,94703402,BABYLISS,BABYLISS 6704 E Power Pro 2000 W Saç Kurutma Makinesi Siyah,2,2,Retail,4499,2,TAŞARAVM,,0,0,0
1819370491,SDA,HAIR DRYER,3030050154825,94703402,BABYLISS,BABYLISS 6704 E Power Pro 2000 W Saç Kurutma Makinesi Siyah,2,12,Retail,2799,1,Prolet,,0,0,0
1731657980,SDA,HAIR CURLER ( CURLING IRON / HOT AIR BRUSH),3030050153774,95706959,BABYLISS,BABYLISS AS126E Perfect Finish Hot Air Styler Hava Üflemeli 4 Aksesuarlı Saç Şekillendirme Seti Siyah,1,3,Retail,5390,1,TAŞARAVM,,0,0,0
1699585296,SDA,HAIR CURLER ( CURLING IRON / HOT AIR BRUSH),3030050153781,95707041,BABYLISS,BABYLISS AS136E Air Styler 1000 Hava Üflemeli 4 Aksesuarlı Saç Şekillendirme Seti Gri,1,4,Retail,5499,1,TAŞARAVM,,0,0,0
1699585319,SDA,HAIR STRAIGHTENER & CRIMPER,3030050153583,94703109,BABYLISS,BABYLISS ST397E Sleek Control 235 Saç Düzleştirici Siyah,1,3,Retail,6999,1,TAŞARAVM,,0,0,0
1842306234,SDA,HAIR STRAIGHTENER & CRIMPER,3030050154924,99530294,BABYLISS,BABYLISS W2447E Deep Waver Su Dalgası Maşası Rose Gold,2,1,Retail,5577,1,RAST ENTERPRISE,,0,0,0
1699585367,SDA,HAIR STRAIGHTENER & CRIMPER,3030050154924,99530294,BABYLISS,BABYLISS W2447E Deep Waver Su Dalgası Maşası Rose Gold,2,2,Retail,7990,2,TAŞARAVM,,0,0,0
1737175131,SDA,HAIR STRAIGHTENER & CRIMPER,4210201644385,94703232,BRAUN,BRAUN Satin Hair 7 ST710 Saç Düzleştirici Siyah,1,2,Retail,10099,1,TAŞARAVM,,0,1,2
1830627714,SDA,HAIR CURLER ( CURLING IRON / HOT AIR BRUSH),5025155127759,180708076,DYSON,DYSON Airwrap I.D. Saç Şekillendirme ve Kurutma Seti Turuncu,1,4,Retail,29999,1,Aypa Teknoloji,,0,3,3
1842637314,SDA,HAIR CURLER ( CURLING IRON / HOT AIR BRUSH),8682511904231,180705909,FAKIR,FAKIR Ion Fusion 3'lü Su Dalgası Maşası Gri,1,12,Retail,3999,1,TLTB,,0,0,0
1825395298,Smart Home,SMART HOME IP CAMERAS,4897098686683,125246790,TP-LINK,TP-LINK C225 512 GB 4 Megapiksel Full HD 2560x1440 Speed Dome Evet Güvenlik Kamerası Beyaz,1,237,Retail,3099,1,Teknorya,,0,0,0
1842865954,SDA,HAIR CURLER ( CURLING IRON / HOT AIR BRUSH),4013833073826,180705700,GRUNDIG,GRUNDIG HS 6481 Saç Düzleştirici Lacivert,1,10,Retail,2240,1,ADA BEYAZ ESYA,,0,0,0
1699684419,SDA,HAIR STRAIGHTENER & CRIMPER,8710103888383,94703182,PHILIPS,PHILIPS 3000 Serisi Saç Düzleştirici Siyah,3,1,Retail,3495,3,TAŞARAVM,,0,0,0
1845550386,SDA,HAIR STRAIGHTENER & CRIMPER,8710103888383,94703182,PHILIPS,PHILIPS 3000 Serisi Saç Düzleştirici Siyah,3,3,Retail,2499,2,Karakaya Bilişim,,0,0,0
1845826044,SDA,HAIR STRAIGHTENER & CRIMPER,8710103888383,94703182,PHILIPS,PHILIPS 3000 Serisi Saç Düzleştirici Siyah,3,1,Retail,2475,1,ACCPAZAR,,0,0,0
1699765673,SDA,HAIR DRYER,5038061112979,94703407,REMINGTON,REMINGTON AC7200 SuperCare Pro AC Motor 2200 W Saç Kurutma Makinesi Siyah,2,3,Retail,4499,2,TAŞARAVM,,0,10,1
1605337288,SDA,HAIR DRYER,5038061112979,94703407,REMINGTON,REMINGTON AC7200 SuperCare Pro AC Motor 2200 W Saç Kurutma Makinesi Siyah,2,39,Retail,3844.54,1,YeniseY,,0,10,1
1751452375,SDA,HAIR DRYER,5038061105575,99529362,REMINGTON,REMINGTON AC9300 Shine Therapy Pro AC Motor 2200 W Saç Kurutma Makinesi Açık Mavi,1,3,Retail,6357.95,1,TAŞARAVM,,0,0,0
1749083117,SDA,HAIR STRAIGHTENER & CRIMPER,4008496938322,94703209,REMINGTON,REMINGTON S8598 Keratin Protect Akıllı Saç Düzleştirici Gri,3,2,Retail,3984.62,1,RAST ENTERPRISE,,0,3,3
1791161855,SDA,HAIR STRAIGHTENER & CRIMPER,4008496938322,94703209,REMINGTON,REMINGTON S8598 Keratin Protect Akıllı Saç Düzleştirici Gri,3,1,Retail,5199,3,Aypa Teknoloji,,0,3,3
1839747966,SDA,HAIR STRAIGHTENER & CRIMPER,4008496938322,94703209,REMINGTON,REMINGTON S8598 Keratin Protect Akıllı Saç Düzleştirici Gri,3,1479,Retail,3999,2,Anatoptan,,0,3,3
1605337559,SDA,HAIR STRAIGHTENER & CRIMPER,5038061110456,94703076,REMINGTON,REMINGTON S9001 Hydraluxe Pro Soğuk Buharlı Saç Düzleştirici Beyaz,1,28,Retail,13345.2,1,YeniseY,,0,0,0
1813940556,SDA,HAIR DRYER,3121040082867,94703401,ROWENTA,ROWENTA Maestria 2000 W Saç Kurutma Makinesi Siyah,1,5,Retail,6299,1,Smartevim,,0,0,0
1835643012,SDA,HAIR CURLER ( CURLING IRON / HOT AIR BRUSH),3121040092514,176214048,ROWENTA,ROWENTA UB9540F0 Brush Activ 1000 W Saç Kurutma Fırçası Siyah,2,5,Retail,6099,1,Smartevim,,0,0,0
1813503229,SDA,HAIR CURLER ( CURLING IRON / HOT AIR BRUSH),3121040092514,176214048,ROWENTA,ROWENTA UB9540F0 Brush Activ 1000 W Saç Kurutma Fırçası Siyah,2,1,Retail,6599.9,2,Digithome,,0,0,0
1803609006,SDA,HAIR STRAIGHTENER & CRIMPER,3121040084922,99129613,ROWENTA,ROWENTA x Karl Lagerfeld SF321LF0 Optiliss 10 Sıcaklık Ayarlı Seramik Plaka Saç Düzleştirici Siyah,1,12,Retail,1989.9,1,Digithome,,0,0,0
1813991833,Hi-Fi,PORTABLE SPEAKER,1200130034312,175856310,JBL,JBL Go5 Bluetooth IP67 Taşınabilir Hoparlör Beyaz,1,10,Retail,3290,1,Luxury Audio,,0,0,0
1813991831,Hi-Fi,PORTABLE SPEAKER,1200130034305,175866970,JBL,JBL Go5 Bluetooth IP67 Taşınabilir Hoparlör Kırmızı,1,10,Retail,3290,1,Luxury Audio,,0,0,0
1813991817,Hi-Fi,PORTABLE SPEAKER,1200130034299,175856256,JBL,JBL Go5 Bluetooth IP67 Taşınabilir Hoparlör Mavi,1,10,Retail,3290,1,Luxury Audio,,0,0,0
1813991830,Hi-Fi,PORTABLE SPEAKER,1200130034329,175856254,JBL,JBL Go5 Bluetooth IP67 Taşınabilir Hoparlör Mor,1,10,Retail,3290,1,Luxury Audio,,0,0,0
1813991815,Hi-Fi,PORTABLE SPEAKER,1200130034343,175865316,JBL,JBL Go5 Bluetooth IP67 Taşınabilir Hoparlör Pembe,1,10,Retail,3290,1,Luxury Audio,,0,0,0
1813991816,Hi-Fi,PORTABLE SPEAKER,1200130034282,175856316,JBL,JBL Go5 Bluetooth IP67 Taşınabilir Hoparlör Siyah,1,10,Retail,3290,1,Luxury Audio,,0,0,0
1813991834,Hi-Fi,PORTABLE SPEAKER,1200130034336,175856308,JBL,JBL Go5 Bluetooth IP67 Taşınabilir Hoparlör Yeşil,1,10,Retail,3290,1,Luxury Audio,,0,0,0
1828456881,IT Acc.,CABLES & ADAPTERS,6935364072667,123432478,TP-LINK,TP-LINK Archer T3U 1300 Mbps Kablosuz USB Adaptör Siyah,3,3,Retail,999,1,Teknorya,,0,0,0
1690919212,Hi-Fi,HIFI PHONO,8711902066231,92793864,LENCO,LENCO LS-55WA USB Bağlantılı Pikap Ahşap,2,49,Retail,11599,1,Desibela,,0,0,0
1829942940,Hi-Fi,HIFI PHONO,8711902066231,92793864,LENCO,LENCO LS-55WA USB Bağlantılı Pikap Ahşap,2,100,Retail,12999,2,BiggShop,,0,0,0
1770235923,Hi-Fi,HIFI SPEAKERS,5099206048782,93999543,LOGITECH,LOGITECH Z150 980-000814 Kablolu Hoparlör Siyah,3,20,Retail,2550.29,2,UzmanlarPC,,0,0,0
1826349605,Hi-Fi,HIFI SPEAKERS,5099206048782,93999543,LOGITECH,LOGITECH Z150 980-000814 Kablolu Hoparlör Siyah,3,25,Retail,2884.23,3,Yedigün Bilişim,,0,0,0
1760906933,Hi-Fi,HIFI SPEAKERS,5099206048782,93999543,LOGITECH,LOGITECH Z150 980-000814 Kablolu Hoparlör Siyah,3,18,Retail,2039.3,1,netsiparis,,0,0,0
1824584755,Hi-Fi,SOUNDBAR,8806099020972,179289677,SAMSUNG,SAMSUNG 3.1.2 CH Subwoofer Q-Serisi HW-Q600H Kablolu ve Kablosuz Soundbar,2,5,Retail,23599,1,Smartevim,,0,0,0
1821426404,Hi-Fi,SOUNDBAR,8806099020972,179289677,SAMSUNG,SAMSUNG 3.1.2 CH Subwoofer Q-Serisi HW-Q600H Kablolu ve Kablosuz Soundbar,2,7,Retail,24999,2,Güreller,,0,0,0
1821428569,Hi-Fi,SOUNDBAR,8806099021009,179289684,SAMSUNG,SAMSUNG 5.1.2 Ch Subwoofer Q-Serisi HW-Q800H Kablolu ve Kablosuz Soundbar,1,1,Retail,35990,1,Güreller,,0,0,0
1821428573,Hi-Fi,SOUNDBAR,8806099021061,179289666,SAMSUNG,SAMSUNG Q-Serisi HW-Q990H 11.1.4 Ch Subwoofer ve Arka Hoparlör Kablolu ve Kablosuz Soundbar,1,1,Retail,69999,1,Güreller,,0,0,0
1812219566,SDA,WATER DISPENSER,4242006295615,175269864,PROFILO,PROFILO SS1162 Su Sebili,1,1,Retail,12089.93,1,RAST ENTERPRISE,,0,0,0
1844015080,Floor care,VACUUM CLEANER,8693184920367,183313373,ARZUM,ARZUM AR4099-01 2'si 1 Arada Gırgır Dikey Kablolu Elektrikli Süpürge Siyah,2,1,Retail,2499,1,Derka Shop,,0,0,0
1844015079,Floor care,VACUUM CLEANER,8693184920367,183313373,ARZUM,ARZUM AR4099-01 2'si 1 Arada Gırgır Dikey Kablolu Elektrikli Süpürge Siyah,2,1,Retail,2499,2,Derka Shop,,0,0,0
1843259822,Floor care,VACUUM CLEANER,0011120273311,180666831,BISSELL,BISSELL CrossWave HydroSteam Pet Select 3527N Islak Kuru Dikey Süpürge Gri,3,10,Retail,34999,3,Bissell Türkiye,,0,0,0
1834993869,Floor care,VACUUM CLEANER,0011120273311,180666831,BISSELL,BISSELL CrossWave HydroSteam Pet Select 3527N Islak Kuru Dikey Süpürge Gri,3,7,Retail,27999,2,Premiumsepet,,0,0,0
1835661689,Floor care,VACUUM CLEANER,0011120273311,180666831,BISSELL,BISSELL CrossWave HydroSteam Pet Select 3527N Islak Kuru Dikey Süpürge Gri,3,10,Retail,25999,1,Btpeak,,0,0,0
1833732046,Floor care,VACUUM CLEANER,0011120272130,180707664,BISSELL,BISSELL SpotClean HydroSteam Pro Buharlı Farklı Yüzeylerde Kullanıma Uygun Halı ve Koltuk Yıkama Makinesi Siyah,2,7,Retail,18499,1,Premiumsepet,,0,1,1
1835685084,Floor care,VACUUM CLEANER,0011120272130,180707664,BISSELL,BISSELL SpotClean HydroSteam Pro Buharlı Farklı Yüzeylerde Kullanıma Uygun Halı ve Koltuk Yıkama Makinesi Siyah,2,10,Retail,19999,2,Btpeak,,0,1,1
1834561800,Floor care,VACUUM CLEANER,0011120238679,180707665,BISSELL,BISSELL SpotClean Pro Halı ve Koltuk Yıkama Makinesi Siyah,1,5,Retail,14999,1,Premiumsepet,,0,1,1
1798295096,Floor care,VACUUM CLEANER RECHARGEABLE,7333394087788,175635986,ELECTROLUX,ELECTROLUX EP72AB21UG Animal 700 21.6 V Şarjlı Dikey Süpürge Gri,1,53,Retail,17999,1,Anatoptan,,0,0,0
1795938687,Floor care,VACUUM CLEANER RECHARGEABLE,7333394087832,175268094,ELECTROLUX,ELECTROLUX EP72H21WET 700 Serisi Şarjlı Dikey Süpürge Mavi,1,51,Retail,19999,1,Anatoptan,,0,0,0
1826666390,Floor care,ROBOT VACUUM CLEANERS,6936905905970,177983234,ROBOROCK,ROBOROCK S9 Akıllı Robot Süpürge Beyaz,2,10,Retail,22999,2,Mobiloom,,0,1,1
1828879786,Floor care,ROBOT VACUUM CLEANERS,6936905905970,177983234,ROBOROCK,ROBOROCK S9 Akıllı Robot Süpürge Beyaz,2,9,Retail,20299,1,Koycebine,,0,1,1
1840725678,SDA,STEAM CLEANER,0622356320221,175219325,SHARK,SHARK StainForce Kablosuz Leke Çıkarma Makinesi Beyaz,1,5,Retail,16699,1,BiTechnology,,0,0,0
1795900847,IT HW,TABLETS,8699247385722,175446826,CASPER,"CASPER PAD M10 Pen 2.4K Casper M10 Tablet Kılıfı ve Prestige Kalem 12,2 inç 8 GB 128 GB Tablet Gri",1,6,Retail,12999,1,Casper Excalibur,,0,1,1
1795901478,IT HW,TABLETS,8699247385739,175446824,CASPER,"CASPER PAD M10 Pro 2.4K Klavyeli Tablet Kılıfı ve Prestige Kalem 12,2 inç 8 GB 128 GB Tablet Gri",1,10,Retail,16999,1,Casper Excalibur,,0,0,0
1833670281,IT HW,TABLETS,8699247387207,180748596,CASPER,"CASPER PAD Z10 Pro OLED 2.8K + Casper Z10 Pro Klavyeli Tablet Kılıfı + Prestige Kalem 14,2 inç 12 GB 256 GB Tablet Gri",1,50,Retail,39999,1,Casper Excalibur,,0,0,0
1814591658,IT HW,TABLETS,4894461957371,177982651,TCL,"TCL Tab A1 Plus 2.4K 12,2 inç 6 GB 128 GB Tablet Siyah",1,83,Retail,14199,1,Teknorya,,0,,
1834230785,GSM Acc.,OTHER TELECOM ACCESSORIES,0195951040462,181321873,APPLE,APPLE MFE94ZF/A 1 Pack Airtag Beyaz,1,2,Retail,1798,1,Yüksek Teknoloji,,0,0,0
1834230783,GSM Acc.,OTHER TELECOM ACCESSORIES,0195951040493,181321875,APPLE,APPLE MFEA4ZF/A 4 Pack Airtag Beyaz,1,3,Retail,5459,1,Yüksek Teknoloji,,0,1,1
1834332842,CE Acc.,POWERBANKS,0195950669749,181348409,APPLE,APPLE MGPG4TU/A iPhone Air Magsafe 3149 mAh Powerbank Beyaz,1,2,Retail,5898,1,Yüksek Teknoloji,,0,0,2
1844417090,CE Acc.,CHARGERS,0195949376474,183095480,APPLE,APPLE MW2G3TU/A 30 W USB-C Bağlantı Noktalı Güç Adaptörü Beyaz,1,1,Retail,3999,1,İZİ TEKNOLOJİ,,0,0,0
1844417480,CE Acc.,CHARGERS,0195949376696,183095495,APPLE,APPLE MW2K3TU/A 35 W Çift USB-C Bağlantı Noktalı Güç Adaptörü Beyaz,1,1,Retail,4999,1,İZİ TEKNOLOJİ,,0,0,0
1844417563,CE Acc.,CHARGERS,0195949686245,183095484,APPLE,APPLE MXN53TU/A 70 W USB-C Güç Adaptörü Beyaz,1,1,Retail,5499,1,İZİ TEKNOLOJİ,,0,0,0
1842066378,CE Acc.,POWERBANKS,6932172678715,182942275,BASEUS,BASEUS PicoGo Dijital Göstergeli Süper Hızlı 45 W Laptop Şarj Edebilen 10000 mAh Powerbank Siyah,1,10,Retail,1888,1,KAFKASDA,,0,0,0
1828848023,CE Acc.,POWERBANKS,6932172677596,180386788,BASEUS,BASEUS PicoGo Qi2 Magsafe 20 W Stand Özellikli Type C to C Kablo 5000 mAh Powerbank Mavi,1,69,Retail,1499,1,Lucky Trend,,0,0,0
1842635601,IT Acc.,WLAN ROUTER,0810111420822,107835339,TP-LINK,TP-LINK Archer AX53 Dual Band Wi-Fi 6 Kablosuz 5 Port 2402 Mbit/s MIMO Router,5,5,Retail,2599,1,Teknorya,,0,0,0
1644401603,CE Acc.,CHARGERS,0745883795598,95694561,BELKIN,BELKIN 10W İkili Hızlı Kablosuz Şarj Cihazı Siyah,1,157,Retail,1299,1,Nethouse,,0,0,1
1815476503,CE Acc.,POWERBANKS,0745883821952,99012890,BELKIN,BELKIN USB-C 15W Çift USB-A 15 cm USB-A - C Kablo 10000 mAh Powerbank Siyah,1,44,Retail,1299,1,Nethouse,,0,0,0
1846237752,GSM Acc.,OTHER TELECOM ACCESSORIES,8684577287020,183365019,BILICRA,BILICRA B-Tag Takip Cihazı Beyaz,1,10,Retail,1500,1,Lucky Trend,,0,,
1846237753,GSM Acc.,OTHER TELECOM ACCESSORIES,8684577287037,183365115,BILICRA,BILICRA B-Tag Takip Cihazı Siyah,1,10,Retail,1500,1,Lucky Trend,,0,,
1839706240,CE Acc.,CHARGING CABLE,4895229159105,181711601,PHILIPS,"PHILIPS DLC4582C/00 240 Watt USB-C to USB-C Örgülü 1,25 m Hızlı Şarj Kablosu Siyah",1,29,Retail,999,1,Decide,,0,0,0
1831698297,CE Acc.,CHARGING CABLE,4895229159020,179389430,PHILIPS,PHILIPS DLC8130C/00 240W USB-C to USB-C PD 1 m Hızlı Şarj Kablosu Pembe,1,198,Retail,489,1,Decide,,0,0,0
1839465181,CE Acc.,CHARGERS,4895229136113,180921996,PHILIPS,PHILIPS DLP2683/12 65W GaN 2x USB-C PD+1x USB-A QC 4.0 3 Port Duvar Hızlı Şarj Adaptörü Beyaz,1,99,Retail,2599,1,Decide,,0,0,0
1842040693,CE Acc.,POWERBANKS,4895229159495,182898265,PHILIPS,"PHILIPS DLP2810CB/00 2xUSB-A, 1xUSB-C 10000 mAh Powerbank Siyah",1,88,Retail,999,1,Decide,,0,0,0
1842040164,CE Acc.,POWERBANKS,4895229159518,182898089,PHILIPS,"PHILIPS DLP2810CV/00 2xUSB-A, 1xUSB-C 10000 mAh Powerbank Gümüş",1,62,Retail,999,1,Decide,,0,,
1845480415,CE Acc.,CHARGERS,4895229134133,183668794,PHILIPS,"PHILIPS DLP9230NB/00 3'ü 1 Arada, 15W, Qi Wireless, Kablosuz Hızlı Şarj Standı Siyah",1,5,Retail,1079,1,Decide,,0,0,0
1845491113,CE Acc.,CHARGING CABLE,4895229151864,183668782,PHILIPS,"PHILIPS SWV6701/00 Thunderbolt3 USB-C to USB-C 240W 5K, 1 Metre Hızlı Şarj Kablosu Siyah",1,15,Retail,980,1,Decide,,0,0,0
1790765560,CE Acc.,POWERBANKS,6944629189576,175205886,PIILI,PIILI Standlı MagSafe – Kablosuz & Taşınabilir 10.000 mAh Taşınabilir Şarj Cihazı Gri,1,10,Retail,3599,1,Piili,,0,0,0
1828591024,CE Acc.,CHARGERS,8806094292022,175678070,SAMSUNG,SAMSUNG EP-P5400T Kablosuz İkili 15 W Hızlı Şarj Cihazı Beyaz,1,47,Retail,3999,1,ScHitec,,0,0,0
1831492130,CE Acc.,CHARGERS,8806094292039,180606204,SAMSUNG,SAMSUNG EP-P5400T Kablosuz İkili 15 W Hızlı Şarj Cihazı Siyah,1,17,Retail,3999,1,ScHitec,,0,0,0
1789301934,GSM Acc.,COVER & CASE (TELECOM),8806094025088,95713432,SAMSUNG,SAMSUNG Galaxy S22 + Uyumlu Kayışlı Silikon Telefon Kılıfı Beyaz,1,12,Retail,600.06,1,ScHitec,,0,0,0
1846395270,CE Acc.,POWERBANKS,8806097918448,181602846,SAMSUNG,SAMSUNG Standlı Magnet 5000 mAh Powerbank Gri,2,10,Retail,3499,1,ScHitec,,0,0,0
1835751852,CE Acc.,POWERBANKS,8806097918448,181602846,SAMSUNG,SAMSUNG Standlı Magnet 5000 mAh Powerbank Gri,2,1418,Retail,4499,2,Lucky Trend,,0,0,0
1828563470,IT Acc.,CABLES & ADAPTERS,6935364099862,95682763,TP-LINK,TP-LINK Archer T2U PLUS 600 Mbps USB Adaptör Siyah,4,7,Retail,1961.6,4,Yedigün Bilişim,,0,0,0
1760902719,IT Acc.,CABLES & ADAPTERS,6935364099862,95682763,TP-LINK,TP-LINK Archer T2U PLUS 600 Mbps USB Adaptör Siyah,4,50,Retail,1417.2,2,netsiparis,,0,0,0
1770236594,IT Acc.,CABLES & ADAPTERS,6935364099862,95682763,TP-LINK,TP-LINK Archer T2U PLUS 600 Mbps USB Adaptör Siyah,4,5,Retail,1409.12,1,UzmanlarPC,,0,0,0
1826349043,IT Acc.,CABLES & ADAPTERS,6935364099862,95682763,TP-LINK,TP-LINK Archer T2U PLUS 600 Mbps USB Adaptör Siyah,4,5,Retail,1749.13,3,Yedigün Bilişim,,0,0,0
1760901222,IT Acc.,CABLES & ADAPTERS,6935364083830,95682955,TP-LINK,TP-LINK Archer T3U 1300 Mbps Kablosuz USB Adaptör Siyah,2,5,Retail,1550.2,1,netsiparis,,0,0,0
1828885767,IT Acc.,CABLES & ADAPTERS,6935364083830,95682955,TP-LINK,TP-LINK Archer T3U 1300 Mbps Kablosuz USB Adaptör Siyah,2,25,Retail,1952.61,2,Yedigün Bilişim,,0,0,0
1821856351,CE Acc.,POWERBANKS,8694470004655,179201826,TTEC,TTEC 2BB233S LCD PD 20W Taşınabilir Hızlı 10000 mAh Powerbank Siyah,1,3,Retail,1290,1,Teknoloji Burda,,0,0,0
1798177436,CE Acc.,CHARGING CABLE,8694470572277,175796489,TTEC,TTEC 2DK7508S USB-A to Lightning 1 m Hızlı Şarj ve Data Kablosu Siyah,1,8,Retail,416.5,1,ScHitec,,0,0,0
1836427085,GSM Acc.,"HOLDERS (HOME, CAR, SELFIE, BIKE)",8694470831701,181797565,TTEC,TTEC 2TT34 FlexGrip Move Araç İçi Telefon Tutucu,1,2,Retail,799,1,BlueGo,,0,0,0
1828565797,CE Acc.,CHARGING CABLE,8694470643502,176394076,TTEC,TTEC AlumiCable Extra Strong UsbA to Lightning 120 cm 2DK16A Hızlı Şarj ve Data Kablosu Altın,1,12,Retail,367.5,1,ScHitec,,0,,
1828565799,CE Acc.,CHARGING CABLE,8694470643557,176393913,TTEC,TTEC AlumiCable Extra Strong UsbA to Lightning 120 cm 2DK16S Hızlı Şarj ve Data Kablosu Siyah,1,87,Retail,367.5,1,ScHitec,,0,0,0
1828565821,CE Acc.,CHARGING CABLE,8694470613192,176394563,TTEC,TTEC UsbA to Type-C 120 cm 2DK12B Hızlı Şarj ve Data Kablosu Beyaz,1,8,Retail,441,1,ScHitec,,0,0,0
1842541245,CE Acc.,POWERBANKS,6941876229192,179295904,UGREEN,"UGREEN 20 W Magsafe Wireless Kablosuz Hızlı , 25919 10000 mAh Powerbank Siyah",1,25,Retail,3499,1,Decide,,0,0,0
1828424441,GSM Acc.,"HOLDERS (HOME, CAR, SELFIE, BIKE)",6957303824731,92587679,UGREEN,UGREEN 20473 Vantuzlu Uzayan Ayarlanabilir Mekanik Araç İçi Telefon Tutacağı,1,36,Retail,979,1,Decide,,0,0,0
1821356910,CE Acc.,CHARGING CABLE,6941876232192,178938649,UGREEN,UGREEN 35219 USB-C 60W 3A QC PD Örgülü 1 m Hızlı Şarj Kablosu Beyaz,1,277,Retail,439.16,1,Decide,,0,0,1
1825137212,Smart Home,SMART HOME IP CAMERAS,4895252500899,147552894,TAPO,TAPO Tapo C425 2K QHD Akıllı Yapay Zeka Destekli Kablo Evet Güvenlik Kamerası Beyaz,2,16,Retail,5699,2,Teknorya,,0,0,0
1831693295,GSM Acc.,"HOLDERS (HOME, CAR, SELFIE, BIKE)",6957303853946,94090282,UGREEN,UGREEN 50394 Uzun Kollu Ayarlanabilir Tablet ve Telefon Tutucu,1,1,Retail,1499,1,Decide,,0,0,0
1825393603,Smart Home,ACTUATORS & SENSORS,4897098682944,101833308,TAPO,TAPO Apo T100 Tapo Akıllı Hareket Sensörü,2,3,Retail,999,1,Teknorya,,0,0,0
1831699355,IT Acc.,TRACKERS,6941876265435,180423372,UGREEN,UGREEN 65543 FineTrack G Smart Finder Bluetooth 5.4 Apple Sertifikalı Akıllı Takip Cihazı,1,35,Retail,1049.3,1,Decide,,0,0,0
1842040626,CE Acc.,POWERBANKS,6941876281039,182898148,UGREEN,UGREEN MagFlow Air MagSafe Wireless Hızlı Şarj Kablosuz 20 W USB-C+15 W 75984B 5000 mAh Powerbank Gri,1,20,Retail,5199,1,Decide,,0,0,0
1842534561,CE Acc.,CHARGING CABLE,6941876268665,183053344,UGREEN,"UGREEN USB-C to UBB-C 240W Dijital Göstergeli Örgü 1m, 65866 Hızlı Şarj Kablosu Siyah",1,23,Retail,1199,1,Decide,,0,0,0
1845506713,TV,TELEVISION,8806096774168,182998776,LG,LG 55QNED70B6C AI Sihirli Kumanda 60Hz VRR webOS26 QNED 55 inç 139 cm Dahili Uydu Alıcılı 4K UHD SMART TV Mini LED TV,1,5,Retail,42299,1,Smartevim,,0,0,0
1844853913,TV,TELEVISION,8806096774205,182998790,LG,LG 65QNED70B6C.APEZ SS6 65 inç 165 cm Dahili Uydu Alıcılı 4K UHD SMART TV QNED Mini LED TV,1,10,Retail,53299,1,Smartevim,,0,0,0
1836697351,TV,TELEVISION,8806099137182,181670460,SAMSUNG,SAMSUNG 27LSM7F Smart Dokunmatik 27 inç 69 cm HD-ready Taşınabilir LED Ekran,1,5,Retail,53699,1,Smartevim,,0,288,7
1826278810,IT Acc.,USB STICK,0619659125905,95676858,SANDISK,SANDISK Cruzer Blade SDCZ50 128G B35 USB 2.0 128 GB USB Bellek,1,20,Retail,2075.88,1,Yedigün Bilişim,,0,,
1821429025,TV,TELEVISION,8806099022167,179289013,SAMSUNG,SAMSUNG 55LS03H Uydu Alıcılı Tizen 55 inç 139 cm Dahili Uydu Alıcılı 4K UHD SMART TV QLED TV,1,1,Retail,79999,1,Güreller,,0,,
1824329197,TV,TELEVISION,8806099052386,179289035,SAMSUNG,SAMSUNG 55M70H Uydu Alıcılı Tizen Mini 55 inç 139 cm Dahili Uydu Alıcılı 4K UHD SMART TV LED TV,1,5,Retail,47899,1,Smartevim,,0,0,0
1838941847,TV,TELEVISION,8806097999607,179289217,SAMSUNG,SAMSUNG 55M80H Uydu Alıcılı Tizen Mini 55 inç 139 cm Dahili Uydu Alıcılı 4K UHD SMART TV OLED TV,1,5,Retail,51899,1,Smartevim,,0,0,0
1821429014,TV,TELEVISION,8806097934936,179289039,SAMSUNG,SAMSUNG 55QN80H Uydu Alıcılı Tizen 55 inç 139 cm Dahili Uydu Alıcılı 4K UHD SMART TV QLED TV,1,1,Retail,77777,1,Güreller,,0,,
1821428584,TV,TELEVISION,8806099104368,179289055,SAMSUNG,SAMSUNG 55R85H Uydu Alıcılı Tizen Micro RGB 55 inç 139 cm 4K UHD TV,1,1,Retail,109999,1,Güreller,,0,,
1821429030,TV,TELEVISION,8806099001766,179289042,SAMSUNG,SAMSUNG 65LS03HW Uydu Alıcılı Tizen 65 inç 165 cm Dahili Uydu Alıcılı 4K UHD SMART TV QLED TV,2,1,Retail,109999,2,Güreller,,0,1,1
1838946495,TV,TELEVISION,8806099001766,179289042,SAMSUNG,SAMSUNG 65LS03HW Uydu Alıcılı Tizen 65 inç 165 cm Dahili Uydu Alıcılı 4K UHD SMART TV QLED TV,2,5,Retail,105899,1,Smartevim,,0,1,1
1821429165,TV,TELEVISION,8806097966197,179289015,SAMSUNG,SAMSUNG 65M70H Uydu Alıcılı Tizen Mini 65 inç 165 cm 4K UHD SMART TV LED TV,2,1,Retail,64999,2,Güreller,,0,0,0
1824330439,TV,TELEVISION,8806097966197,179289015,SAMSUNG,SAMSUNG 65M70H Uydu Alıcılı Tizen Mini 65 inç 165 cm 4K UHD SMART TV LED TV,2,5,Retail,57699,1,Smartevim,,0,0,0
1821428633,TV,TELEVISION,8806097936619,179289048,SAMSUNG,SAMSUNG 65QN80H Uydu Alıcılı Tizen 65 inç 165 cm 4K UHD QLED TV,1,1,Retail,99999,1,Güreller,,0,314,8
1821428581,TV,TELEVISION,8806099104405,179288992,SAMSUNG,SAMSUNG 65R85H Uydu Alıcılı Tizen Micro RGB 65 inç 165 cm Dahili Uydu Alıcılı 4K UHD SMART TV TV,1,1,Retail,149000,1,Güreller,,0,0,0
1821428607,TV,TELEVISION,8806097966562,179289037,SAMSUNG,SAMSUNG 65R95H Uydu Alıcılı Tizen Micro RGB 65 inç 165 cm 4K UHD TV,1,1,Retail,241250,1,Güreller,,0,,
1821429033,TV,TELEVISION,8806097979548,179289047,SAMSUNG,SAMSUNG 65S85H Uydu Alıcılı Tizen 65 inç 165 cm 4K UHD OLED TV,1,1,Retail,114999,1,Güreller,,0,0,0
1821429151,TV,TELEVISION,8806097979517,179289016,SAMSUNG,SAMSUNG 65S95H Uydu Alıcılı Tizen 65 inç 165 cm Dahili Uydu Alıcılı 4K UHD SMART TV OLED TV,1,1,Retail,249999,1,Güreller,,0,304,7
1832731496,SDA,EPILATOR & OTHER HAIR REMOVAL,8006530193962,178245919,BRAUN,BRAUN FaceSpa Pro 3 Ekstra 911 Yüz Tüyü Alma Makinesi Beyaz,1,97,Retail,5499,1,Braun Shop,,0,0,0
1821429167,TV,TELEVISION,8806097966081,179289002,SAMSUNG,SAMSUNG 75M70H Uydu Alıcılı Mini LED Smart 75 inç 190 cm Dahili Uydu Alıcılı 4K UHD SMART TV TV,1,1,Retail,79999,1,Güreller,,0,,
1821429102,TV,TELEVISION,8806097999645,179289161,SAMSUNG,SAMSUNG 75M80H Uydu Alıcılı Tizen Mini 75 inç 190 cm Dahili Uydu Alıcılı 4K UHD SMART TV LED TV,1,1,Retail,99999,1,Güreller,,0,,
1821428616,TV,TELEVISION,8806097936633,179289005,SAMSUNG,SAMSUNG 75QN80H Uydu Alıcılı Tizen 75 inç 190 cm Dahili Uydu Alıcılı 4K UHD SMART TV QLED TV,1,1,Retail,144990,1,Güreller,,0,,
1821428580,TV,TELEVISION,8806099104412,179289040,SAMSUNG,SAMSUNG 75R85H Uydu Alıcılı Tizen Micro RGB 75 inç 190 cm 4K UHD TV,1,1,Retail,199000,1,Güreller,,0,,
1821428593,TV,TELEVISION,8806097966937,179289014,SAMSUNG,SAMSUNG 75R95H Uydu Alıcılı Tizen Micro RGB 75 inç 190 cm Dahili Uydu Alıcılı 4K UHD SMART TV TV,1,1,Retail,284999,1,Güreller,,0,0,0
1839446017,IT Acc.,STEERING WHEEL,4961818038271,145967298,HORI,HORI Force Feedback PC Truck Direksiyon Seti,1,1,Retail,69899,1,StartGame,,0,0,0
1821429149,TV,TELEVISION,8806097979524,179289041,SAMSUNG,SAMSUNG 77S95H Uydu Alıcılı Tizen 77 inç 195 cm Dahili Uydu Alıcılı 4K UHD SMART TV OLED TV,1,1,Retail,299999,1,Güreller,,0,,
1846654141,IT Acc.,HARD DISK (INTERNAL),0740617344790,145381326,KINGSTON,KINGSTON NV3 SNV3S/1000G 6000-4000MB/s SATA 1 TB SSD,5,70,Retail,10779,1,Teknomevo,,0,1,1
1821429164,TV,TELEVISION,8806097966098,179289059,SAMSUNG,SAMSUNG 85M70H Uydu Alıcılı Tizen Mini 85 inç 216 cm Dahili Uydu Alıcılı 4K UHD SMART TV LED TV,1,1,Retail,99999,1,Güreller,,0,0,0
1821429112,TV,TELEVISION,8806097999621,179289003,SAMSUNG,SAMSUNG 85M80H Uydu Alıcılı Tizen Mini 85 inç 216 cm Dahili Uydu Alıcılı 4K UHD SMART TV LED TV,1,1,Retail,119999,1,Güreller,,0,0,0
1821428609,TV,TELEVISION,8806097934943,179289006,SAMSUNG,SAMSUNG 85QN80H Uydu Alıcılı Tizen 85 inç 216 cm Dahili Uydu Alıcılı 4K UHD SMART TV QLED TV,1,1,Retail,149999,1,Güreller,,0,0,0
1821428578,TV,TELEVISION,8806099104429,179289061,SAMSUNG,SAMSUNG 85R85H Uydu Alıcılı Tizen Micro RGB 85 inç 216 cm 4K UHD TV,1,1,Retail,249000,1,Güreller,,0,0,0
1838891514,TV,TELEVISION,8806097979500,182215132,SAMSUNG,SAMSUNG QE48S90HAEXTK SS4 48 inç 121 cm Dahili Uydu Alıcılı 4K UHD SMART TV Mini LED TV,1,1,Retail,89999,1,Güreller,,0,,
1838944001,TV,TELEVISION,8806097961383,182236245,SAMSUNG,SAMSUNG QE55S85HAEXTK Uydu Alıcılı Smart Vision AI Smart (2026) 55 inç 139 cm 4K TV,2,5,Retail,84399,1,Smartevim,,0,,
1838891529,TV,TELEVISION,8806097961383,182236245,SAMSUNG,SAMSUNG QE55S85HAEXTK Uydu Alıcılı Smart Vision AI Smart (2026) 55 inç 139 cm 4K TV,2,1,Retail,89999,2,Güreller,,0,,
1838891513,TV,TELEVISION,8806097966203,182215125,SAMSUNG,SAMSUNG QE55S90HAEXTK SS5 55 inç 139 cm Dahili Uydu Alıcılı 4K SMART TV OLED TV,1,1,Retail,109999,1,Güreller,,0,,
1838631061,TV,TELEVISION,8806097966210,182215126,SAMSUNG,SAMSUNG QE65S90HAEXTK SS6 65 inç 165 cm Dahili Uydu Alıcılı 4K SMART TV OLED TV,1,1,Retail,159999,1,Güreller,,0,0,0
1838631052,TV,TELEVISION,8806097979555,182215104,SAMSUNG,SAMSUNG QE77S90HATXTK SS7 77 inç 195 cm Dahili Uydu Alıcılı 4K SMART TV OLED TV,1,1,Retail,209999,1,Güreller,,0,0,0
1760902824,IT Acc.,KEYBOARD + MOUSE SETS,5099206087309,172385688,LOGITECH,LOGITECH MK470 Kablosuz Kablosuz Klavye ve Mouse Beyaz,6,10,Retail,3252.7,1,netsiparis,,0,0,0
1689755024,SDA,HAIR TRIMMER,3030050165371,95683689,BABYLISS,BABYLISS E996E Super X Metal 10 Başlıklı Saç ve Sakal Kesme Makinesi Metalik,1,1,Retail,17999,1,TAŞARAVM,,0,0,0
1698112212,SDA,MULTIGROOMER,3030050153118,99527729,BABYLISS,BABYLISS MT725E 6 Başlıklı Multi Yüz & Vücut Erkek Bakım Seti Siyah,1,3,Retail,7999,1,TAŞARAVM,,0,0,0
1821445780,IT Acc.,USB STICK,0619659163761,95676998,SANDISK,SANDISK 130Mb/S SDCZ430 128G G46 Ultra USB 3.2 128 GB USB Bellek,1,19,Retail,1399,1,GpnTeknoloji,,0,,
1825556518,SDA,SHAVER,4210201313922,99527788,BRAUN,BRAUN Body Mini Trimmer BS1000 Islak&Kuru Vücut Tüy Kesme Makinesi Beyaz,2,38,Retail,1299,1,Braun Shop,,0,1,1
1737281638,SDA,SHAVER,4210201313922,99527788,BRAUN,BRAUN Body Mini Trimmer BS1000 Islak&Kuru Vücut Tüy Kesme Makinesi Beyaz,2,4,Retail,5554,2,TAŞARAVM,,0,1,1
1760900906,IT Acc.,HARD DISK (EXTERNAL),0887276396941,95705617,SAMSUNG,SAMSUNG MU-PC2T0T/WW 2 TB Taşınabilir SSD Gri,3,5,Retail,31207.4,1,netsiparis,,0,0,0
1809603748,SDA,HAIR TRIMMER,8710103970316,92680580,PHILIPS,PHILIPS HC3525/15 Saç Kesme Makinesi Gri,3,1,Retail,2088,1,Derka Shop,,0,0,0
1689754981,SDA,HAIR TRIMMER,8710103970316,92680580,PHILIPS,PHILIPS HC3525/15 Saç Kesme Makinesi Gri,3,2,Retail,4999,3,TAŞARAVM,,0,0,0
1751902302,SDA,HAIR TRIMMER,8710103970316,92680580,PHILIPS,PHILIPS HC3525/15 Saç Kesme Makinesi Gri,3,2,Retail,2993,2,RAST ENTERPRISE,,0,0,0
1787642296,SDA,HAIR TRIMMER,8710103897842,95683760,PHILIPS,PHILIPS HC5630/15 Kablolu+Kablosuz Islak/Kuru Saç Kesme Makinesi Gri,2,8,Retail,3399,1,Makroreyon,,0,0,0
1668503982,SDA,HAIR TRIMMER,8710103897842,95683760,PHILIPS,PHILIPS HC5630/15 Kablolu+Kablosuz Islak/Kuru Saç Kesme Makinesi Gri,2,8,Retail,3999,2,TAŞARAVM,,0,0,0
1788224508,SDA,MULTIGROOMER,8720689047739,174754999,PHILIPS,PHILIPS MG7935/15 Erkek Bakım Seti Gri,3,10,Retail,4949,3,Makroreyon,,0,0,0
1823385431,SDA,MULTIGROOMER,8720689047739,174754999,PHILIPS,PHILIPS MG7935/15 Erkek Bakım Seti Gri,3,1,Retail,3649,1,Derka Shop,,0,0,0
1812289646,SDA,MULTIGROOMER,8720689047739,174754999,PHILIPS,PHILIPS MG7935/15 Erkek Bakım Seti Gri,3,43,Retail,3809,2,Airyshop,,0,0,0
1605337369,SDA,HAIR TRIMMER,4008496941889,94005311,REMINGTON,REMINGTON BHT6450 Quickgroom Vücut Tıraş Makinesi Sarı,2,66,Retail,1388.24,1,YeniseY,,0,0,0
1779197139,SDA,HAIR TRIMMER,4008496941889,94005311,REMINGTON,REMINGTON BHT6450 Quickgroom Vücut Tıraş Makinesi Sarı,2,1,Retail,2499,2,Karakaya Bilişim,,0,0,0
1846351468,IT Acc.,USB STICK,0740617326376,106421549,KINGSTON,KINGSTON Gen 1 Datatraveler Exodia M USB 3.0 128 GB Taşınabilir USB Bellek,3,100,Retail,1079,1,Teknomevo,,0,,
1605337523,SDA,MULTIGROOMER,5038061100877,99527964,REMINGTON,REMINGTON PG4000 Graphite G4 Erkek Bakım Seti Siyah,1,6,Retail,2907.2,1,YeniseY,,0,0,0
1814885793,Photo,CAR CAMERAS,6971669788049,177985271,70MAI,70MAI Dash Cam A810 Lite- RC21 Set Araç İçi Kamera,1,20,Retail,6199,1,70mai Türkiye,,0,89,6
1829788968,IT Acc.,HARD DISK (EXTERNAL),0887276396941,95705617,SAMSUNG,SAMSUNG MU-PC2T0T/WW 2 TB Taşınabilir SSD Gri,3,5,Retail,41938.81,3,Yedigün Bilişim,,0,0,0
1830520654,IT Acc.,HARD DISK (EXTERNAL),0887276396941,95705617,SAMSUNG,SAMSUNG MU-PC2T0T/WW 2 TB Taşınabilir SSD Gri,3,5,Retail,36055,2,Kraft Online,,0,0,0
1830527567,IT Acc.,INK CARTRIDGE & TONER,4038816069030,174732270,CANON,CANON 6286C001 GI-45 M EMB KIRMIZI KARTUS Mürekkep baskı Kartuş Kırmızı,1,2,Retail,1089.9,1,Kraft Online,,0,0,0
1830527641,IT HW,SCANNER,4549292119855,95677088,CANON,CANON Lide 400 Tarayıcı Siyah,3,16,Retail,6150.6,2,Kraft Online,,0,5,0
1760900790,IT HW,SCANNER,4549292119855,95677088,CANON,CANON Lide 400 Tarayıcı Siyah,3,2,Retail,5363.8,1,netsiparis,,0,5,0
1770236814,IT HW,SCANNER,4549292119855,95677088,CANON,CANON Lide 400 Tarayıcı Siyah,3,2,Retail,6190.3,3,UzmanlarPC,,0,5,0
1838277512,IT HW,PRINTERS,4549292240399,178686406,CANON,CANON Maxify GX6140 Çok Fonksiyonlu Wi-Fi Tanklı Mürekkep Yazıcı,2,5,Retail,32435.76,2,Yedigün Bilişim,,0,,
1838571087,IT HW,PRINTERS,4549292240399,178686406,CANON,CANON Maxify GX6140 Çok Fonksiyonlu Wi-Fi Tanklı Mürekkep Yazıcı,2,4,Retail,24406.8,1,netsiparis,,0,,
1845592931,IT HW,PRINTERS,4549292234183,183700660,CANON,CANON Pixma E3640 Yazdırma + Tarayıcı + Fotokopi + Wi-Fi + Bulut Bağlantısı Çok Fonksiyonlu Yazıcı,1,100,Retail,4099,1,Nethouse,,0,0,0
1838149639,IT Acc.,INK CARTRIDGE & TONER,4549292158212,96988989,CANON,CANON Selphy QX10 Color Ink/Label Set XS-20L Lazer baskı Beyaz,1,21,Retail,1583.5,1,Kraft Online,,0,0,0
1844000689,IT HW,3D PRINTER,6977726812306,181332615,CREALITY,CREALITY SparkX i7 Combo 3D Yazıcı Çok Renkli,1,10,Retail,24799,1,BETA PLUS TEKNOLOJİ,,0,,
1770235989,IT Acc.,INK CARTRIDGE & TONER,8715946655840,96631391,EPSON,EPSON 103 C13T00S14A Kartuş Mürekkep baskı Mürekkep Siyah,4,71,Retail,918.49,3,UzmanlarPC,,0,0,1
1834100288,IT Acc.,INK CARTRIDGE & TONER,8715946655840,96631391,EPSON,EPSON 103 C13T00S14A Kartuş Mürekkep baskı Mürekkep Siyah,4,20,Retail,1345.87,4,Yedigün Bilişim,,0,0,1
1760901275,IT Acc.,INK CARTRIDGE & TONER,8715946655840,96631391,EPSON,EPSON 103 C13T00S14A Kartuş Mürekkep baskı Mürekkep Siyah,4,12,Retail,632.6,1,netsiparis,,0,0,1
1830520537,IT Acc.,INK CARTRIDGE & TONER,8715946655840,96631391,EPSON,EPSON 103 C13T00S14A Kartuş Mürekkep baskı Mürekkep Siyah,4,1,Retail,696.9,2,Kraft Online,,0,0,1
1830520717,IT Acc.,INK CARTRIDGE & TONER,8715946655857,96631396,EPSON,EPSON 103 C13T00S24A Kartuş Mürekkep baskı Mürekkep Mavi,4,12,Retail,652.3,2,Kraft Online,,0,0,1
1834100287,IT Acc.,INK CARTRIDGE & TONER,8715946655857,96631396,EPSON,EPSON 103 C13T00S24A Kartuş Mürekkep baskı Mürekkep Mavi,4,20,Retail,1297.17,4,Yedigün Bilişim,,0,0,1
1760901274,IT Acc.,INK CARTRIDGE & TONER,8715946655857,96631396,EPSON,EPSON 103 C13T00S24A Kartuş Mürekkep baskı Mürekkep Mavi,4,12,Retail,632.6,1,netsiparis,,0,0,1
1770236623,IT Acc.,INK CARTRIDGE & TONER,8715946655857,96631396,EPSON,EPSON 103 C13T00S24A Kartuş Mürekkep baskı Mürekkep Mavi,4,20,Retail,903.97,3,UzmanlarPC,,0,0,1
1760901171,IT Acc.,INK CARTRIDGE & TONER,8715946655864,96631309,EPSON,EPSON 103 C13T00S34A Kartuş Mürekkep baskı Mürekkep Kırmızı,4,7,Retail,632.6,1,netsiparis,,0,0,0
1834100284,IT Acc.,INK CARTRIDGE & TONER,8715946655864,96631309,EPSON,EPSON 103 C13T00S34A Kartuş Mürekkep baskı Mürekkep Kırmızı,4,20,Retail,1297.17,4,Yedigün Bilişim,,0,0,0
1830520788,IT Acc.,INK CARTRIDGE & TONER,8715946655864,96631309,EPSON,EPSON 103 C13T00S34A Kartuş Mürekkep baskı Mürekkep Kırmızı,4,7,Retail,652.3,2,Kraft Online,,0,0,0
1770237058,IT Acc.,INK CARTRIDGE & TONER,8715946655864,96631309,EPSON,EPSON 103 C13T00S34A Kartuş Mürekkep baskı Mürekkep Kırmızı,4,20,Retail,903.97,3,UzmanlarPC,,0,0,0
1770236402,IT Acc.,INK CARTRIDGE & TONER,8715946655871,96631306,EPSON,EPSON 103 C13T00S44A Kartuş Mürekkep baskı Mürekkep Sarı,4,20,Retail,956.25,3,UzmanlarPC,,0,0,0
1830520892,IT Acc.,INK CARTRIDGE & TONER,8715946655871,96631306,EPSON,EPSON 103 C13T00S44A Kartuş Mürekkep baskı Mürekkep Sarı,4,9,Retail,652.3,2,Kraft Online,,0,0,0
1834100285,IT Acc.,INK CARTRIDGE & TONER,8715946655871,96631306,EPSON,EPSON 103 C13T00S44A Kartuş Mürekkep baskı Mürekkep Sarı,4,20,Retail,1345.87,4,Yedigün Bilişim,,0,0,0
1760901186,IT Acc.,INK CARTRIDGE & TONER,8715946655871,96631306,EPSON,EPSON 103 C13T00S44A Kartuş Mürekkep baskı Mürekkep Sarı,4,9,Retail,632.6,1,netsiparis,,0,0,0
1842598689,IT HW,PRINTERS,8715946741741,183054385,EPSON,EPSON EcoTank L3356 Wi-Fi Çok Fonksiyonlu Fotokopi Tarayıcı Mürekkep Püskürtmeli Yazıcı,1,20,Retail,9659.1,1,netsiparis,,0,0,0
1842324657,IT HW,PRINTERS,8715946741789,183020036,EPSON,EPSON EcoTank L3360 Çok Fonksiyonlu Kablosuz Mürekkep Tanklı Yazıcı,1,17,Retail,10833.3,1,netsiparis,,0,0,0
1842598688,IT HW,PRINTERS,8715946740850,183054391,EPSON,EPSON EcoTank L5390 C11CL59405 Çok Fonksiyonlu Mürekkep Tanklı Yazıcı,1,9,Retail,17609.5,1,netsiparis,,0,,
1838567368,IT HW,PRINTERS,8715946733357,181220733,EPSON,EPSON Ecotank L6390 A4 Renkli Çok Fonksiyonlu Yazıcı,2,7,Retail,22532.6,1,netsiparis,,0,0,0
1835634225,IT HW,PRINTERS,8715946733357,181220733,EPSON,EPSON Ecotank L6390 A4 Renkli Çok Fonksiyonlu Yazıcı,2,1,Retail,27653.61,2,UzmanlarPC,,0,0,0
1825819799,IT HW,PRINTERS,4547410455649,95705232,FUJIFILM,FUJIFILM Instax Link Wide Fotoğraf Yazıcısı,1,3,Retail,9899,1,Desibela,,0,,
1825819702,IT HW,PRINTERS,4547410455632,95705372,FUJIFILM,FUJIFILM Instax Link Wide Fotoğraf Yazıcısı,1,27,Retail,9899,1,Desibela,,0,,
1846348656,IT Acc.,USB STICK,0740617326260,108859838,KINGSTON,KINGSTON DTXM USB 3.0 64 GB USB Bellek,2,100,Retail,699,1,Teknomevo,,0,,
1842527318,IT Acc.,INK CARTRIDGE & TONER,0889296160946,174588473,HP,HP 652 (F6V25AE) Mürekkep Kartuş Mürekkep baskı Siyah,1,5,Retail,1500,1,Tonerin Burada,,0,,
1838571081,IT HW,PRINTERS,0195908302995,97294397,HP,HP Smart Tank 720 6UU46A Çift Taraflı Renkli Tanklı Yazıcı,1,5,Retail,16791.6,1,netsiparis,,0,,
1828617027,SDA,LADY SHAVER,8006530193863,180386789,BRAUN,BRAUN FS1000 Mini Pil ve Temizleme Fırçası Seyahat Boy Kablosuz Kullanım Yüz Tüyü Alma Makinesi Beyaz,1,2165,Retail,1599,1,Braun Shop,,0,0,0
1845256817,MDA,WASHING MACHINE,8059019124858,179041488,HOOVER,HOOVER HBR 414BL9-17 A Enerji Sınıfı 14 kg 1400 rpm Çamaşır Makinesi Beyaz,2,15,Retail,29999,1,EPATeknoloji,,0,0,0
1820639377,MDA,WASHING MACHINE,8059019124858,179041488,HOOVER,HOOVER HBR 414BL9-17 A Enerji Sınıfı 14 kg 1400 rpm Çamaşır Makinesi Beyaz,2,3,Retail,31990,2,Etinova,,0,0,0
1846240602,MDA,WASHER DRYER,8059019126227,183750878,HOOVER,HOOVER HBWR 4117BL10-17 - Enerji Sınıfı 11 kg Kurutmalı Çamaşır Makinesi Beyaz,1,15,Retail,26999,1,EPATeknoloji,,0,0,0
1834712857,MDA,WASHER DRYER,8059019121864,181430038,HOOVER,HOOVER HBWR 4138BL10-17 8 kg Kurutma Wi-Fi Bağlantılı 1400 Devir - Enerji Sınıfı 13 kg Kurutmalı Çamaşır Makinesi Beyaz,3,1,Retail,34590,3,Etinova,,0,0,0
1840929659,MDA,WASHER DRYER,8059019121864,181430038,HOOVER,HOOVER HBWR 4138BL10-17 8 kg Kurutma Wi-Fi Bağlantılı 1400 Devir - Enerji Sınıfı 13 kg Kurutmalı Çamaşır Makinesi Beyaz,3,14,Retail,33189,2,Airyshop,,0,0,0
1845266174,MDA,WASHER DRYER,8059019121864,181430038,HOOVER,HOOVER HBWR 4138BL10-17 8 kg Kurutma Wi-Fi Bağlantılı 1400 Devir - Enerji Sınıfı 13 kg Kurutmalı Çamaşır Makinesi Beyaz,3,15,Retail,28999,1,EPATeknoloji,,0,0,0
1834712856,MDA,WASHING MACHINE,8059019121970,181430754,HOOVER,HOOVER Hey 29B8-17 1200 Devir - Enerji Sınıfı 9 kg Çamaşır Makinesi Beyaz,1,3,Retail,22900,1,Etinova,,0,4,0
1784635845,MDA,WASHING MACHINE,8806084251992,174677781,LG,LG F4Y5EYWYJ.AMBPLTK A Enerji Sınıfı 11 kg Çamaşır Makinesi Siyah,2,5,Retail,39899,2,Smartevim,,0,0,0
1846677056,MDA,WASHING MACHINE,8806084251992,174677781,LG,LG F4Y5EYWYJ.AMBPLTK A Enerji Sınıfı 11 kg Çamaşır Makinesi Siyah,2,18,Retail,32899,1,ankastrezone,,0,0,0
1818747515,MDA,WASHING MACHINE,8806095993942,176116386,SAMSUNG,SAMSUNG Bespoke AI WW11DB8B95GHAH 1400 Devir A Enerji Sınıfı 11 kg Çamaşır Makinesi Beyaz,2,1,Retail,49999,2,RAST ENTERPRISE,,0,0,0
1801770274,MDA,WASHING MACHINE,8806095993942,176116386,SAMSUNG,SAMSUNG Bespoke AI WW11DB8B95GHAH 1400 Devir A Enerji Sınıfı 11 kg Çamaşır Makinesi Beyaz,2,10,Retail,41799,1,Smartevim,,0,0,0
1783494308,MDA,WASHING MACHINE,8806095993911,174677793,SAMSUNG,SAMSUNG WW11DB7B34GBAH A Enerji Sınıfı 11 kg Çamaşır Makinesi Siyah,1,10,Retail,39899,1,Smartevim,,0,12,0
1818751618,MDA,WASHING MACHINE,8806095993973,174677790,SAMSUNG,SAMSUNG WW11DG6B25LBAH A Enerji Sınıfı 11 kg Çamaşır Makinesi Siyah,1,1,Retail,44999,1,RAST ENTERPRISE,,0,0,0
1818753203,MDA,WASHING MACHINE,8806095993997,174677789,SAMSUNG,SAMSUNG WW90DG6U25LBAH A Enerji Sınıfı 9 kg Çamaşır Makinesi Siyah,1,1,Retail,41990,1,RAST ENTERPRISE,,0,0,0
1828564028,IT Acc.,WEBCAMS,5099206064201,92468279,LOGITECH,LOGITECH C270 HD 720p Webcam,4,5,Retail,2711.78,2,Yedigün Bilişim,,0,0,0
1770236031,IT Acc.,WEBCAMS,5099206064201,92468279,LOGITECH,LOGITECH C270 HD 720p Webcam,4,17,Retail,2346.41,1,UzmanlarPC,,0,0,0
1826349601,IT Acc.,WEBCAMS,5099206064201,92468279,LOGITECH,LOGITECH C270 HD 720p Webcam,4,25,Retail,2792.73,3,Yedigün Bilişim,,0,0,0
1834098904,IT Acc.,WEBCAMS,5099206064201,92468279,LOGITECH,LOGITECH C270 HD 720p Webcam,4,20,Retail,2906.58,4,Yedigün Bilişim,,0,0,0
1770236918,IT Acc.,WEBCAMS,0724872309862,92468266,LOGITECH,LOGITECH C920 Pro Mikrofonlu 1920 x 1080 Pixel Webcam,4,1,Retail,7588.85,2,UzmanlarPC,,0,0,1
1760900733,IT Acc.,WEBCAMS,0724872309862,92468266,LOGITECH,LOGITECH C920 Pro Mikrofonlu 1920 x 1080 Pixel Webcam,4,1,Retail,6299.4,1,netsiparis,,0,0,1
1828565823,IT Acc.,WEBCAMS,0724872309862,92468266,LOGITECH,LOGITECH C920 Pro Mikrofonlu 1920 x 1080 Pixel Webcam,4,11,Retail,10111.87,4,Yedigün Bilişim,,0,0,1
1834098927,IT Acc.,WEBCAMS,0724872309862,92468266,LOGITECH,LOGITECH C920 Pro Mikrofonlu 1920 x 1080 Pixel Webcam,4,20,Retail,8792.93,3,Yedigün Bilişim,,0,0,1
1770236502,IT Acc.,WEBCAMS,5099206066977,94871438,LOGITECH,LOGITECH C922 Pro Stream Mikrofonlu 30 FPS’de tam 1080p veya 60 FPS'de süper hızlı HD 720p seçimi Webcam,5,2,Retail,9175.16,2,UzmanlarPC,,0,0,0
1760906858,IT Acc.,WEBCAMS,5099206066977,94871438,LOGITECH,LOGITECH C922 Pro Stream Mikrofonlu 30 FPS’de tam 1080p veya 60 FPS'de süper hızlı HD 720p seçimi Webcam,5,5,Retail,7994.3,1,netsiparis,,0,0,0
1828565825,IT Acc.,WEBCAMS,5099206066977,94871438,LOGITECH,LOGITECH C922 Pro Stream Mikrofonlu 30 FPS’de tam 1080p veya 60 FPS'de süper hızlı HD 720p seçimi Webcam,5,5,Retail,10571.54,3,Yedigün Bilişim,,0,0,0
1834099526,IT Acc.,WEBCAMS,5099206066977,94871438,LOGITECH,LOGITECH C922 Pro Stream Mikrofonlu 30 FPS’de tam 1080p veya 60 FPS'de süper hızlı HD 720p seçimi Webcam,5,12,Retail,10910.32,4,Yedigün Bilişim,,0,0,0
1826349108,IT Acc.,WEBCAMS,5099206066977,94871438,LOGITECH,LOGITECH C922 Pro Stream Mikrofonlu 30 FPS’de tam 1080p veya 60 FPS'de süper hızlı HD 720p seçimi Webcam,5,5,Retail,12545.13,5,Yedigün Bilişim,,0,0,0
1836702471,IT Acc.,MOUSE,5099206096325,99137457,LOGITECH G,LOGITECH G G502 X 1 MS Kablosuz Mouse Beyaz,1,55,Retail,3739,1,BETA PLUS TEKNOLOJİ,,0,0,0
1596718223,IT Acc.,MOUSE,5099206096301,99137345,LOGITECH G,LOGITECH G G502 X 1 MS Kablosuz Mouse Siyah,1,12,Retail,4319,1,BETA PLUS TEKNOLOJİ,,0,1,0
1596697356,IT Acc.,MOUSE,5099206096363,99137615,LOGITECH G,LOGITECH G G502 X Plus 1 MS Kablosuz Mouse Beyaz,1,6,Retail,8759,1,BETA PLUS TEKNOLOJİ,,0,0,0
1834098999,IT Acc.,MOUSE,4058154035566,95683969,LOGITECH,LOGITECH M171 Kablosuz Mouse Kırmızı-Siyah,7,20,Retail,1309.92,7,Yedigün Bilişim,,0,0,0
1826349169,IT Acc.,MOUSE,4058154035566,95683969,LOGITECH,LOGITECH M171 Kablosuz Mouse Kırmızı-Siyah,7,10,Retail,1257.59,6,Yedigün Bilişim,,0,0,0
1771169412,IT Acc.,MOUSE,4058154035566,95683969,LOGITECH,LOGITECH M171 Kablosuz Mouse Kırmızı-Siyah,7,10,Retail,822.8,2,Kraft Online,,0,0,0
1770236624,IT Acc.,MOUSE,4058154035566,95683969,LOGITECH,LOGITECH M171 Kablosuz Mouse Kırmızı-Siyah,7,20,Retail,972.09,3,UzmanlarPC,,0,0,0
1828566306,IT Acc.,MOUSE,4058154035566,95683969,LOGITECH,LOGITECH M171 Kablosuz Mouse Kırmızı-Siyah,7,20,Retail,1257.59,5,Yedigün Bilişim,,0,0,0
1797321864,IT Acc.,MOUSE,4058154035566,95683969,LOGITECH,LOGITECH M171 Kablosuz Mouse Kırmızı-Siyah,7,10,Retail,989,4,Ebrar Bilgisayar,,0,0,0
1760901009,IT Acc.,MOUSE,4058154035566,95683969,LOGITECH,LOGITECH M171 Kablosuz Mouse Kırmızı-Siyah,7,10,Retail,780.2,1,netsiparis,,0,0,0
1828566307,IT Acc.,MOUSE,4058154035559,95685154,LOGITECH,LOGITECH M171 Kablosuz Mouse Mavi/Siyah,4,20,Retail,1257.59,3,Yedigün Bilişim,,0,0,0
1834098979,IT Acc.,MOUSE,4058154035559,95685154,LOGITECH,LOGITECH M171 Kablosuz Mouse Mavi/Siyah,4,20,Retail,1309.92,4,Yedigün Bilişim,,0,0,0
1770237014,IT Acc.,MOUSE,4058154035559,95685154,LOGITECH,LOGITECH M171 Kablosuz Mouse Mavi/Siyah,4,20,Retail,972.09,2,UzmanlarPC,,0,0,0
1760901035,IT Acc.,MOUSE,4058154035559,95685154,LOGITECH,LOGITECH M171 Kablosuz Mouse Mavi/Siyah,4,20,Retail,806.1,1,netsiparis,,0,0,0
1834099001,IT Acc.,MOUSE,4058154035542,95684125,LOGITECH,LOGITECH M171 Kablosuz Mouse Siyah,7,20,Retail,1288.12,7,Yedigün Bilişim,,0,0,0
1828566309,IT Acc.,MOUSE,4058154035542,95684125,LOGITECH,LOGITECH M171 Kablosuz Mouse Siyah,7,20,Retail,1257.59,5,Yedigün Bilişim,,0,0,0
1800748533,IT Acc.,MOUSE,4058154035542,95684125,LOGITECH,LOGITECH M171 Kablosuz Mouse Siyah,7,69,Retail,900,3,İndeo Kurumsal,,0,0,0
1760900909,IT Acc.,MOUSE,4058154035542,95684125,LOGITECH,LOGITECH M171 Kablosuz Mouse Siyah,7,25,Retail,780.2,2,netsiparis,,0,0,0
1826349173,IT Acc.,MOUSE,4058154035542,95684125,LOGITECH,LOGITECH M171 Kablosuz Mouse Siyah,7,25,Retail,1257.59,6,Yedigün Bilişim,,0,0,0
1771169401,IT Acc.,MOUSE,4058154035542,95684125,LOGITECH,LOGITECH M171 Kablosuz Mouse Siyah,7,1,Retail,749.6,1,Kraft Online,,0,0,0
1770236778,IT Acc.,MOUSE,4058154035542,95684125,LOGITECH,LOGITECH M171 Kablosuz Mouse Siyah,7,20,Retail,1009.84,4,UzmanlarPC,,0,0,0
1760901048,IT Acc.,MOUSE,0797045609618,95685387,LOGITECH,LOGITECH M185 Kablosuz Mouse Gri,6,20,Retail,818.7,1,netsiparis,,0,0,0
1826349619,IT Acc.,MOUSE,0797045609618,95685387,LOGITECH,LOGITECH M185 Kablosuz Mouse Gri,6,25,Retail,1309.92,4,Yedigün Bilişim,,0,0,0
1771169398,IT Acc.,MOUSE,0797045609618,95685387,LOGITECH,LOGITECH M185 Kablosuz Mouse Gri,6,223,Retail,853,2,Kraft Online,,0,0,0
1770236669,IT Acc.,MOUSE,0797045609618,95685387,LOGITECH,LOGITECH M185 Kablosuz Mouse Gri,6,20,Retail,1061.39,3,UzmanlarPC,,0,0,0
1834098901,IT Acc.,MOUSE,0797045609618,95685387,LOGITECH,LOGITECH M185 Kablosuz Mouse Gri,6,20,Retail,1375.34,6,Yedigün Bilişim,,0,0,0
1828566304,IT Acc.,MOUSE,0797045609618,95685387,LOGITECH,LOGITECH M185 Kablosuz Mouse Gri,6,20,Retail,1309.92,5,Yedigün Bilişim,,0,0,0
1771169403,IT Acc.,MOUSE,5099206028845,95684025,LOGITECH,LOGITECH M185 Kablosuz Mouse Kırmızı-Siyah,6,79,Retail,834.3,2,Kraft Online,,0,0,0
1834098911,IT Acc.,MOUSE,5099206028845,95684025,LOGITECH,LOGITECH M185 Kablosuz Mouse Kırmızı-Siyah,6,20,Retail,1423.31,6,Yedigün Bilişim,,0,0,0
1760900964,IT Acc.,MOUSE,5099206028845,95684025,LOGITECH,LOGITECH M185 Kablosuz Mouse Kırmızı-Siyah,6,78,Retail,790,1,netsiparis,,0,0,0
1770236164,IT Acc.,MOUSE,5099206028845,95684025,LOGITECH,LOGITECH M185 Kablosuz Mouse Kırmızı-Siyah,6,20,Retail,1043.24,3,UzmanlarPC,,0,0,0
1828855398,IT Acc.,MOUSE,5099206028845,95684025,LOGITECH,LOGITECH M185 Kablosuz Mouse Kırmızı-Siyah,6,20,Retail,1291.75,4,Yedigün Bilişim,,0,0,0
1832134830,IT Acc.,MOUSE,5099206028845,95684025,LOGITECH,LOGITECH M185 Kablosuz Mouse Kırmızı-Siyah,6,5,Retail,1379.7,5,Yedigün Bilişim,,0,0,0
1828566310,IT Acc.,MOUSE,0616268722976,94770016,LOGITECH,LOGITECH M185 Kablosuz Mouse Mavi-Siyah,6,20,Retail,1291.75,5,Yedigün Bilişim,,0,0,0
1830520872,IT Acc.,MOUSE,0616268722976,94770016,LOGITECH,LOGITECH M185 Kablosuz Mouse Mavi-Siyah,6,5,Retail,853,2,Kraft Online,,0,0,0
1760900917,IT Acc.,MOUSE,0616268722976,94770016,LOGITECH,LOGITECH M185 Kablosuz Mouse Mavi-Siyah,6,5,Retail,806.1,1,netsiparis,,0,0,0
1826349608,IT Acc.,MOUSE,0616268722976,94770016,LOGITECH,LOGITECH M185 Kablosuz Mouse Mavi-Siyah,6,5,Retail,1255.01,4,Yedigün Bilişim,,0,0,0
1834098902,IT Acc.,MOUSE,0616268722976,94770016,LOGITECH,LOGITECH M185 Kablosuz Mouse Mavi-Siyah,6,20,Retail,1423.31,6,Yedigün Bilişim,,0,0,0
1770236830,IT Acc.,MOUSE,0616268722976,94770016,LOGITECH,LOGITECH M185 Kablosuz Mouse Mavi-Siyah,6,20,Retail,1043.24,3,UzmanlarPC,,0,0,0
1771169416,IT Acc.,MOUSE,4058154127100,95685664,LOGITECH,LOGITECH M220 Sessiz Kablosuz Mouse Siyah,5,1,Retail,1070.9,1,Kraft Online,,0,0,0
1826349151,IT Acc.,MOUSE,4058154127100,95685664,LOGITECH,LOGITECH M220 Sessiz Kablosuz Mouse Siyah,5,25,Retail,1498.01,4,Yedigün Bilişim,,0,0,0
1828566308,IT Acc.,MOUSE,4058154127100,95685664,LOGITECH,LOGITECH M220 Sessiz Kablosuz Mouse Siyah,5,20,Retail,1510.54,5,Yedigün Bilişim,,0,0,0
1834099002,IT Acc.,MOUSE,4058154127100,95685664,LOGITECH,LOGITECH M220 Sessiz Kablosuz Mouse Siyah,5,20,Retail,1497.45,3,Yedigün Bilişim,,0,0,0
1770236736,IT Acc.,MOUSE,4058154127100,95685664,LOGITECH,LOGITECH M220 Sessiz Kablosuz Mouse Siyah,5,25,Retail,1151.41,2,UzmanlarPC,,0,0,0
1760900450,IT Acc.,MOUSE,4058154131237,96988630,LOGITECH,LOGITECH M330 Kablosuz Mouse Siyah,7,25,Retail,1034.3,1,netsiparis,,0,0,0
1825098232,IT Acc.,MOUSE,4058154131237,96988630,LOGITECH,LOGITECH M330 Kablosuz Mouse Siyah,7,5,Retail,1266.69,4,Elitstore,,0,0,0
1834099525,IT Acc.,MOUSE,4058154131237,96988630,LOGITECH,LOGITECH M330 Kablosuz Mouse Siyah,7,20,Retail,1615.21,6,Yedigün Bilişim,,0,0,0
1828566290,IT Acc.,MOUSE,4058154131237,96988630,LOGITECH,LOGITECH M330 Kablosuz Mouse Siyah,7,20,Retail,1684.99,7,Yedigün Bilişim,,0,0,0
1826349152,IT Acc.,MOUSE,4058154131237,96988630,LOGITECH,LOGITECH M330 Kablosuz Mouse Siyah,7,25,Retail,1597.76,5,Yedigün Bilişim,,0,0,0
1770237037,IT Acc.,MOUSE,4058154131237,96988630,LOGITECH,LOGITECH M330 Kablosuz Mouse Siyah,7,25,Retail,1261.76,3,UzmanlarPC,,0,0,0
1771169402,IT Acc.,MOUSE,4058154131237,96988630,LOGITECH,LOGITECH M330 Kablosuz Mouse Siyah,7,25,Retail,1117.1,2,Kraft Online,,0,0,0
1771169382,IT Acc.,MOUSE,5099206088702,94002305,LOGITECH,LOGITECH M500S Optik Kablolu Mouse Siyah,4,20,Retail,1940.8,2,Kraft Online,,0,1,1
1760902700,IT Acc.,MOUSE,5099206088702,94002305,LOGITECH,LOGITECH M500S Optik Kablolu Mouse Siyah,4,20,Retail,1745.2,1,netsiparis,,0,1,1
1770236789,IT Acc.,MOUSE,5099206088702,94002305,LOGITECH,LOGITECH M500S Optik Kablolu Mouse Siyah,4,20,Retail,2143.13,3,UzmanlarPC,,0,1,1
1834101385,IT Acc.,MOUSE,5099206088702,94002305,LOGITECH,LOGITECH M500S Optik Kablolu Mouse Siyah,4,20,Retail,2552.86,4,Yedigün Bilişim,,0,1,1
1770236161,IT Acc.,MOUSE,5099206097247,94956353,LOGITECH,LOGITECH M650 Signature Kablosuz Mouse Beyaz,3,5,Retail,2376.17,1,UzmanlarPC,,0,0,0
1771169417,IT Acc.,MOUSE,5099206097193,96212631,LOGITECH,LOGITECH M650 Signature Kablosuz Mouse Beyaz,3,2,Retail,2190.5,2,Kraft Online,,0,0,0
1826345023,IT Acc.,MOUSE,5099206097193,96212631,LOGITECH,LOGITECH M650 Signature Kablosuz Mouse Beyaz,3,10,Retail,2833.95,3,Yedigün Bilişim,,0,0,0
1834101386,IT Acc.,MOUSE,5099206097247,94956353,LOGITECH,LOGITECH M650 Signature Kablosuz Mouse Beyaz,3,18,Retail,2862.51,3,Yedigün Bilişim,,0,0,0
1826345669,IT Acc.,MOUSE,5099206097247,94956353,LOGITECH,LOGITECH M650 Signature Kablosuz Mouse Beyaz,3,10,Retail,2816.64,2,Yedigün Bilişim,,0,0,0
1760900722,IT Acc.,MOUSE,5099206097193,96212631,LOGITECH,LOGITECH M650 Signature Kablosuz Mouse Beyaz,3,3,Retail,1960.2,1,netsiparis,,0,0,0
1836162991,IT Acc.,MOUSE,5099206097223,94956248,LOGITECH,LOGITECH M650 Signature Kablosuz Mouse Siyah,8,25,Retail,2185,3,Uzman Teknoloji,,0,0,0
1771169411,IT Acc.,MOUSE,5099206097223,94956248,LOGITECH,LOGITECH M650 Signature Kablosuz Mouse Siyah,8,20,Retail,2176.1,2,Kraft Online,,0,0,0
1770236141,IT Acc.,MOUSE,5099206097223,94956248,LOGITECH,LOGITECH M650 Signature Kablosuz Mouse Siyah,8,20,Retail,2369.64,5,UzmanlarPC,,0,0,0
1760900463,IT Acc.,MOUSE,5099206097223,94956248,LOGITECH,LOGITECH M650 Signature Kablosuz Mouse Siyah,8,20,Retail,1948.6,1,netsiparis,,0,0,0
1833673277,IT Acc.,MOUSE,5099206097223,94956248,LOGITECH,LOGITECH M650 Signature Kablosuz Mouse Siyah,8,49,Retail,2199,4,TNG Bilişim,,0,0,0
1834101387,IT Acc.,MOUSE,5099206097223,94956248,LOGITECH,LOGITECH M650 Signature Kablosuz Mouse Siyah,8,20,Retail,2836.34,8,Yedigün Bilişim,,0,0,0
1828566294,IT Acc.,MOUSE,5099206097223,94956248,LOGITECH,LOGITECH M650 Signature Kablosuz Mouse Siyah,8,20,Retail,2818.9,6,Yedigün Bilişim,,0,0,0
1826345667,IT Acc.,MOUSE,5099206097223,94956248,LOGITECH,LOGITECH M650 Signature Kablosuz Mouse Siyah,8,25,Retail,2826.78,7,Yedigün Bilişim,,0,0,0
1824265928,IT Acc.,MOUSE,4058154121580,95685531,LOGITECH,LOGITECH M705 Marathon Kablosuz Mouse Siyah,7,3,Retail,2299,2,GpnTeknoloji,,0,0,0
1826349629,IT Acc.,MOUSE,4058154121580,95685531,LOGITECH,LOGITECH M705 Marathon Kablosuz Mouse Siyah,7,25,Retail,3404.41,7,Yedigün Bilişim,,0,0,0
1770236978,IT Acc.,MOUSE,4058154121580,95685531,LOGITECH,LOGITECH M705 Marathon Kablosuz Mouse Siyah,7,25,Retail,2670.93,4,UzmanlarPC,,0,0,0
1771169383,IT Acc.,MOUSE,4058154121580,95685531,LOGITECH,LOGITECH M705 Marathon Kablosuz Mouse Siyah,7,25,Retail,2462.4,3,Kraft Online,,0,0,0
1828566291,IT Acc.,MOUSE,4058154121580,95685531,LOGITECH,LOGITECH M705 Marathon Kablosuz Mouse Siyah,7,20,Retail,3167.79,5,Yedigün Bilişim,,0,0,0
1834098890,IT Acc.,MOUSE,4058154121580,95685531,LOGITECH,LOGITECH M705 Marathon Kablosuz Mouse Siyah,7,20,Retail,3298.63,6,Yedigün Bilişim,,0,0,0
1760902767,IT Acc.,MOUSE,4058154121580,95685531,LOGITECH,LOGITECH M705 Marathon Kablosuz Mouse Siyah,7,25,Retail,2195.2,1,netsiparis,,0,0,0
1828848024,IT Acc.,WLAN ROUTER,6957939004538,180047467,MERCUSYS,MERCUSYS MB430-DSL 300 Mbps Kablosuz/kablolu Port Router,1,2,Retail,2119,1,Lucky Trend,,0,0,0
1596781818,IT Acc.,MOUSE,8886419333265,94170572,RAZER,RAZER DEATHADDER ESSENTIAL SIYAH 220 Mouse Siyah,1,245,Retail,1739,1,BETA PLUS TEKNOLOJİ,,0,0,0
1760900409,IT Acc.,WLAN ADAPTER & CARDS,6932849427332,95706564,TENDA,TENDA 300 Mbps Hız | 2 Harici Anten | Tek Tuşla Kolay Kurulum | Tüm Modemlerle Uyumlu | 100 m² Kapsama Menzil Genişletici Beyaz,3,50,Retail,1067.2,1,netsiparis,,0,0,0
1770236848,IT Acc.,WLAN ADAPTER & CARDS,6932849427332,95706564,TENDA,TENDA 300 Mbps Hız | 2 Harici Anten | Tek Tuşla Kolay Kurulum | Tüm Modemlerle Uyumlu | 100 m² Kapsama Menzil Genişletici Beyaz,3,10,Retail,1174.77,3,UzmanlarPC,,0,0,0
1832753434,IT Acc.,WLAN ADAPTER & CARDS,6932849427332,95706564,TENDA,TENDA 300 Mbps Hız | 2 Harici Anten | Tek Tuşla Kolay Kurulum | Tüm Modemlerle Uyumlu | 100 m² Kapsama Menzil Genişletici Beyaz,3,50,Retail,1155.2,2,Kraft Online,,0,0,0
1838273072,IT Acc.,MODEMS,6932849435634,181970260,TENDA,TENDA MF6 3G/4G LTE Wi-Fi6 USB-C Taşınabilir Mobil Modem Siyah,2,5,Retail,4868.66,2,Yedigün Bilişim,,0,0,0
1846592418,IT Acc.,MODEMS,6932849435634,181970260,TENDA,TENDA MF6 3G/4G LTE Wi-Fi6 USB-C Taşınabilir Mobil Modem Siyah,2,5,Retail,4197.68,1,UzmanlarPC,,0,0,0
1760901296,IT Acc.,WLAN ROUTER,6932849427844,95705341,TENDA,TENDA MW3 2Lİ Paket AC1200 Tüm Evi Kapsayan Mesh Sistemi***** Kablosuz + Kablolu 2 Port 1200 Mbit/s MU-MIMO Router,2,7,Retail,3299.7,1,netsiparis,,0,0,0
1832753353,IT Acc.,WLAN ROUTER,6932849427844,95705341,TENDA,TENDA MW3 2Lİ Paket AC1200 Tüm Evi Kapsayan Mesh Sistemi***** Kablosuz + Kablolu 2 Port 1200 Mbit/s MU-MIMO Router,2,7,Retail,3788.1,2,Kraft Online,,0,0,0
1832753407,IT Acc.,MODEMS,6932849430486,178768587,TENDA,TENDA V12 AC1200 Dualband 4 Port VDSL/ADSL Kablosuz Modem Router Siyah,2,20,Retail,3213.8,1,Kraft Online,,0,0,0
1841964187,IT Acc.,MODEMS,6932849430486,178768587,TENDA,TENDA V12 AC1200 Dualband 4 Port VDSL/ADSL Kablosuz Modem Router Siyah,2,20,Retail,3909.19,2,Yedigün Bilişim,,0,0,0
1832753445,IT Acc.,SWITCHES,6935364021146,94916043,TP-LINK,TP-LINK 10/100/1000Mbps 5xPort %65 Güç Tasarruflu Çelik Kasa 5 Switch Siyah,5,19,Retail,1079.7,2,Kraft Online,,0,0,0
1770236483,IT Acc.,SWITCHES,6935364021146,94916043,TP-LINK,TP-LINK 10/100/1000Mbps 5xPort %65 Güç Tasarruflu Çelik Kasa 5 Switch Siyah,5,20,Retail,1257.29,3,UzmanlarPC,,0,0,0
1826349604,IT Acc.,SWITCHES,6935364021146,94916043,TP-LINK,TP-LINK 10/100/1000Mbps 5xPort %65 Güç Tasarruflu Çelik Kasa 5 Switch Siyah,5,10,Retail,1597.76,5,Yedigün Bilişim,,0,0,0
1834098915,IT Acc.,SWITCHES,6935364021146,94916043,TP-LINK,TP-LINK 10/100/1000Mbps 5xPort %65 Güç Tasarruflu Çelik Kasa 5 Switch Siyah,5,20,Retail,1597.76,4,Yedigün Bilişim,,0,0,0
1760902658,IT Acc.,SWITCHES,6935364021146,94916043,TP-LINK,TP-LINK 10/100/1000Mbps 5xPort %65 Güç Tasarruflu Çelik Kasa 5 Switch Siyah,5,19,Retail,1001.7,1,netsiparis,,0,0,0
1770236777,IT Acc.,WLAN ROUTER,0845973091675,98535941,TP-LINK,TP-LINK Archer C50 AC1200 5 Port 867 Mbit/s MIMO Kablosuz Router,3,5,Retail,2299.92,2,UzmanlarPC,,0,0,0
1826349112,IT Acc.,WLAN ROUTER,0845973091675,98535941,TP-LINK,TP-LINK Archer C50 AC1200 5 Port 867 Mbit/s MIMO Kablosuz Router,3,5,Retail,2771.48,3,Yedigün Bilişim,,0,0,0
1771966734,IT Acc.,WLAN ROUTER,0845973091675,98535941,TP-LINK,TP-LINK Archer C50 AC1200 5 Port 867 Mbit/s MIMO Kablosuz Router,3,1,Retail,1735.6,1,Kraft Online,,0,0,0
1770236072,IT Acc.,WLAN ROUTER,6935364091675,95705104,TP-LINK,"TP-LINK Archer C50 AC1200 Mbps Kablosuz Dual-Band 4 Port 10,100 Mbit/s MU-MIMO Router",1,18,Retail,2458.19,1,UzmanlarPC,,0,,
1826349046,IT Acc.,WLAN ROUTER,6935364080662,94915551,TP-LINK,"TP-LINK Archer MR400 Kablosuz 3 Port 10,100 Mbit/s MU-MIMO, MIMO Router",3,10,Retail,7977.91,3,Yedigün Bilişim,,0,0,0
1771966719,IT Acc.,WLAN ROUTER,6935364080662,94915551,TP-LINK,"TP-LINK Archer MR400 Kablosuz 3 Port 10,100 Mbit/s MU-MIMO, MIMO Router",3,10,Retail,6669.7,2,Kraft Online,,0,0,0
1760900888,IT Acc.,WLAN ROUTER,6935364080662,94915551,TP-LINK,"TP-LINK Archer MR400 Kablosuz 3 Port 10,100 Mbit/s MU-MIMO, MIMO Router",3,10,Retail,5829.7,1,netsiparis,,0,0,0
1760900822,IT Acc.,WLAN ROUTER,6935364081942,94915532,TP-LINK,"TP-LINK Archer VR300 1200 Mbps Kablosuz wireless, wired 4 Port 10,100 Mbit/s MIMO Modem",6,20,Retail,2788.9,2,netsiparis,,0,0,0
1826349075,IT Acc.,WLAN ROUTER,6935364081942,94915532,TP-LINK,"TP-LINK Archer VR300 1200 Mbps Kablosuz wireless, wired 4 Port 10,100 Mbit/s MIMO Modem",6,4,Retail,4189.79,6,Yedigün Bilişim,,0,0,0
1771966700,IT Acc.,WLAN ROUTER,6935364081942,94915532,TP-LINK,"TP-LINK Archer VR300 1200 Mbps Kablosuz wireless, wired 4 Port 10,100 Mbit/s MIMO Modem",6,20,Retail,3148.8,3,Kraft Online,,0,0,0
1828562075,IT Acc.,WLAN ROUTER,6935364081942,94915532,TP-LINK,"TP-LINK Archer VR300 1200 Mbps Kablosuz wireless, wired 4 Port 10,100 Mbit/s MIMO Modem",6,20,Retail,3994.86,5,Yedigün Bilişim,,0,0,0
1825374365,IT Acc.,WLAN ROUTER,6935364081942,94915532,TP-LINK,"TP-LINK Archer VR300 1200 Mbps Kablosuz wireless, wired 4 Port 10,100 Mbit/s MIMO Modem",6,389,Retail,1999,1,Teknorya,,0,0,0
1770236883,IT Acc.,WLAN ROUTER,6935364081942,94915532,TP-LINK,"TP-LINK Archer VR300 1200 Mbps Kablosuz wireless, wired 4 Port 10,100 Mbit/s MIMO Modem",6,20,Retail,3447,4,UzmanlarPC,,0,0,0
1770234669,IT Acc.,WLAN ROUTER,0845973096854,96239730,TP-LINK,TP-LINK D6220 AC1200 VDSL/ADSL Kablosuz + Kablolu 5 Port 867 Mbit/s MU-MIMO Router,2,5,Retail,4199.14,2,UzmanlarPC,,0,,
1760900786,IT Acc.,WLAN ROUTER,0845973096854,96239730,TP-LINK,TP-LINK D6220 AC1200 VDSL/ADSL Kablosuz + Kablolu 5 Port 867 Mbit/s MU-MIMO Router,2,5,Retail,3252.7,1,netsiparis,,0,,
1842610924,IT Acc.,WLAN ROUTER,6935364085278,96239847,TP-LINK,TP-LINK Deco E4 AC1200 Dual-Band Tüm Ev Mesh WiFi 5 Sistemi 2 Port 1200 Mbit/s MU-MIMO Router,2,12,Retail,3299,1,Teknorya,,0,0,0
1770814791,IT Acc.,WLAN ROUTER,6935364085278,96239847,TP-LINK,TP-LINK Deco E4 AC1200 Dual-Band Tüm Ev Mesh WiFi 5 Sistemi 2 Port 1200 Mbit/s MU-MIMO Router,2,1,Retail,3481.1,2,netsiparis,,0,0,0
1760900523,IT Acc.,WLAN ROUTER,6935364084189,95802781,TP-LINK,TP-LINK Deco M4 2'li Kablosuz 2 Port 1200 Mbit/s MU-MIMO Router,2,1,Retail,4915,1,netsiparis,,0,0,0
1838589583,IT Acc.,WLAN ROUTER,6935364084189,95802781,TP-LINK,TP-LINK Deco M4 2'li Kablosuz 2 Port 1200 Mbit/s MU-MIMO Router,2,1,Retail,5658.7,2,Kraft Online,,0,0,0
1770236818,IT Acc.,SWITCHES,0845973020255,94914285,TP-LINK,TP-LINK GS1024  Gigabit Metal 5 Switch Siyah,5,5,Retail,1117.17,4,UzmanlarPC,,0,0,0
1828579625,IT Acc.,SWITCHES,0845973020255,94914285,TP-LINK,TP-LINK GS1024  Gigabit Metal 5 Switch Siyah,5,58,Retail,849,1,TNG Bilişim,,0,0,0
1830520549,IT Acc.,SWITCHES,0845973020255,94914285,TP-LINK,TP-LINK GS1024  Gigabit Metal 5 Switch Siyah,5,1,Retail,902.8,3,Kraft Online,,0,0,0
1818748926,IT Acc.,SWITCHES,0845973020255,94914285,TP-LINK,TP-LINK GS1024  Gigabit Metal 5 Switch Siyah,5,5,Retail,1399.95,5,Yedigün Bilişim,,0,0,0
1760902857,IT Acc.,SWITCHES,0845973020255,94914285,TP-LINK,TP-LINK GS1024  Gigabit Metal 5 Switch Siyah,5,5,Retail,887.2,2,netsiparis,,0,0,0
1770234528,IT Acc.,WLAN ROUTER,6935364082505,95802761,TP-LINK,TP-LINK M7200 Kablosuz 1 Port 300000 kbit/s MIMO Mobil Router,3,2,Retail,4206.4,3,UzmanlarPC,,0,0,0
1828856819,IT Acc.,WLAN ROUTER,6935364082505,95802761,TP-LINK,TP-LINK M7200 Kablosuz 1 Port 300000 kbit/s MIMO Mobil Router,3,1,Retail,3499,1,Lucky Trend,,0,0,0
1760900415,IT Acc.,WLAN ROUTER,6935364082505,95802761,TP-LINK,TP-LINK M7200 Kablosuz 1 Port 300000 kbit/s MIMO Mobil Router,3,3,Retail,3517,2,netsiparis,,0,0,0
1837942977,IT Acc.,WLAN ROUTER,1210002602914,176364141,TP-LINK,TP-LINK M8550 Axe3600 Triband 5G LTE Mobil Kablosuz Kablosuz 1 Port 3600 Mbit/s MU-MIMO Router,3,20,Retail,28784.4,2,Kraft Online,,0,,
1832127929,IT Acc.,WLAN ROUTER,1210002602914,176364141,TP-LINK,TP-LINK M8550 Axe3600 Triband 5G LTE Mobil Kablosuz Kablosuz 1 Port 3600 Mbit/s MU-MIMO Router,3,20,Retail,33652.54,3,Yedigün Bilişim,,0,,
1841996827,IT Acc.,WLAN ROUTER,1210002602914,176364141,TP-LINK,TP-LINK M8550 Axe3600 Triband 5G LTE Mobil Kablosuz Kablosuz 1 Port 3600 Mbit/s MU-MIMO Router,3,20,Retail,25113.3,1,netsiparis,,0,,
1841277599,IT Acc.,WLAN REPEATER,6935364071295,95939720,TP-LINK,TP-LINK RE200 | Wi-Fi 5 Extender | AC750 Mbps | 1 Ethernet | AP Modu | Dual Band | Tek Tuş Kurulum MIMO Wi-Fi Güçlendirici,4,10,Retail,2501.05,4,Yedigün Bilişim,,0,0,0
1834098931,IT Acc.,WLAN REPEATER,6935364071295,95939720,TP-LINK,TP-LINK RE200 | Wi-Fi 5 Extender | AC750 Mbps | 1 Ethernet | AP Modu | Dual Band | Tek Tuş Kurulum MIMO Wi-Fi Güçlendirici,4,20,Retail,2397.65,3,Yedigün Bilişim,,0,0,0
1771966729,IT Acc.,WLAN REPEATER,6935364071295,95939720,TP-LINK,TP-LINK RE200 | Wi-Fi 5 Extender | AC750 Mbps | 1 Ethernet | AP Modu | Dual Band | Tek Tuş Kurulum MIMO Wi-Fi Güçlendirici,4,10,Retail,1625.7,2,Kraft Online,,0,0,0
1760902764,IT Acc.,WLAN REPEATER,6935364071295,95939720,TP-LINK,TP-LINK RE200 | Wi-Fi 5 Extender | AC750 Mbps | 1 Ethernet | AP Modu | Dual Band | Tek Tuş Kurulum MIMO Wi-Fi Güçlendirici,4,10,Retail,1473.1,1,netsiparis,,0,0,0
1760902632,IT Acc.,WLAN REPEATER,6935364097974,95939698,TP-LINK,TP-LINK RE305 | Wi-Fi 5 Extender | AC1200 Mbps | 2 Anten | 1 Ethernet | AP Modu | EasyMesh | Dual Band MIMO Wi-Fi Güçlendirici,4,20,Retail,1902.2,1,netsiparis,,0,0,0
1830520776,IT Acc.,WLAN REPEATER,6935364097974,95939698,TP-LINK,TP-LINK RE305 | Wi-Fi 5 Extender | AC1200 Mbps | 2 Anten | 1 Ethernet | AP Modu | EasyMesh | Dual Band MIMO Wi-Fi Güçlendirici,4,20,Retail,2170.8,2,Kraft Online,,0,0,0
1826349047,IT Acc.,WLAN REPEATER,6935364097974,95939698,TP-LINK,TP-LINK RE305 | Wi-Fi 5 Extender | AC1200 Mbps | 2 Anten | 1 Ethernet | AP Modu | EasyMesh | Dual Band MIMO Wi-Fi Güçlendirici,4,5,Retail,2809.4,4,Yedigün Bilişim,,0,0,0
1770236956,IT Acc.,WLAN REPEATER,6935364097974,95939698,TP-LINK,TP-LINK RE305 | Wi-Fi 5 Extender | AC1200 Mbps | 2 Anten | 1 Ethernet | AP Modu | EasyMesh | Dual Band MIMO Wi-Fi Güçlendirici,4,10,Retail,2373.4,3,UzmanlarPC,,0,0,0
1818748634,IT Acc.,SWITCHES,6935364020064,94914282,TP-LINK,TP-LINK TL-SF1005D 10/100 Masaüstü 5 Switch Siyah,5,10,Retail,1042.33,4,Yedigün Bilişim,,0,0,0
1834013304,IT Acc.,SWITCHES,6935364020064,94914282,TP-LINK,TP-LINK TL-SF1005D 10/100 Masaüstü 5 Switch Siyah,5,4,Retail,1074.42,5,Yedigün Bilişim,,0,0,0
1770236767,IT Acc.,SWITCHES,6935364020064,94914282,TP-LINK,TP-LINK TL-SF1005D 10/100 Masaüstü 5 Switch Siyah,5,10,Retail,825.32,3,UzmanlarPC,,0,0,0
1771145169,IT Acc.,SWITCHES,6935364020064,94914282,TP-LINK,TP-LINK TL-SF1005D 10/100 Masaüstü 5 Switch Siyah,5,1,Retail,637.9,2,Kraft Online,,0,0,0
1760900532,IT Acc.,SWITCHES,6935364020064,94914282,TP-LINK,TP-LINK TL-SF1005D 10/100 Masaüstü 5 Switch Siyah,5,1,Retail,620.2,1,netsiparis,,0,0,0
1818748481,IT Acc.,SWITCHES,6935364020071,94914280,TP-LINK,TP-LINK TL-SG1005P PoE+ 10-100-1000 Mbps 8 Switch Siyah,5,4,Retail,1126.75,5,Yedigün Bilişim,,0,0,0
1771145171,IT Acc.,SWITCHES,6935364020071,94914280,TP-LINK,TP-LINK TL-SG1005P PoE+ 10-100-1000 Mbps 8 Switch Siyah,5,20,Retail,683.3,2,Kraft Online,,0,0,0
1760902822,IT Acc.,SWITCHES,6935364020071,94914280,TP-LINK,TP-LINK TL-SG1005P PoE+ 10-100-1000 Mbps 8 Switch Siyah,5,20,Retail,659.1,1,netsiparis,,0,0,0
1770236717,IT Acc.,SWITCHES,6935364020071,94914280,TP-LINK,TP-LINK TL-SG1005P PoE+ 10-100-1000 Mbps 8 Switch Siyah,5,20,Retail,882.67,3,UzmanlarPC,,0,0,0
1834098881,IT Acc.,SWITCHES,6935364020071,94914280,TP-LINK,TP-LINK TL-SG1005P PoE+ 10-100-1000 Mbps 8 Switch Siyah,5,20,Retail,1117.3,4,Yedigün Bilişim,,0,0,0
1760900517,IT Acc.,SWITCHES,6935364092313,95940399,TP-LINK,TP-LINK TL-SG1008D Gigabit Masaüstü 8 Switch Siyah,6,10,Retail,1295.6,2,netsiparis,,0,1,0
1834098880,IT Acc.,SWITCHES,6935364092313,95940399,TP-LINK,TP-LINK TL-SG1008D Gigabit Masaüstü 8 Switch Siyah,6,20,Retail,2055.69,6,Yedigün Bilişim,,0,1,0
1831675555,IT Acc.,SWITCHES,6935364092313,95940399,TP-LINK,TP-LINK TL-SG1008D Gigabit Masaüstü 8 Switch Siyah,6,93,Retail,999,1,TNG Bilişim,,0,1,0
1828888580,IT Acc.,SWITCHES,6935364092313,95940399,TP-LINK,TP-LINK TL-SG1008D Gigabit Masaüstü 8 Switch Siyah,6,10,Retail,1968.46,5,Yedigün Bilişim,,0,1,0
1770236028,IT Acc.,SWITCHES,6935364092313,95940399,TP-LINK,TP-LINK TL-SG1008D Gigabit Masaüstü 8 Switch Siyah,6,10,Retail,1623.92,4,UzmanlarPC,,0,1,0
1771145187,IT Acc.,SWITCHES,6935364092313,95940399,TP-LINK,TP-LINK TL-SG1008D Gigabit Masaüstü 8 Switch Siyah,6,30,Retail,1415.6,3,Kraft Online,,0,1,0
1828803251,IT Acc.,SWITCHES,0682851723767,95707287,TP-LINK,TP-LINK TL-SG1016D 16 Switch Siyah,6,26,Retail,3549,2,TNG Bilişim,,0,3,0
1760902811,IT Acc.,SWITCHES,0682851723767,95707287,TP-LINK,TP-LINK TL-SG1016D 16 Switch Siyah,6,5,Retail,3376,1,netsiparis,,0,3,0
1832753386,IT Acc.,SWITCHES,0682851723767,95707287,TP-LINK,TP-LINK TL-SG1016D 16 Switch Siyah,6,5,Retail,3828.6,3,Kraft Online,,0,3,0
1818747633,IT Acc.,SWITCHES,0682851723767,95707287,TP-LINK,TP-LINK TL-SG1016D 16 Switch Siyah,6,10,Retail,4825.04,6,Yedigün Bilişim,,0,3,0
1834098914,IT Acc.,SWITCHES,0682851723767,95707287,TP-LINK,TP-LINK TL-SG1016D 16 Switch Siyah,6,20,Retail,4781.43,5,Yedigün Bilişim,,0,3,0
1770236808,IT Acc.,SWITCHES,0682851723767,95707287,TP-LINK,TP-LINK TL-SG1016D 16 Switch Siyah,6,5,Retail,4127.89,4,UzmanlarPC,,0,3,0
1834098912,IT Acc.,SWITCHES,6935364098117,94915723,TP-LINK,TP-LINK TL-SG108 Gigabit Yönetilemez 8 Switch Siyah,2,20,Retail,2186.52,1,Yedigün Bilişim,,0,0,0
1826349599,IT Acc.,SWITCHES,6935364098117,94915723,TP-LINK,TP-LINK TL-SG108 Gigabit Yönetilemez 8 Switch Siyah,2,25,Retail,2253.8,2,Yedigün Bilişim,,0,0,0
1820562663,IT Acc.,WLAN REPEATER,0132018562017,95939702,TP-LINK,TP-LINK TL-WA850RE 300 Mbps MIMO Wi-Fi Güçlendirici,4,48,Retail,1299,3,TNG Bilişim,,0,0,0
1770236464,IT Acc.,WLAN REPEATER,0132018562017,95939702,TP-LINK,TP-LINK TL-WA850RE 300 Mbps MIMO Wi-Fi Güçlendirici,4,20,Retail,1358.45,4,UzmanlarPC,,0,0,0
1771966730,IT Acc.,WLAN REPEATER,0132018562017,95939702,TP-LINK,TP-LINK TL-WA850RE 300 Mbps MIMO Wi-Fi Güçlendirici,4,20,Retail,1185.4,2,Kraft Online,,0,0,0
1760901985,IT Acc.,WLAN REPEATER,0132018562017,95939702,TP-LINK,TP-LINK TL-WA850RE 300 Mbps MIMO Wi-Fi Güçlendirici,4,20,Retail,1093.3,1,netsiparis,,0,0,0
1826349611,IT Acc.,WLAN ADAPTER & CARDS,5053460610154,95682754,TP-LINK,TP-LINK TL-WN823N Mini Kablosuz USB Adaptör Siyah,5,10,Retail,1264.82,4,Yedigün Bilişim,,0,0,0
1825140806,IT Acc.,WLAN ADAPTER & CARDS,5053460610154,95682754,TP-LINK,TP-LINK TL-WN823N Mini Kablosuz USB Adaptör Siyah,5,10,Retail,999,3,Teknorya,,0,0,0
1828563474,IT Acc.,WLAN ADAPTER & CARDS,5053460610154,95682754,TP-LINK,TP-LINK TL-WN823N Mini Kablosuz USB Adaptör Siyah,5,20,Retail,1270.67,5,Yedigün Bilişim,,0,0,0
1771966727,IT Acc.,WLAN ADAPTER & CARDS,5053460610154,95682754,TP-LINK,TP-LINK TL-WN823N Mini Kablosuz USB Adaptör Siyah,5,1,Retail,786.5,2,Kraft Online,,0,0,0
1760901148,IT Acc.,WLAN ADAPTER & CARDS,5053460610154,95682754,TP-LINK,TP-LINK TL-WN823N Mini Kablosuz USB Adaptör Siyah,5,1,Retail,719.5,1,netsiparis,,0,0,0
1760902639,IT Acc.,WLAN ROUTER,6935364085179,96239741,TP-LINK,TP-LINK  Deco M4 3lü Paket Ac1200 Tüm Evi Kapsayan Kablosuz 2 Port 2400 Mbit/s MU-MIMO Mesh Sistemi,2,2,Retail,7016.3,1,netsiparis,,0,0,0
1830520682,IT Acc.,WLAN ROUTER,6935364085179,96239741,TP-LINK,TP-LINK  Deco M4 3lü Paket Ac1200 Tüm Evi Kapsayan Kablosuz 2 Port 2400 Mbit/s MU-MIMO Mesh Sistemi,2,2,Retail,8043.8,2,Kraft Online,,0,0,0
1831699358,IT Acc.,KEYBOARD,6941876212583,180423364,UGREEN,UGREEN 15258 Ultra İnce Sessiz Bluetooth İngilizce Q Kablosuz Klavye Siyah,1,52,Retail,2099,1,Decide,,0,0,0
1813513527,IT Acc.,MOUSE,6957303893720,93490677,UGREEN,UGREEN 2.4GHZ Sessiz Tuşlu Optik Kablosuz Mouse Siyah,1,23,Retail,749,1,Decide,,0,0,0
1814531013,IT Acc.,MOUSE,6957303893737,93490630,UGREEN,UGREEN MU001 2.4 GHz Sessiz Kablosuz Mouse Açık Gri,1,35,Retail,759.2,1,Decide,,0,0,0
1813514291,IT Acc.,MOUSE,6957303893744,93490676,UGREEN,UGREEN Sessiz 4000 DPI Kablosuz Mouse Yeşil,1,91,Retail,749,1,Decide,,0,0,0
1810906722,SDA,STEAM IRON,8682511905610,175635989,FAKIR,FAKIR Flexsteam 2800 Watt Buharlı Ütü Mavi,1,3,Retail,2945,1,Derka Shop,,0,,
1842646277,SDA,STEAM IRON,8720389079580,180946304,PHILIPS,PHILIPS Azur 8000 Serisi DST8070/80 3000 W Buharlı Ütü Siyah,1,1,Retail,10668,1,RAST ENTERPRISE,,0,0,0
1842659394,SDA,STEAM IRON,3121040084182,175264561,TEFAL,TEFAL DT8250 Access Steam Force Buharlı Düzleştirici Siyah,1,1,Retail,5678,1,RAST ENTERPRISE,,0,0,0
1743497568,SDA,STEAM IRON,3121040069271,98987583,TEFAL,TEFAL FV9845 Ultimate Pure Buharlı Ütü Bronz,3,1,Retail,5499,1,HerşeyVar,,0,0,0
1826167126,SDA,STEAM IRON,3121040069271,98987583,TEFAL,TEFAL FV9845 Ultimate Pure Buharlı Ütü Bronz,3,5,Retail,6499,2,Smartevim,,0,0,0
1829969314,SDA,STEAM IRON,3121040069271,98987583,TEFAL,TEFAL FV9845 Ultimate Pure Buharlı Ütü Bronz,3,11,Retail,6500,3,Hepsiphone,,0,0,0
1834323492,SDA,STEAM STATION,3121040082652,94500408,TEFAL,TEFAL GV9820 Pro Express Vision Buhar Kazanlı Ütü Çok Renkli,2,5,Retail,16999,1,Smartevim,,0,,
1835230543,SDA,STEAM STATION,3121040082652,94500408,TEFAL,TEFAL GV9820 Pro Express Vision Buhar Kazanlı Ütü Çok Renkli,2,1,Retail,20189.11,2,RAST ENTERPRISE,,0,,
1820092612,SDA,CITRUS PRESS & JUICER,4242002974187,94588814,BOSCH,BOSCH MESM731M VitaExtract Katı Meyve Sıkacağı Siyah,1,3,Retail,12000,1,Tozkoparanas,,0,0,0
1821757130,SDA,HAIR CURLER ( CURLING IRON / HOT AIR BRUSH),3030050185812,140377349,BABYLISS,BABYLISS AS965E StylePro 1000W Döner Başlıklı Hava Üflemeli Saç Şekillendirme Seti Mavi,2,30,Retail,7999,1,Prolet,,0,0,0
1821438346,Photo,INSTANT CAMERAS,9120096775574,137449522,POLAROID,POLAROID Go Gen 2 EB Şipşak Fotoğraf Makinesi Beyaz,2,1,Retail,6699,2,DFN,,0,,
1834598631,SDA,ESPRESSO MAKER & COFFEE MAKER,8004399034884,181437292,DELONGHI,DELONGHI Magnifica Evo ECAM290.85.SBB Tam Otomatik Espresso Makinesi Gri,1,54,Retail,27900,1,Delonghi Türkiye,,0,1,1
1828876641,SDA,MANUAL ESPRESSO MACHINE,4013833065463,174958911,GRUNDIG,GRUNDIG KSM 5330 Delisia Coffee Yarı Otomatik Espresso Makinesi Siyah,2,1,Retail,8882.64,1,RAST ENTERPRISE,,0,0,0
1837939036,SDA,MANUAL ESPRESSO MACHINE,4013833065463,174958911,GRUNDIG,GRUNDIG KSM 5330 Delisia Coffee Yarı Otomatik Espresso Makinesi Siyah,2,1,Retail,8888,2,Derka Shop,,0,0,0
1835869323,SDA,COFFEE MAKER COUNTRY SPECIFIC (MOKA POT ...),8690842833748,178616272,GRUNDIG,GRUNDIG TCM 7065 K İkili Türk Kahvesi Makinesi Kahverengi,1,12,Retail,9699,1,Makroreyon,,0,0,0
1810823915,SDA,COFFEE MAKER COUNTRY SPECIFIC (MOKA POT ...),8690842831331,174898188,GRUNDIG,GRUNDIG TKM 1551 S Tekli Türk Kahve Makinesi Siyah,1,16,Retail,2199,1,Makroreyon,,0,0,0
1832008214,SDA,ESPRESSO CAPSULE MACHINES,7630751764192,180963020,NESPRESSO,NESPRESSO D62 Pixie Kapsüllü Kahve Makinesi Mavi,1,98,Retail,11999,1,Beros,,0,0,0
1832161100,SDA,ESPRESSO CAPSULE MACHINES,7630477884778,180963023,NESPRESSO,NESPRESSO F121 Lattissima One Kapsüllü Kahve Makinesi Beyaz,1,58,Retail,15999,1,Beros,,0,1,1
1832486565,SDA,ESPRESSO CAPSULE MACHINES,7630673313652,181037752,NESPRESSO,NESPRESSO F541 Gran Lattissima Kahve Köşesi Seti Kapsüllü Kahve Makinesi Siyah,1,290,Retail,19999,1,Beros,,0,0,0
1846348688,IT Acc.,USB STICK,0740617309102,94949515,KINGSTON,KINGSTON Gen 1 Datatraveler Kyson USB 3.2 64 GB USB Bellek,1,100,Retail,1199,1,Teknomevo,,0,,
1770235276,IT Acc.,USB STICK,0740617309119,95777590,KINGSTON,KINGSTON Gen 1 Datatraveler Kyson USB 3.2 128 GB USB Bellek,2,1,Retail,1605.33,1,UzmanlarPC,,0,0,0
1832162315,SDA,ESPRESSO CAPSULE MACHINES,7630751764161,180963024,NESPRESSO,NESPRESSO Pixie C62 Kapsüllü Kahve Makinesi Titan,1,83,Retail,11999,1,Beros,,0,,
1810823916,SDA,TEA MAKER,8720389073786,174900921,PHILIPS,PHILIPS HD7350/00 5000 Serisi 1900 W Cam Demlikli Çay Makinesi Inox,1,15,Retail,5399,1,Makroreyon,,0,0,0
1838258144,SDA,WATER KETTLE,8710103940302,94346526,PHILIPS,PHILIPS HD9339/80 2200W 1.7 l Su Isıtıcısı Siyah/Gümüş,2,2,Retail,2888,2,Derka Shop,,0,0,0
1845178912,SDA,WATER KETTLE,8710103940302,94346526,PHILIPS,PHILIPS HD9339/80 2200W 1.7 l Su Isıtıcısı Siyah/Gümüş,2,29,Retail,2449,1,Makroreyon,,0,0,0
1751908410,Smart Home,SMART HOME LIGHTS,6974316990284,153728244,GOVEE,"GOVEE Envisual TV LED 3 LITE 40-50"" TV Arkası Bluetooth Akıllı Ev Aydınlatması",1,113,Retail,5999,1,Lucky Trend,,0,0,0
1846351471,IT Acc.,USB STICK,0740617309119,95777590,KINGSTON,KINGSTON Gen 1 Datatraveler Kyson USB 3.2 128 GB USB Bellek,2,100,Retail,1899,2,Teknomevo,,0,0,0
1846354256,IT Acc.,USB STICK,0740617310023,94949532,KINGSTON,KINGSTON Gen 1 Datatraveler Exodia USB 3.2 256 GB USB Bellek,2,100,Retail,1999,1,Teknomevo,,0,,
1739467254,GSM HW,SMARTPHONES,8806097660866,166767264,SAMSUNG,SAMSUNG Galaxy A17 5G 8 GB 256 GB Akıllı Telefon Mavi,5,5,Retail,19099,4,Bittibitiyor,,0,87,6
1821317391,Photo,DRONE ACCESSORIES,6941565906526,107767681,DJI,DJI Mini 2 Pervane Seti Siyah,3,10,Retail,1099,1,DFN,,0,0,0
1748839856,SDA,AIR PURIFIER,4062321594749,160281429,BOSCH,BOSCH Air 4000 Hava Temizleme Cihazı Beyaz,2,2,Retail,12759.3,1,RAST ENTERPRISE,,0,0,0
1769427318,CE Acc.,TRUE WIRELESS HEADPHONES,6932172625740,168745157,BASEUS,BASEUS AIR NORA 2 TRUE WIRELESS BLUETOOTH KULAKLIK-GALAXY Kablosuz Bluetooth Kulak İçi Kulaklık Mavi,2,1,Retail,2999,1,PRIME,,0,0,0
1842599605,CE Acc.,TRUE WIRELESS HEADPHONES,8887910061152,162245483,RAZER,RAZER BLACKSHARK V3 PRO KBS. KULAKLK SYH Kablosuz Kablosuz Kulak Üstü Oyuncu Kulaklığı Siyah,3,12,Retail,16599,1,Teknorya,,0,1,0
1821437547,TV,VIDEO PROJECTOR,6935670507358,156791046,XGIMI,XGIMI Mogo 4 Taşınabilir Projeksiyon Cihazı Gri,2,3,Retail,39999,2,DFN,,0,0,0
1748161976,TV,TELEVISION,8806097121565,165265893,SAMSUNG,SAMSUNG QE77S95FATXTK SS7 77 inç 195 cm Dahili Uydu Alıcılı 4K UHD SMART TV OLED TV,1,2,Retail,274998.9,1,Güreller,,0,,
1825819672,IT HW,PRINTERS,4547410536287,153527945,FUJIFILM,FUJIFILM Instax Mini Link3 Fotoğraf Yazıcısı,1,12,Retail,7999,1,Desibela,,0,0,0
1757233083,SDA,COFFEE MAKER COUNTRY SPECIFIC (MOKA POT ...),8720389030567,168531105,PHILIPS,PHILIPS 5000 serisi HDA150/60 Türk Kahve Makinesi Siyah Bakır,3,5,Retail,2968.9,2,Güreller,,0,0,0
1741841321,MDA,FITTED OVENS,8690842580185,170575945,ALTUS,ALTUS ALA 310 I 65 l Ankastre Fırın Inox,2,1,Retail,14081,1,Akpa DTM,,0,0,0
1751924847,GSM HW,SMARTPHONES,0195950639056,166347554,APPLE,APPLE iPhone 17 Pro Max 12 GB 256 GB Akıllı Telefon Turuncu,4,1,Retail,149999,3,Beşken elektronik,,0,4,4
1646965473,GSM HW,SMARTPHONES,0195950644142,166347700,APPLE,APPLE iPhone 17 8 GB 256 GB Akıllı Telefon Lavanta,1,1,Retail,99499,1,CepHane Teknoloji,,0,0,0
1699204454,GSM HW,SMARTPHONES,6932169375023,168221614,OPPO,OPPO A5 5G 8 GB 256 GB Akıllı Telefon Aurora Yeşil,2,1,Retail,19599,1,CepHane Teknoloji,,0,0,0
1828856901,Smart Home,SMART HOME IP CAMERAS,1210002602723,170430571,TP-LINK,TP-LINK Tapo C246D Evet Güvenlik Kamerası Beyaz,2,1,Retail,4499,1,Lucky Trend,,0,0,0
1749081810,SDA,HAIR STRAIGHTENER & CRIMPER,8682511904200,168501395,FAKIR,FAKIR Ion Fusıon Saç Düzleştirici Gri,2,2,Retail,2894.12,1,RAST ENTERPRISE,,0,0,0
1760906954,Hi-Fi,HIFI SPEAKERS,5099206051805,153847023,LOGITECH,LOGITECH 980-000912 Ses Alıcısı Bluetooth Adaptör Siyah,3,5,Retail,1660.3,1,netsiparis,,0,0,0
1816974677,CE Acc.,CHARGING CABLE,0195949371905,154324207,APPLE,APPLE 60 W USB-C Örgü 1 m Şarj Kablosu Beyaz,3,5,Retail,1999,3,İZİ TEKNOLOJİ,,0,0,1
1843584521,Photo,MIRRORLESS SYSTEM CAMERAS,4548736161023,145962337,SONY,SONY ZV-E10 Mark II 16-50mm Vlog APS-C Sensör Fotoğraf Makinesi,1,2,Retail,67999,1,Nova Fotoğraf,,0,0,0
1814530260,CE Acc.,CHARGERS,6957303875948,163732260,UGREEN,UGREEN 50 W PD Çakmaklık Adaptörü 2xUSB-C 70594 Hızlı Araç İçi Şarj Cihazı Uzay Grisi,1,42,Retail,1241,1,Decide,,0,0,0
1819255988,Floor care,VACUUM CLEANER RECHARGEABLE,0011120281163,172297418,BISSELL,BISSELL FurGuard Pro 2'si 1 Arada Kablosuz Şarjlı Dikey Süpürge Mavi,2,5,Retail,14399,2,Premiumsepet,,0,0,1
1824310146,IT Acc.,MOUSE,5099206129917,172295843,LOGITECH,LOGITECH GproX Superlight 2SE - 910-007553 Kablosuz Oyuncu Mouse Siyah,1,100,Retail,6899,1,GpnTeknoloji,,0,8,0
1813991825,CE Acc.,TRUE WIRELESS HEADPHONES,1200130029998,171301532,JBL,JBL Tune 530BT Multi Connect Bluetooth Kablosuz Kulak Üstü Kulaklık Bej,1,10,Retail,2890,1,Luxury Audio,,0,0,0
1811810446,IT Acc.,GRAPHICS CARDS,4711636174992,161085927,ASUS,ASUS ProArt OC Edition GDDR7 GeForce RTX™ 5080 16 GB Ekran Kartı,1,1,Retail,131939,1,Lowell Teknoloji,,0,0,0
1674441596,GSM HW,SMARTPHONES,0195950627404,166347638,APPLE,APPLE iPhone 17 Pro 12 GB 256 GB Akıllı Telefon Turuncu,3,5,Retail,125999,2,Bittibitiyor,,0,2,2
1731189147,GSM HW,SMARTPHONES,6932554487386,169859508,XIAOMI,XIAOMI Redmi Note 15 8 GB 256 GB Akıllı Telefon Siyah,2,50,Retail,18999,2,Ceptemax,,0,4,4
1792440418,SDA,CONTACT GRILL,3045380028319,156371681,TEFAL,TEFAL SUPERGRILL 3IN1 Tost Makinası Inox,2,2,Retail,7999,2,RAST ENTERPRISE,,0,0,0
1743084713,SDA,WATER DISPENSER,8690842296871,170715015,ALTUS,ALTUS AL-1127 Su Sebili,4,1,Retail,9460,3,Akpa DTM,,0,0,0
1650593803,IT HW,TABLETS,8806097804185,166538189,SAMSUNG,"SAMSUNG Galaxy Tab A11 8,7 inç 8 GB 128 GB Tablet Gümüş",3,1,Retail,9011,3,CepHane Teknoloji,,0,0,0
1716024681,GSM Acc.,COVER & CASE (TELECOM),6944629197274,169185575,PIILI,PIILI Knit Kevlar Beyaz iPhone 17 Air Telefon Kılıfı Beyaz,1,10,Retail,2999,1,Piili,,0,,
1824311656,IT Acc.,KEYBOARD,5099206111387,171643707,LOGITECH,LOGITECH Pebble Keys 2 K380S Çoklu Cihaz Bluetooth Kablosuz Klavye Pembe,4,162,Retail,2099,1,GpnTeknoloji,,0,0,0
1770234445,IT Acc.,USB STICK,0740617310023,94949532,KINGSTON,KINGSTON Gen 1 Datatraveler Exodia USB 3.2 256 GB USB Bellek,2,25,Retail,2072.15,2,UzmanlarPC,,0,,
1770235280,IT Acc.,USB STICK,0740617309829,94949514,KINGSTON,KINGSTON Exodia USB 3.2 64 GB USB Bellek,1,20,Retail,810.36,1,UzmanlarPC,,0,,
1844601563,SDA,HAIR STRAIGHTENER & CRIMPER,8710103888406,171576626,PHILIPS,"PHILIPS BHS375/00 Saç Düzleştirici Siyah, Pembe",3,1,Retail,2039,1,Karakaya Bilişim,,0,0,0
1826131589,IT HW,NOTEBOOKS,0195950489613,171194578,APPLE,"APPLE MDE14TU/A/PRO/M5/(10CPU-10GPU)/16/1TB/14.2/SPACE B Apple M5 16 GB RAM 1 TB SSD 14,2 inç macOS Laptop Uzay Siyahı",1,4,Retail,116499,1,Hepsiphone,,0,3,3
1646965491,GSM HW,SMARTPHONES,0195950643947,166347552,APPLE,APPLE iPhone 17 8 GB 256 GB Akıllı Telefon Sis Mavisi,2,8,Retail,99499,2,CepHane Teknoloji,,0,2572,81
1728457782,GSM HW,SMARTPHONES,6932554487331,169859664,XIAOMI,XIAOMI Redmi Note 15 8 GB 256 GB Akıllı Telefon Mavi,2,2,Retail,18899,1,Bittibitiyor,,0,1,1
1770236523,Hi-Fi,HIFI SPEAKERS,5099206051805,153847023,LOGITECH,LOGITECH 980-000912 Ses Alıcısı Bluetooth Adaptör Siyah,3,7,Retail,1999.98,2,UzmanlarPC,,0,0,0
1751360001,IT HW,TABLETS,8806097804215,166538182,SAMSUNG,"SAMSUNG Galaxy Tab A11 8,7 inç 4 GB 64 GB Tablet Gri",4,3,Retail,6499,4,Beşken elektronik,,0,1,1
1764584670,Gaming Acc.,GAME PADS,0711719020912,173219101,SONY,"SONY Playstation 5 DualSense PC, PlayStation 5 Kablolu ve Kablosuz Oyun Kolu Yeşil",3,129,Retail,6990,2,Nethouse,,0,0,0
1782849816,SDA,STEAM CLEANER,8693184919514,174504203,ARZUM,"ARZUM AR4351 Hydrosteam Buharlı Temizleyici Gri, Siyah",1,4,Retail,6999,1,FırsatKurdu,,0,,
1779351492,MDA,REFRIGERATOR,8806095590523,173294639,SAMSUNG,SAMSUNG RB58DS75EWW/TR 580 L İkili Soğutma Teknolojisi E Enerji Sınıfı Alttan Donduruculu Buzdolabı Beyaz,1,5,Retail,61999,1,Smartevim,,0,0,0
1796451788,MDA,REFRIGERATOR,8806095403649,173294705,SAMSUNG,SAMSUNG RB50DG601ES9TR 508L Cooling E Enerji Sınıfı Alttan Donduruculu Buzdolabı Inox,1,5,Retail,61999,1,Smartevim,,0,0,0
1836196650,Photo,DIGITAL COMPACT CAMERA,4548736155756,107289356,SONY,SONY ZV-1 II Vlog Kamerası Siyah,1,1,Retail,52699,1,Nova Fotoğraf,,0,0,0
1830520756,IT Acc.,KEYBOARD,5099206110977,171643728,LOGITECH,LOGITECH Pebble Keys2 K380S Çoklu Cihaz Bluetooth Kablosuz Klavye Beyaz,5,25,Retail,2061.7,2,Kraft Online,,0,0,0
1840015045,IT Acc.,KEYBOARD,5099206098374,171643676,LOGITECH,LOGITECH G G413 SE Mekanik Kablolu Klavye Siyah,4,13,Retail,5520,4,Kraft Online,,0,0,0
1825820018,Photo,PHOTO FILMS,4547410341300,154717101,FUJIFILM,FUJIFILM Instax Mini Black Edition 10'lu Özel Film,1,14,Retail,719,1,Desibela,,0,0,0
1836679654,Photo,MIRRORLESS SYSTEM CAMERAS,4548736154414,145967135,SONY,SONY A7C II Body Tam Çerçeve Full Format Aynasız Fotoğraf Makinesi,1,1,Retail,115999,1,Nova Fotoğraf,,0,0,0
1836431770,IT Acc.,PC MICROPHONES,6976068112747,135878637,HOLLYLAND,HOLLYLAND Lark M2 Combo Kablosuz 70db Mikrofon Sistemi Siyah,1,19,Retail,7599,1,Nova Fotoğraf,,0,0,0
1794177599,MDA,DISHWASHER,8059019111582,161525080,HAIER,HAIER XF 4C7S0X-17 Wi-Fi Bağlantılı C Enerji Sınıfı 10 Programlı Bulaşık Makinesi Inox,1,4,Retail,23599,1,Smartevim,,0,0,0
1762351508,GSM HW,SMARTPHONES,8806097660866,166767264,SAMSUNG,SAMSUNG Galaxy A17 5G 8 GB 256 GB Akıllı Telefon Mavi,5,2,Retail,19999,5,Beşken elektronik,,0,87,6
1834798542,SDA,ACCESSORIES AIR TREATMENT,0810043375498,158904592,LEVOIT,LEVOIT Core 600S Uyumlu Filtre,1,5,Retail,3999,1,Nethouse,,0,0,0
1842873862,CE Acc.,TRUE WIRELESS HEADPHONES,6942103169458,169806202,HUAWEI,HUAWEI FreeClip 2 Kablosuz Bluetooth Kulak İçi Kulaklık Mavi,1,2,Retail,9999,1,Lucky Trend,,0,0,0
1748254378,IT HW,TABLETS,8806097804215,166538182,SAMSUNG,"SAMSUNG Galaxy Tab A11 8,7 inç 4 GB 64 GB Tablet Gri",4,17,Retail,5999,2,Güreller,,0,1,1
1759165994,SDA,MULTIGROOMER,8700216427272,168832092,BRAUN,BRAUN BG3530 Vücut Tıraş Makinesi Seri 3 +3 Aksesuar Erkek Bakım Kiti Gri,1,100,Retail,1999,1,Braun Shop,,0,0,1
1596718249,IT Acc.,MOUSE,5099206130111,162759332,LOGITECH,LOGITECH GPROX SUPERLIGHT 2C OYUNCU MOUSE-BEYAZ 910-007539 Kablosuz raporlama hızı 1khz (1ms) Kablosuz Oyuncu Mouse Beyaz,2,2,Retail,7459,2,BETA PLUS TEKNOLOJİ,,0,0,0
1830004846,IT HW,TABLETS,8699247359716,172351440,CASPER,CASPER VIA S50 FHD+ Tablet Kılıfı 11 inç 4 GB 128 GB Tablet Metalik Silver,2,450,Retail,9099,1,Casper Excalibur,,0,0,0
1762808018,GSM HW,SMARTPHONES,8806097866411,172942193,SAMSUNG,SAMSUNG Galaxy S26 Ultra 5G 12 GB 512 GB Akıllı Telefon Beyaz,4,17,Retail,96799,1,CepHane Teknoloji,,0,3,3
1842040119,CE Acc.,TRUE WIRELESS HEADPHONES,6941876276301,172903822,UGREEN,"UGREEN Studio Plus Aktif Gürültü Engelleyici , 80 Saat, 75630 Kablosuz Kulak Üstü Kulaklık Siyah",1,10,Retail,3499,1,Decide,,0,0,0
1846351445,IT Acc.,USB STICK,0740617309928,94949537,KINGSTON,KINGSTON Exodia USB 3.2 128 GB USB Bellek,4,100,Retail,1089,1,Teknomevo,,0,,
1826108705,Smart Home,SMART PLUGS,4897098682562,153908858,TP-LINK,TP-LINK Tapo S220 Uzaktan Kumanda Akıllı Işık Anahtarı,2,4,Retail,1299,2,Nethouse,,0,0,0
1842879045,Photo,GIMBALS,6941565995230,150877553,DJI,DJI RS 4 Mini Gimbal Gri,1,2,Retail,19499,1,Nova Fotoğraf,,0,0,0
1794224158,MDA,COOLING COMBI,8935311701730,166085751,HAIER,HAIER HPR5718ENMX E Enerji Sınıfı 464 l No Frost Üstten Donduruculu Buzdolabı Gri,1,5,Retail,46899,1,Smartevim,,0,116,4
1709536139,GSM HW,SMARTPHONES,4894947098864,168875383,TECNO,TECNO Camon 40 Pro 5G 8 GB 256 GB Akıllı Telefon Titanyum Gri,1,2,Retail,25099,1,CepHane Teknoloji,,0,0,0
1605337845,GSM HW,SMARTPHONES,6932554454845,164330584,XIAOMI,XIAOMI Redmi 15 8 GB 256 GB Akıllı Telefon Siyah,4,5,Retail,17499,4,Bittibitiyor,,0,248,13
1845762298,Photo,MIRRORLESS SYSTEM CAMERAS,4549292241594,157432635,CANON,CANON EOS R50 V BK V5 + RF-S 14-30 EU26 APS-C Sensör Fotoğraf Makinesi,2,7,Retail,52999,1,Nova Fotoğraf,,0,,
1630500255,CE Acc.,TRUE WIRELESS HEADPHONES,8887910061176,160713472,RAZER,RAZER BLACKSHARK V3 PRO KBS. KULAKLK BYZ Kablosuz Kablosuz Kulak Üstü Oyuncu Kulaklığı Beyaz,2,12,Retail,17989,2,BETA PLUS TEKNOLOJİ,,0,0,0
1770090341,IT HW,MONITOR,4711387957974,158331549,ASUS,"ASUS TUF GAMING VG32VQM5B 31.5 FAST VA KAVISLI 31,5 inç Full-HD 0,5 ms 250 Hz Gaming Monitör Siyah",4,7,Retail,17897.7,3,Kraft Online,,0,0,0
1595688231,IT HW,MONITOR,4711387959220,161775296,ASUS,ASUS TUF GAMING VG279Q5R 27 FAST IPS 27 inç Full-HD 1 ms 200 Hz Gaming Monitör Siyah,3,78,Retail,7589,1,BETA PLUS TEKNOLOJİ,,0,0,0
1824305262,Gaming Acc.,GAME PADS,0196388518098,165084490,MICROSOFT,"MICROSOFT Controller Velocity Android, iOS, XBOX Series X, XBOX One, XBOX Series, XBOX Series S, PC, MAC Bluetooth, Kablolu ve Kablosuz Oyun Kolu Velocity Green",1,10,Retail,4999.9,1,Kontorland,,0,0,0
1840932355,Floor care,VACUUM CLEANER,8720389027796,156682948,PHILIPS,PHILIPS XB7151/07 Marathon Daily Toz Torbasız Elektrikli Süpürge Pembe-Altın,2,4,Retail,12449,1,Airyshop,,0,89,4
1829738664,IT Acc.,USB STICK,0740617309928,94949537,KINGSTON,KINGSTON Exodia USB 3.2 128 GB USB Bellek,4,25,Retail,1362.26,3,Yedigün Bilişim,,0,,
1818785736,CE Acc.,CHARGING CABLE,6957303861583,157936042,UGREEN,UGREEN 60158 Lightning - USB-A Örgülü MFi Sertifikalı 2 m iPhone Hızlı Şarj Kablosu Siyah,1,17,Retail,1199,1,Decide,,0,0,0
1759041193,SDA,MULTIGROOMER,8700216428415,168832032,BRAUN,"BRAUN BT7540 Sakal Düzeltici Seri 7, +10 Berber Ekipmanları Erkek Bakım Kiti Siyah-Koyu Mavi",1,39,Retail,3799,1,Braun Shop,,0,0,0
1814531971,IT Acc.,MOUSE,6957303898558,158342189,UGREEN,UGREEN 4.000 DPI Ergonomik Sessiz Optik Kablosuz Mouse Siyah,1,8,Retail,999,1,Decide,,0,0,0
1757181120,IT Acc.,KEYBOARD,5099206098374,171643676,LOGITECH,LOGITECH G G413 SE Mekanik Kablolu Klavye Siyah,4,44,Retail,3489,2,BETA PLUS TEKNOLOJİ,,0,0,0
1759451410,SDA,MULTIGROOMER,8700216429238,172614213,BRAUN,"BRAUN AIO5560 Hepsi Bir Arada Seri 5, 11'i 1 Arada Erkek Bakım Kiti Siyah-Gri",1,23,Retail,2749,1,Braun Shop,,0,0,0
1839986644,IT Acc.,KEYBOARD + MOUSE SETS,5099206033641,172385682,LOGITECH,LOGITECH MK330 Bluetooth Klavye ve Mouse seti Siyah,8,2,Retail,1504,1,Teknoraks,,0,0,0
1842826315,Gaming Acc.,GAME PADS,0711719022350,171369439,SONY,SONY Playstation Dualsense PlayStation 5 Kablosuz Kontrol Cihazı Beyaz,6,2,Retail,6410,5,CepHane Teknoloji,,0,3,3
1842842830,Photo,ACTION CAMERAS,6941565981059,146717678,DJI,DJI Osmo Action 5 Pro Adventure Combo Aksiyon Kamera Siyah,2,7,Retail,27999,1,Nova Fotoğraf,,0,2,2
1845536399,Gaming Acc.,OTHER COMPUTER ACCESSORIES,6944629184151,173699714,PIILI,PIILI TYPE-C Ethernet JT-HUB094 Dönüştürücü Adaptör Siyah,2,13,Retail,999.9,1,Piili,,0,,
1757193280,Floor care,VACUUM CLEANER RECHARGEABLE,8806096150665,172297439,LG,LG A9K-SOLO.BFSQLTK Şarjlı Dikey Süpürge Gümüş,1,1,Retail,21998.9,1,Güreller,,0,148,1
1787643479,IT Acc.,KEYBOARD,5099206099081,174083185,LOGITECH,LOGITECH MX Keys Mini Kablosuz Klavye Siyah,5,20,Retail,7527.12,2,UzmanlarPC,,0,0,0
1842302579,SDA,HAIR STRAIGHTENER & CRIMPER,8710103888406,171576626,PHILIPS,"PHILIPS BHS375/00 Saç Düzleştirici Siyah, Pembe",3,1,Retail,3480,3,RAST ENTERPRISE,,0,0,0
1825914358,Smart Home,SMART HOME STARTER KITS,8885020624670,176475273,TP-LINK,TP-LINK Tapo T30 Kit Akıllı Ev Sensörleri Başlangıç Kiti,1,12,Retail,3499,1,Nethouse,,0,0,0
1845255783,MDA,COOLING COMBI,8059019097558,154006285,HOOVER,HOOVER HOCG5T718EX1 No Frost E Enerji Sınıfı 442 l No Frost Alttan Donduruculu Buzdolabı Inox,1,15,Retail,35999,1,EPATeknoloji,,0,8,0
1788835267,MDA,COOLING COMBI,8059019097565,162660219,HOOVER,HOOVER HOCG5T718EW1 No Frost E Enerji Sınıfı 442 l No Frost Alttan Donduruculu Buzdolabı Beyaz,3,14,Retail,44679,3,Airyshop,,0,0,0
1741341659,MDA,REFRIGERATOR,8806095500461,169760128,SAMSUNG,SAMSUNG RT47CG6636WWTR 465 Litre E Enerji Sınıfı Üstten Donduruculu Buzdolabı Beyaz,1,5,Retail,51899,1,Smartevim,,0,0,0
1770236611,IT Acc.,USB STICK,0740617309928,94949537,KINGSTON,KINGSTON Exodia USB 3.2 128 GB USB Bellek,4,25,Retail,1107.3,2,UzmanlarPC,,0,,
1712262693,GSM HW,SMARTPHONES,6932554454869,167803942,XIAOMI,XIAOMI Redmi 15 8 GB 256 GB Akıllı Telefon Titan Grisi,4,5,Retail,17499,4,Bittibitiyor,,0,0,0
1835911533,Photo,DIGITAL COMPACT CAMERA,4960759916617,154981143,NIKON,NIKON CoolPix P1100 Dijital Fotoğraf Makinesi Siyah,3,1,Retail,74379,2,DFN,,0,0,0
1834050283,IT Acc.,HARD DISK (EXTERNAL),4582563859630,164934764,KIOXIA,KIOXIA G2 Plus Portable 2 TB Taşınabilir SSD Siyah,2,19,Retail,16905.55,2,Yedigün Bilişim,,0,0,0
1724185187,CE Acc.,TRUE WIRELESS HEADPHONES,8887910060902,160713155,RAZER,"RAZER Barracuda X Chroma Phantom Edition Kablolu ve Kablosuz, Bluetooth Kulak Üstü Kulaklık Yeşil",2,3,Retail,8709,1,BETA PLUS TEKNOLOJİ,,0,0,0
1839307105,SDA,HAND MIXER & HAND BLENDER,8682511901315,162143498,FAKIR,FAKIR Mr.Chef Quadro 1000 W Blender Seti Gri,2,1,Retail,6500,2,BiTechnology,,0,1,1
1827746735,Gaming Acc.,CONSOLES ACCESSORIES,6973137270742,166182585,MOZA,MOZA MTP Throttle Panel Siyah,1,2,Retail,26999,1,BLACKBOX,,0,0,0
1838967518,SDA,HAIR DRYER,5025155113219,154075133,DYSON,DYSON Supersonic Nural 1600 W Saç Kurutma Makinesi Rose Gold,2,1,Retail,24599,1,HerşeyVar,,0,0,0
1805710675,Hi-Fi,PORTABLE SPEAKER,1200130011450,164552082,JBL,"JBL Go 4 Taşınabilir Bluetooth Hoparlör Siyah, Turuncu",1,5,Retail,2949,1,İZİ TEKNOLOJİ,,0,125,0
1835897289,Photo,LENSES,4549292186765,151301014,CANON,CANON RF 100-400 mm f/5.6-8 IS USM Lens,1,1,Retail,47999,1,Nova Fotoğraf,,0,,
1759800217,CE Acc.,CHARGERS,0745883906482,170356845,BELKIN,BELKIN BoostCharge USB-C 25 W PD 3.0 PPS Hızlı Şarj Adaptörü Beyaz,1,93,Retail,599,1,Nethouse,,0,,
1831693357,CE Acc.,USB CABLE,6957303891207,154035075,UGREEN,UGREEN 90120 USB-C 100W 5A QC PD Örgülü 3 m Hızlı Şarj Kablosu Siyah,1,103,Retail,1099,1,Decide,,0,0,0
1828859980,IT Acc.,USB STICK,0740617309928,94949537,KINGSTON,KINGSTON Exodia USB 3.2 128 GB USB Bellek,4,20,Retail,1370.98,4,Yedigün Bilişim,,0,,
1836486740,Floor care,VACUUM ACCESSORIES,4066529041487,173776013,KÄRCHER,KÄRCHER SC Serisi 2.863-336.0 Cam Temizleme Aparatı Sarı,1,1,Retail,1999,1,BiTechnology,,0,0,1
1775816707,GSM HW,SMARTPHONES,8806097866428,172942192,SAMSUNG,SAMSUNG Galaxy S26 Ultra 5G 12 GB 256 GB Akıllı Telefon Beyaz,2,17,Retail,91399,1,CepHane Teknoloji,,0,2,2
1831646412,CE Acc.,CHARGERS,6941876260584,172796553,UGREEN,UGREEN 65058 45W GaN Type-C QC PD 2xUSB-C Hızlı Şarj Cihazı Siyah,1,1,Retail,1259.3,1,Decide,,0,0,0
1843269080,CE Acc.,POWERBANKS,6944629191630,173032217,PIILI,PIILI Karbon P-PB5 Taşınabilir Güç 10.000 mAh Powerbank Altın,1,87,Retail,3499,1,Piili,,0,,
1754524727,IT HW,TABLETS,8806097860259,171972009,SAMSUNG,"SAMSUNG Tab A11+ SM-X230NZARTUR 11,0 inç 6 GB 128 GB Tablet Gümüş",1,2,Retail,9999,1,Beşken elektronik,,0,0,0
1760906853,IT Acc.,INK CARTRIDGE & TONER,4549292016963,171582010,CANON,CANON CL-56 Kartuş Mürekkep baskı Çok Renkli,6,204,Retail,1102.1,1,netsiparis,,0,0,4
1769944972,GSM HW,SMARTPHONES,8806097868484,172942206,SAMSUNG,SAMSUNG Galaxy S26 5G 12 GB 256 GB Akıllı Telefon Kobalt Mor,2,1,Retail,87998.9,2,Güreller,,0,1,1
1792236482,GSM HW,SMARTPHONES,8806097866633,172942201,SAMSUNG,SAMSUNG Galaxy S26 Ultra 5G 12 GB 256 GB Akıllı Telefon Siyah,2,1,Retail,131998.9,2,Güreller,,0,4,4
1769943406,GSM HW,SMARTPHONES,8806097867159,172942205,SAMSUNG,SAMSUNG Galaxy S26 Ultra 5G 12 GB 512 GB Akıllı Telefon Kobalt Mor,5,1,Retail,142998.9,5,Güreller,,0,4,4
1771655187,IT Acc.,INK CARTRIDGE & TONER,4549292016963,171582010,CANON,CANON CL-56 Kartuş Mürekkep baskı Çok Renkli,6,90,Retail,1140.3,2,Kraft Online,,0,0,4
1811825185,CE Acc.,TRUE WIRELESS HEADPHONES,1200130030468,171309633,JBL,"JBL Tune 680 BT NC Bluetooth, Kablolu Kulak Üstü Kulaklık Mavi",1,2,Retail,4299,1,İZİ TEKNOLOJİ,,0,0,0
1794130265,MDA,DISHWASHER,8059019111575,161523827,HAIER,HAIER XF 4C7S0W-17 Wi-Fi Bağlantılı C Enerji Sınıfı 10 Programlı Bulaşık Makinesi Beyaz,1,5,Retail,22599,1,Smartevim,,0,0,0
1846728863,Photo,DIGITAL COMPACT CAMERA,4897116931801,170233026,KODAK,KODAK Charmera Anahtarlık Sürpriz Kutu Dijital Fotoğraf Makinesi Çok Renkli,1,10,Retail,3999,1,KAFKASDA,,0,0,0
1751956468,CE Acc.,TRUE WIRELESS HEADPHONES,6932172625740,168745157,BASEUS,BASEUS AIR NORA 2 TRUE WIRELESS BLUETOOTH KULAKLIK-GALAXY Kablosuz Bluetooth Kulak İçi Kulaklık Mavi,2,2,Retail,3699,2,RAST ENTERPRISE,,0,0,0
1709471938,IT HW,MONITOR,8699247378670,168980409,CASPER,CASPER Excalibur M.E27QIF-D 2K QHD IPS PİVOT Flat HDR10 300NIT 27 inç QHD 1 ms Gaming Monitör Siyah,1,100,Retail,11099,1,Casper Excalibur,,0,0,0
1838668766,IT HW,MONITOR,8806097322306,164945578,SAMSUNG,SAMSUNG M7 M70F (USB+ HDMI+WİFİ+Bluetooth) 4K HDR10 Yapay Zeka Destekli Akıllı 43 inç 4K UHD 4 ms 60 Hz Smart Monitör Siyah,3,41,Retail,16559,2,Airyshop,,0,,
1760901960,Gaming Acc.,OTHER COMPUTER ACCESSORIES,5099206070011,152915970,LOGITECH,LOGITECH 910-004861 Spotlight Sunum Kumandası Gri,1,5,Retail,7134.4,1,netsiparis,,0,,
1842009871,Floor care,VACUUM CLEANER,4002516556398,168934700,MIELE,MIELE Blizzard CX1 Cat&Dog Toz Torbasız Elektrikli Süpürge Kırmızı,1,2,Retail,31888,1,Derka Shop,,0,0,0
1743084707,TV,TELEVISION,8682655704230,170715005,ONVO,ONVO 75VQ90F3UA Google 75 inç 190 cm Dahili Uydu Alıcılı 4K UHD SMART TV TV,5,5,Retail,43235,5,Akpa DTM,,0,0,0
1760906935,IT Acc.,INK CARTRIDGE & TONER,4549292169010,153908068,CANON,CANON GI-46 Mürekkep Mürekkep baskı Mürekkep Sarı,3,129,Retail,1787,1,netsiparis,,0,0,0
1729688201,IT Acc.,MOUSE,8886419334743,162648112,RAZER,RAZER Deathadder V4 Pro RF Wireless + USB Type-A Kablosuz Mouse Siyah,1,37,Retail,9690,1,Nethouse,,0,0,0
1831693393,CE Acc.,POWER MANAGEMENT (OTHERS),4895229130142,171975049,PHILIPS,PHILIPS CHP7010W Tekli 1 cm Akım Korumalı Priz Beyaz,1,980,Retail,799,1,Decide,,0,0,0
1837846416,Photo,MIRRORLESS SYSTEM CAMERAS,4549292204841,106622120,CANON,CANON EOS R8 Body Full Format Aynasız Fotoğraf Makinesi,2,2,Retail,88499,1,Nova Fotoğraf,,0,0,0
1837860435,Photo,MIRRORLESS SYSTEM CAMERAS,4549292185546,106572149,CANON,CANON EOS R7 18-150mm Lensli APS-C Sensör Aynasız Fotoğraf Makinesi,2,9,Retail,108999,2,Nova Fotoğraf,,0,0,0
1770979911,IT Acc.,KEYBOARD + MOUSE SETS,5099206053700,172385701,LOGITECH,LOGITECH MK345 Kablosuz Kablosuz Klavye ve Mouse Seti Siyah,7,419,Retail,2212.8,3,Kraft Online,,0,0,0
1830521436,Smart Home,SMART HOME IP CAMERAS,6957939004477,180518971,MERCUSYS,MERCUSYS MC210 Home Security Evet Wi-Fi Kamera Beyaz,1,5,Retail,1261,1,Lucky Trend,,0,0,0
1760901240,IT Acc.,KEYBOARD + MOUSE SETS,5099206053700,172385701,LOGITECH,LOGITECH MK345 Kablosuz Kablosuz Klavye ve Mouse Seti Siyah,7,20,Retail,2013.2,1,netsiparis,,0,0,0
1831227308,SDA,TOOTHBRUSH ELECTRICAL,8700216344784,162929833,ORAL B,ORAL B IO 2 Serisi + Seyahat Kabı Şarjlı Diş Fırçası Siyah,2,1,Retail,3888,2,Derka Shop,,0,0,0
1674441963,GSM HW,SMARTPHONES,0195950628203,166438209,APPLE,APPLE iPhone 17 Pro 12 GB 512 GB Akıllı Telefon Derin Mavi,1,5,Retail,140999,1,Bittibitiyor,,0,1,1
1845261005,GSM HW,SMARTPHONES,6932554454876,168221721,XIAOMI,XIAOMI Redmi 15 8 GB 256 GB Akıllı Telefon Mor,2,5,Retail,17499,2,Bittibitiyor,,0,1,1
1751357374,GSM HW,SMARTPHONES,8806097660842,166767228,SAMSUNG,SAMSUNG Galaxy A17 5G 8 GB 256 GB Akıllı Telefon Siyah,5,5,Retail,19099,5,Bittibitiyor,,0,2,2
1748164094,GSM HW,SMARTPHONES,8806097660866,166767264,SAMSUNG,SAMSUNG Galaxy A17 5G 8 GB 256 GB Akıllı Telefon Mavi,5,22,Retail,18999,3,Güreller,,0,87,6
1823899798,Photo,MIRRORLESS SYSTEM CAMERAS,4549292241594,157432635,CANON,CANON EOS R50 V BK V5 + RF-S 14-30 EU26 APS-C Sensör Fotoğraf Makinesi,2,1,Retail,56525.2,2,Kraft Online,,0,,
1836443514,SDA,ICE-CREAM MACHINE,0622356350907,161461057,NINJA,NINJA Creami Deluxe NC502EU Dondurma Makinesi Gri,2,1,Retail,16999,2,BlueGo,,0,0,0
1748162018,TV,TELEVISION,8806097077091,168948481,SAMSUNG,SAMSUNG QE83S90FAEXTK SS8 83 inç 210 cm Dahili Uydu Alıcılı 4K UHD SMART TV OLED TV,1,1,Retail,294789,1,Güreller,,0,1,1
1760902716,IT Acc.,KEYBOARD,5099206099968,156381645,LOGITECH,LOGITECH K580 ULTRA INCE MULTI-DEVICE BLUETOOTH(R) KLAVYE S Kablosuz Klavye Siyah,4,20,Retail,2711.3,1,netsiparis,,0,0,0
1779757401,IT HW,MONITOR,4711636157612,173879342,ASUS,"ASUS ROG Strix OLED XG27AQDMES 26,5 inç QHD 0,03 ms 240 Hz Gaming Monitör Siyah",2,117,Retail,29079,1,BETA PLUS TEKNOLOJİ,,0,0,0
1762811909,GSM HW,SMARTPHONES,8806097868545,172942207,SAMSUNG,SAMSUNG Galaxy S26 5G 12 GB 256 GB Akıllı Telefon Gök Mavisi,3,7,Retail,63099,1,CepHane Teknoloji,,0,2,2
1743281487,IT Acc.,STEERING WHEEL,8680096115677,170737780,RAMPAGE,RAMPAGE V902 Ps4/Pc/Xboxone/Xbox360 /Xbox Series S Uyumlu Siyah 3 Pedallı Oyuncu Direksiyon,1,100,Retail,10499,1,Dossimo,,0,503,12
1770236977,IT Acc.,KEYBOARD,0703508679623,172497532,DEXIM,DEXIM KW-103 Kablosuz Klavye Beyaz,1,9,Retail,789.84,1,UzmanlarPC,,0,0,0
1770235750,IT Acc.,KEYBOARD,5099206111387,171643707,LOGITECH,LOGITECH Pebble Keys 2 K380S Çoklu Cihaz Bluetooth Kablosuz Klavye Pembe,4,10,Retail,2622.26,3,UzmanlarPC,,0,0,0
1832565056,Floor care,ROBOT VACUUM CLEANERS,6936905905000,174504306,ROBOROCK,ROBOROCK Qrevo Edge 2 Pro Akıllı Robot Süpürge Beyaz,2,4,Retail,87999,1,Titanyum AVM,,0,1,1
1846017233,GSM HW,SMARTPHONES,0195950643947,166347552,APPLE,APPLE iPhone 17 8 GB 256 GB Akıllı Telefon Sis Mavisi,2,3,Retail,98999,1,Aypa Teknoloji,,0,2572,81
1832519540,GSM Acc.,SMART WATCHES,8806097416593,168935899,SAMSUNG,SAMSUNG Galaxy Watch 8 Classic Akıllı Saat Beyaz,5,1,Retail,18072,4,CepHane Teknoloji,,0,1,1
1828433470,Smart Home,SMART HOME IP CAMERAS,8885021370088,161655676,TAPO,TAPO Tapo C260 Ev Evet Güvenlik Kamerası Beyaz,2,12,Retail,3499,1,Teknorya,,0,1,1
1842547198,CE Acc.,TRUE WIRELESS HEADPHONES,8887910061275,162245796,RAZER,RAZER Blackshark V3 Oyuncu Kablosuz Kulak Üstü Kulaklık Siyah,1,9,Retail,11599,1,Teknorya,,0,1,1
1595688318,IT HW,MONITOR,4711387919194,158331604,ASUS,ASUS TUF GAMING VG27AQML5A 27 FAST IPS 27 inç WQHD 1 ms 300 Hz Gaming Monitör Siyah,2,150,Retail,17469,1,BETA PLUS TEKNOLOJİ,,0,0,0
1748136756,IT HW,MONITOR,8806095535388,164560936,SAMSUNG,SAMSUNG Odyssey G3 LS27DG302EUXUF FHD (HDMI+DP) Pivot 27 inç Full-HD 1 ms 180 Hz Gaming Monitör Siyah,3,5,Retail,7299,2,Smartevim,,0,0,0
1738337627,IT HW,MONITOR,8806097322306,164945578,SAMSUNG,SAMSUNG M7 M70F (USB+ HDMI+WİFİ+Bluetooth) 4K HDR10 Yapay Zeka Destekli Akıllı 43 inç 4K UHD 4 ms 60 Hz Smart Monitör Siyah,3,5,Retail,18499,3,Smartevim,,0,,
1798745953,IT HW,TABLETS,8806097804192,166538181,SAMSUNG,"SAMSUNG Galaxy Tab A11 8,7 inç 4 GB 64 GB Tablet Gümüş",5,3,Retail,5899,1,Aypa Teknoloji,,0,0,0
1796343204,CE Acc.,POWERBANKS,6941876233380,155399473,UGREEN,UGREEN 35338 20W Taşınabilir Standlı 5.000 mAh Powerbank Gri,1,1,Retail,1959.3,1,Decide,,0,0,0
1760901971,IT Acc.,INK CARTRIDGE & TONER,0190780132531,153540527,HP,HP M0H55AE GT52 Mürekkep baskı Kırmızı,1,200,Retail,775.9,1,netsiparis,,0,141,15
1837909411,Gaming Acc.,GAMING MOUSE PAD,8886419319917,170249970,RAZER,RAZER Firefly V2 Pro Phantom Edition Mousepad Yeşil,1,9,Retail,9999,1,Teknorya,,0,0,0
1819328266,SDA,STEAM IRON,3121040089040,164331881,TEFAL,TEFAL Ultimate Power Pro Buharlı Ütü Siyah-Kahverengi,3,5,Retail,9899,3,Smartevim,,0,0,0
1831699356,CE Acc.,NETWORK CABLE,6957303884308,171643368,UGREEN,UGREEN 80430 Cat8 25Gbps 2000Mhz Örgülü 1.5 m Ethernet Kablosu,1,1,Retail,349,1,Decide,,0,0,0
1779335975,MDA,REFRIGERATOR,8806095403618,173294162,SAMSUNG,SAMSUNG RB45DG600EWWTR 458 L Mono Cooling E Enerji Sınıfı Alttan Donduruculu Buzdolabı Beyaz,1,5,Retail,56899,1,Smartevim,,0,0,0
1842024034,MDA,FITTED OVENS,8059019111322,182201017,HOOVER,HOOVER Hoover HO3158W 70 LT Beyaz Ankastre Fırın 70 l Buhar destekli ankastre fırın Beyaz cam,1,1,Retail,16000,1,Dijital Ankastre,,0,43,2
1844444676,Floor care,VACUUM CLEANER,4242005490745,172537614,BOSCH,BOSCH BGS7POW2 Toz Torbasız Elektrikli Süpürge Siyah,3,1,Retail,17566,1,RAST ENTERPRISE,,0,0,0
1845520590,GSM Acc.,SMART WATCHES / SMARTBANDS ACCESSORIES,6944629188357,183528521,PIILI,PIILI Apple Watch 42 - 44 - 45 - 46 - 49 mm Uyumlu Weave Akıllı Saat Kordonu Krem,1,4,Retail,1399.9,1,Piili,,0,,
1845552879,GSM Acc.,SMART WATCHES / SMARTBANDS ACCESSORIES,6944629188418,183469231,PIILI,PIILI Apple Watch 42 - 44 - 45 - 46 - 49 mm Uyumlu Silicone Apple Watch Akıllı Saat Kordonu Lacivert,1,69,Retail,1149.9,1,Piili,,0,,
1802726522,Software,GAMES & SOFTWARE,5026555431842,169501861,TAKE 2,TAKE 2 GTA 5 PlayStation 5 Oyun,2,20,Retail,1999,2,BLACKBOX,,0,0,0
1845826066,SDA,HAIR STRAIGHTENER & CRIMPER,8720689000185,153635551,PHILIPS,PHILIPS BHH885/00 Saç Düzleştirici Fırça Siyah,4,1,Retail,3799,2,ACCPAZAR,,0,0,0
1605451223,Floor care,VACUUM CLEANER RECHARGEABLE,6974653813383,164383067,ROBOROCK,ROBOROCK H60 Hub Ultra Dikey Şarjlı Kablosuz Süpürge Beyaz,2,15,Retail,23799,1,Mieko Türkiye,,0,0,0
1797755990,IT Acc.,INK CARTRIDGE & TONER,0196548611102,168512857,HP,HP 938 Orijinal Toner Fused Deposition Modeling (FDM) Toner Cam Göbeği,4,2,Retail,1700,1,Tonerin Burada,,0,0,0
1596717793,IT Acc.,KEYBOARD,5099206065987,156319297,LOGITECH,LOGITECH G G213 PRODIGY OYUNCU KLAVYESI   SIYAH Kablolu Işıklı Klavye Siyah,5,137,Retail,2099,1,BETA PLUS TEKNOLOJİ,,0,0,0
1791135714,SDA,STEAM IRON,8720389016141,160089336,PHILIPS,PHILIPS Azur DST7061/30 Buharlı Ütü Koyu Mor,2,2,Retail,4699,1,Aypa Teknoloji,,0,0,0
1831699312,CE Acc.,CHARGERS,6941876271306,172994516,UGREEN,UGREEN 55212B 60W USB-C Makaralı Dahili Kablolu Çakmaklık 1x USB-C 1x USB-A Hızlı Araç İçi Şarj Cihazı Gri,1,54,Retail,1539,1,Decide,,0,0,0
1779143289,MDA,HOODS,8806088905389,172612487,SAMSUNG,SAMSUNG NK24M7060VW/TR Ankastre Davlumbaz Beyaz Cam,1,5,Retail,21999,1,Smartevim,,0,15,0
1784057590,GSM Acc.,OTHER TELECOM ACCESSORIES,6944629192095,172296041,PIILI,PIILI P-Hold Çift Fonksiyonlu Vakumlu Araç içi telefon şarj ve tutucu Siyah,1,10,Retail,2999,1,Piili,,0,0,0
1795460326,SDA,HAND MIXER & HAND BLENDER,4242005561582,173897523,BOSCH,BOSCH MSM6M974 Serie 6 Ergomaster 1600 W El Blender Seti Siyah,3,2,Retail,8456,1,RAST ENTERPRISE,,0,564,29
1845565688,GSM Acc.,SMART WATCHES,6942103189685,175526654,HUAWEI,HUAWEI Watch Fit 5 Akıllı Saat Siyah,1,1,Retail,7999,1,Koycebine,,0,0,0
1784682690,SDA,TEA MAKER,8690842691171,172369761,GRUNDIG,GRUNDIG TM 4454 G Cam Hazneli 2 l Çay Makinesi Antrasit,1,2,Retail,3799,1,Makroreyon,,0,0,0
1825819720,Photo,PHOTO FILMS,4547410341317,155025366,FUJIFILM,FUJIFILM Instax Mini Sky Blue Edition 10'lu Özel Film,1,13,Retail,719,1,Desibela,,0,0,0
1841950912,IT Acc.,HARD DISK (INTERNAL),4582563859982,155067872,KIOXIA,KIOXIA Exceria Plus G4 LVD10Z002TG8 PCI-Express 5.0 M.2 2 TB SSD,5,20,Retail,28331.88,5,Yedigün Bilişim,,0,0,0
1814481309,IT HW,E-BOOK READER,0681495008704,104203973,KOBO,"KOBO Elipsa 2e 10.3"" 32 GB E-Kitap Okuyucu Siyah",1,100,Retail,29999,1,Aydınlar Ticaret,,0,1,1
1811831548,GSM HW,SMARTPHONES,0195950051223,154846417,APPLE,APPLE iPhone 16E 8 GB 128 GB Akıllı Telefon Beyaz,3,1,Retail,43869,3,Destek Bilişim,,0,2,22
1745349929,MDA,FREEZER & CHEST FREEZER,8690842650215,170597422,ALTUS,ALTUS AL 2104 E E Enerji Sınıfı 104 l 1 Bölmeli Sandık Tipi Derin Dondurucu Beyaz,3,1,Retail,21673,3,Özdijitek,,0,367,12
1833735762,IT Acc.,MEMORY CARD,0740617348453,163501992,KINGSTON,KINGSTON Canvas Select Plus Gen3 A1 microSDXC 128 GB Hafıza Kartı,3,100,Retail,2649,2,Teknomevo,,0,0,0
1811756377,IT Acc.,HARD DISK (EXTERNAL),4582563859630,164934764,KIOXIA,KIOXIA G2 Plus Portable 2 TB Taşınabilir SSD Siyah,2,40,Retail,13229,1,Lowell Teknoloji,,0,0,0
1828468059,SDA,CONTACT GRILL,3045380028340,156372423,TEFAL,TEFAL SUPERGRILL 3IN1 XL Tost Makinesi Gri,2,5,Retail,9199,1,Smartevim,,0,132,4
1816832180,GSM Acc.,SMART WATCHES,6977887510080,178445387,HONOR,HONOR Choice Watch 2i Akıllı Saat Siyah,1,5,Retail,1989,1,Teknoraks,,0,0,0
1835688765,SDA,ESPRESSO MAKER & COFFEE MAKER,8720389032325,162680232,PHILIPS,PHILIPS EP5544/80 Espresso Tam Otomatik Kahve Makinesi Bronz-Siyah,4,20,Retail,24999,1,Dükkan35,,0,1,1
1826185866,CE Acc.,ADAPTERS,8885020622263,171164525,TP-LINK,TP-LINK UE330C Type-C to Ethernet Dönüştürücü,3,4,Retail,1499,1,Nethouse,,0,0,0
1795791039,IT Acc.,KEYBOARD + MOUSE SETS,5099206092471,172905487,LOGITECH,LOGITECH MK295 kablosuz Klavye ve Mouse Seti Siyah,8,10,Retail,1812,3,Teknoraks,,0,0,0
1770234354,IT Acc.,MAINBOARDS,4711377337977,161024527,MSI,MSI 7E64-001R H810 DDR5 ATX Anakart,4,4,Retail,6899.86,1,UzmanlarPC,,0,,
1770234481,IT Acc.,GRAPHICS CARDS,4711377342544,155816142,MSI,MSI V537-005R GeForce RTX™ 5060 8 GB Ekran Kartı,7,1,Retail,33521.63,2,UzmanlarPC,,0,12,0
1683574626,GSM HW,SMARTPHONES,4894947089558,163887326,TECNO,TECNO Spark Go 2 4 GB 128 GB Akıllı Telefon Siyah,4,75,Retail,10199,4,Ceptemax,,0,2,2
1781107182,GSM HW,SMARTPHONES,6932554454869,167803942,XIAOMI,XIAOMI Redmi 15 8 GB 256 GB Akıllı Telefon Titan Grisi,4,1,Retail,16499,1,Beşken elektronik,,0,0,0
1731189146,GSM HW,SMARTPHONES,6932554487331,169859664,XIAOMI,XIAOMI Redmi Note 15 8 GB 256 GB Akıllı Telefon Mavi,2,78,Retail,18999,2,Ceptemax,,0,1,1
1715992558,GSM HW,SMARTPHONES,6932554491536,169130256,XIAOMI,XIAOMI Redmi Note 15 Pro 5G 8 GB 256 GB Akıllı Telefon Siyah,2,2,Retail,28899,2,CepHane Teknoloji,,0,1,1
1605337528,GSM HW,SMARTPHONES,8806097662259,164308107,SAMSUNG,SAMSUNG Galaxy S25 FE 8 GB 256 GB Akıllı Telefon Lacivert,5,5,Retail,42599,3,Bittibitiyor,,0,548,30
1820489278,Photo,DRONES,6937224123205,170061543,DJI,DJI Mini 5 Fly Pro Combo Plus RC 2 Drone Gri,3,1,Retail,76999,3,BLACKBOX,,0,3,2
1770234374,IT Acc.,MEMORY CARD,0740617348408,170488068,KINGSTON,KINGSTON Canvas Select Plus Gen3 100MB/s A1 microSDXC 64 GB Hafıza Kartı,2,25,Retail,1391.89,1,UzmanlarPC,,0,0,1
1760902692,CE Acc.,CABLE (OTHERS),4895252506204,170591586,TP-LINK,TP-LINK TL-WPA7817 KIT | AV1000 & AX1500 | Kolay Kurulum | Gigabit | Mobil Uygulama | Easy Mesh Powerline Adaptör,1,10,Retail,4989.4,1,netsiparis,,0,,
1811294441,MDA,FITTED OVENS,8806088383941,176116923,SAMSUNG,SAMSUNG NV60K5140BB/TR 7 Adet Pişirme Programlı Elektrikli 60 l Ankastre Fırın Siyah,1,5,Retail,19399,1,Smartevim,,0,0,0
1820559885,Floor care,COMBI WET/DRY CLEANER,8720389040733,150524636,PHILIPS,PHILIPS Aqua Trio 9000 Seri XW9463/11 Islak & Kuru Temizlik Kablosuz Dikey Süpürge Gri,2,1,Retail,30999,2,Göksu Teknoloji,,0,0,0
1844983691,SDA,TOOTHBRUSH ELECTRICAL,4210201426981,172369811,ORAL B,ORAL B Vitality Pro Cross Action Elektrikli Diş Fırçası Lila,5,77,Retail,2199,3,Braun Shop,,0,0,0
1827734131,SDA,BLENDER,3016667293942,172614131,TEFAL,TEFAL Blend Up 2 OTG 1000 W Smoothie Blender Kuzey Mavisi,1,5,Retail,6499,1,Smartevim,,0,0,0
1772227404,SDA,AIR CONDITIONING,8806097251552,173632368,SAMSUNG,SAMSUNG AR40F12C0AM/SK 12000 Btu A++ Enerji Sınıfı Inverter Klima Beyaz,3,5,Retail,39399,3,Smartevim,,0,1,1
1842330303,IT HW,MONITOR,4711636236980,173727566,ASUS,"ASUS TUF Gaming VG27AQE5A 165Hz 2K Adaptive Sync IPS 27 inç QHD 0,30 ms 165 Hz Gaming Monitör Siyah",3,20,Retail,10484.3,2,netsiparis,,0,46,0
1771655197,IT Acc.,INK CARTRIDGE & TONER,4549292016970,171581994,CANON,CANON PG-46 Kartuş Mürekkep baskı Siyah,5,70,Retail,890.3,2,Kraft Online,,0,0,0
1750719934,GSM HW,SMARTPHONES,8683411891935,168178800,OMIX,OMIX O1 Icon 8 GB 256 GB Akıllı Telefon Siyah,2,13,Retail,11199,1,CepHane Teknoloji,,0,0,0
1751464660,GSM HW,SMARTPHONES,8806097662235,164308444,SAMSUNG,SAMSUNG Galaxy S25 FE 8 GB 256 GB Akıllı Telefon Buz Mavisi,3,1,Retail,44999,3,Beşken elektronik,,0,763,25
1814061749,Photo,DRONES,6937224131774,166790202,DJI,DJI NEO 2 FLY MORE COMBO Drone Gri,4,2,Retail,291999,4,BLACKBOX,,0,0,0
1842866129,GSM Acc.,SMART WATCHES,4894461981079,157956125,TCL,TCL Movetime Family Watch MT46X Akıllı Çocuk Saati Mavi,1,98,Retail,6999,1,Teknorya,,0,0,0
1774284960,Floor care,ROBOT VACUUM CLEANERS,6977328067593,168511951,DREAME,DREAME D20 Ultra Robot Süpürge Beyaz,2,2,Retail,37988,2,RAST ENTERPRISE,,0,0,0
1842860847,Photo,ACTION CAMERAS,6937224126107,166791672,DJI,DJI Osmo Action 6 Adventure Combo Aksiyon Kamera Siyah,2,2,Retail,37199,1,Nova Fotoğraf,,0,1,1
1714723450,Photo,CAR CAMERAS,6971669784539,169120725,70MAI,70MAI M800 Ön Kamera + RC14 Arka Araç Kamerası,1,5,Retail,14199,1,70mai Türkiye,,0,0,0
1824265053,IT Acc.,MOUSE,5099206130111,162759332,LOGITECH,LOGITECH GPROX SUPERLIGHT 2C OYUNCU MOUSE-BEYAZ 910-007539 Kablosuz raporlama hızı 1khz (1ms) Kablosuz Oyuncu Mouse Beyaz,2,31,Retail,6999,1,GpnTeknoloji,,0,0,0
1738339105,SDA,ESPRESSO MAKER & COFFEE MAKER,4013833065258,170371438,GRUNDIG,GRUNDIG KVA 8230 Delisia Coffee Tam Otomatik Espresso Kahve Makinesi Siyah,1,2,Retail,29999,1,TAŞARAVM,,0,0,0
1841231248,Photo,DIGITAL COMPACT CAMERA,4897085464942,182085168,YASHICA,YASHICA x Peanuts Funtastic Anahtarlık Kamera Yeşil,1,2,Retail,3499,1,Nethouse,,0,0,0
1811026623,Household,DRINKWARE,1210001943759,172992149,STANLEY,STANLEY Adventure To-Go 1 l Paslanmaz Çelik Termos,1,3,Retail,3249,1,Premiumsepet,,0,0,0
1813991832,CE Acc.,TRUE WIRELESS HEADPHONES,1200130029868,172071367,JBL,JBL Tune 730 BT Bluetooth Kulak Üstü Kulaklık Bej,1,10,Retail,4290,1,Luxury Audio,,0,0,0
1759884909,SDA,SHAVER,8700216645935,172581247,BRAUN,BRAUN 52-A1650S Series 5 Islak ve Kuru Tıraş Makinesi Gök Mavisi,1,54,Retail,6199,1,Braun Shop,,0,0,0
1776584090,Floor care,ROBOT VACUUM CLEANERS,6936905904355,172782776,ROBOROCK,ROBOROCK Qrevo Curv 2 Pro Robot Süpürge Beyaz,1,2,Retail,89899,1,RAST ENTERPRISE,,0,0,0
1787644088,SDA,WATER KETTLE,4013833070405,172801757,GRUNDIG,GRUNDIG WK 6440 Cam 1.7 l Su Isıtıcı Gri,1,5,Retail,1999,1,Makroreyon,,0,0,0
1791418537,IT HW,MONITOR,8680096133428,171376822,RAMPAGE,"RAMPAGE CRIMSON CR25R180 IPS/25/FHD/180HZ/0 25 inç Full-HD 0,5 ms 165 Hz Gaming Monitör Siyah",1,1,Retail,5799,1,Karakaya Bilişim,,0,0,0
1770234241,IT Acc.,GRAPHICS CARDS,4711636057899,159027703,ASUS,ASUS Dual OC GDDR7 128Bit HDMI/DP GeForce RTX™ 5060 8 GB Ekran Kartı,6,1,Retail,32914.69,5,UzmanlarPC,,0,0,0
1837980989,GSM HW,SMARTPHONES,4894947102141,168221784,TECNO,TECNO Spark 40 5G 8 GB 256 GB Akıllı Telefon Siyah,1,1,Retail,17899,1,ACCPAZAR,,0,0,0
1846072418,GSM HW,SMARTPHONES,8683411891966,168178867,OMIX,OMIX O1 Icon 8 GB 256 GB Akıllı Telefon Yeşil,3,2,Retail,11999,3,Aypa Teknoloji,,0,0,0
1751357764,GSM HW,SMARTPHONES,8806097660859,166767255,SAMSUNG,SAMSUNG Galaxy A17 5G 8 GB 256 GB Akıllı Telefon Gri,4,5,Retail,19099,3,Bittibitiyor,,0,899,28
1831679308,GSM HW,SMARTPHONES,8806097662259,164308107,SAMSUNG,SAMSUNG Galaxy S25 FE 8 GB 256 GB Akıllı Telefon Lacivert,5,2,Retail,44999,5,KEA Ev Aletleri,,0,548,30
1774326565,Photo,PHOTO FILMS,8714574682365,158477661,CANON,CANON Paper PP-201 5x5 Photo Cube CP WH/OR Fotoğraf Kağıdı,1,33,Retail,477.9,1,Kraft Online,,0,0,0
1670973864,IT HW,MONITOR,4711387984727,166456195,ASUS,"ASUS TUF Gaming VG259QMRL5A 0.3ms  Adaptive Sync Fast IPS Pivot 24,5 inç Full-HD 1 ms 310 Hz Gaming Monitör Siyah",3,265,Retail,10419,1,BETA PLUS TEKNOLOJİ,,0,1,1
1757372252,Gaming Acc.,GAME PADS,0711719575993,153527636,PLAYSTATION,PLAYSTATION DualSense V2 PlayStation 5 Kablosuz Oyun Kolu Galactic Purple,2,5,Retail,6459,2,BETA PLUS TEKNOLOJİ,,0,3,3
1742612765,Floor care,VACUUM CLEANER,8710103904151,168803576,PHILIPS,PHILIPS XB9155/07 900 W Marathon Ultimate Toz Torbasız Süpürge Mor,3,2,Retail,16350,1,RAST ENTERPRISE,,0,1,1
1716024682,GSM Acc.,COVER & CASE (TELECOM),6944629198318,169185586,PIILI,PIILI iPhone 17 Pro Max Kevlar Serisi Magsafe Hasır Telefon Kılıfı Mavi,1,9,Retail,2999,1,Piili,,0,0,0
1842914909,Photo,ACTION CAMERAS,6937224110502,159526934,DJI,DJI Osmo 360° Standart Combo Aksiyon Kamera Siyah,2,4,Retail,25999,1,Nova Fotoğraf,,0,,
1674582310,Photo,CAR CAMERAS,6971669784621,167521993,70MAI,70MAI A410 Ön Kamera + RC21 Arka Kamera Set 2.5K + 1080P Çift Araç İçi Kamera,1,20,Retail,5199,1,70mai Türkiye,,0,0,0
1828875478,SDA,COFFEE MAKER,8693184953662,158486407,ARZUM,ARZUM OK004-K Okka Minio Türk Kahve Makinesi Krom,2,1,Retail,3190,2,RAST ENTERPRISE,,0,0,0
1762811912,GSM HW,SMARTPHONES,8806097869689,172942185,SAMSUNG,SAMSUNG Galaxy S26 5G 12 GB 256 GB Akıllı Telefon Kobalt Siyah,4,74,Retail,63099,1,CepHane Teknoloji,,0,2,2
1762808019,GSM HW,SMARTPHONES,8806097867241,172942202,SAMSUNG,SAMSUNG Galaxy S26 Ultra 5G 12 GB 512 GB Akıllı Telefon Gök Mavisi,5,6,Retail,96799,1,CepHane Teknoloji,,0,2,2
1820559790,Floor care,COMBI WET/DRY CLEANER,4054278975184,136721038,KÄRCHER,KÄRCHER FC 7 Cordless EU Islak Kuru Süpürge Beyaz,2,1,Retail,19999,2,Göksu Teknoloji,,0,32,3
1812203454,Floor care,VACUUM CLEANER RECHARGEABLE,3221616128644,172297462,TEFAL,TEFAL TY9BC1WO​ X Force Flex 14.80 Aqua Şarjlı Dikey Süpürge Mavi,1,5,Retail,20199,1,Smartevim,,0,0,0
1769944286,GSM HW,SMARTPHONES,8806097865407,172942189,SAMSUNG,SAMSUNG Galaxy S26+ 5G 12 GB 256 GB Akıllı Telefon Beyaz,1,1,Retail,98998.9,1,Güreller,,0,0,0
1784715452,SDA,AIR PURIFIER,7332543985319,172942040,ELECTROLUX,ELECTROLUX EPU73771DG Nemlendirme-Fan Hava Temizleyici Gri,2,1,Retail,25199,2,Makroreyon,,0,0,0
1832564583,Floor care,ROBOT VACUUM CLEANERS,6936905906342,174504296,ROBOROCK,ROBOROCK Qrevo L Pro  Akıllı Robot Süpürge Beyaz,1,10,Retail,51999,1,Titanyum AVM,,0,0,0
1760900875,IT Acc.,GRAPHICS CARDS,4711377342544,155816142,MSI,MSI V537-005R GeForce RTX™ 5060 8 GB Ekran Kartı,7,20,Retail,35096.9,3,netsiparis,,0,12,0
1826277181,IT Acc.,MAINBOARDS,4711377397216,165828693,MSI,MSI 7E36-001R A620 DDR5 MATX Anakart,5,5,Retail,7413.28,5,Yedigün Bilişim,,0,6,0
1674442421,GSM HW,SMARTPHONES,0195950639254,166347726,APPLE,APPLE iPhone 17 Pro Max 12 GB 256 GB Akıllı Telefon Derin Mavi,3,2,Retail,139999,2,Bittibitiyor,,0,6951,190
1841231418,Photo,DIGITAL COMPACT CAMERA,4897085464959,182230050,YASHICA,YASHICA x Peanuts Funtastic Anahtarlık Kamera Sarı,1,3,Retail,3499,1,Nethouse,,0,0,0
1841231394,Photo,DIGITAL COMPACT CAMERA,4582712711420,182746754,YASHICA,YASHICA x Hello Kitty Funtastic Anahtarlık Kamera Kırmızı,1,3,Retail,3499,1,Nethouse,,0,0,0
1821366399,TV,VIDEO PROJECTOR,6935670507358,156791046,XGIMI,XGIMI Mogo 4 Taşınabilir Projeksiyon Cihazı Gri,2,7,Retail,38999,1,BLACKBOX,,0,0,0
1831689163,IT HW,TABLETS,8806097860112,169915270,SAMSUNG,"SAMSUNG Galaxy Tab A11+ SM-X230 11,0 inç 6 GB 128 GB Tablet Gümüş",2,2,Retail,10999,2,KEA Ev Aletleri,,0,0,0
1751364094,IT HW,TABLETS,8806097860112,169915270,SAMSUNG,"SAMSUNG Galaxy Tab A11+ SM-X230 11,0 inç 6 GB 128 GB Tablet Gümüş",2,1,Retail,9999,1,Beşken elektronik,,0,0,0
1760900968,IT Acc.,KEYBOARD,5099206065987,156319297,LOGITECH,LOGITECH G G213 PRODIGY OYUNCU KLAVYESI   SIYAH Kablolu Işıklı Klavye Siyah,5,5,Retail,3010.2,3,netsiparis,,0,0,0
1770234654,IT Acc.,WLAN ROUTER,6932849424515,157489811,TENDA,TENDA TE6L Pro BE5100 Dual Band Wifi 7 Kablosuz 4 Port 5100 Mbit/s MU-MIMO Router,3,2,Retail,5668.56,3,UzmanlarPC,,0,0,0
1753336588,SDA,STEAM IRON,8710103923879,153566024,PHILIPS,PHILIPS GC810/20 Buharlı Dikey Ütü Siyah,2,2,Retail,7999,2,TAŞARAVM,,0,155,8
1831682185,SDA,"BABYCARE (BOTTLE WARMER, DESINFECT.)",4022167001016,95683435,BRAUN,BRAUN BNA100EU Burun Aspiratörü Temizleyici,1,25,Retail,2529,1,Braun Shop,,0,0,0
1821782915,Floor care,ROBOT VACUUM CLEANERS,6936905904799,174504303,ROBOROCK,ROBOROCK Qrevo Curv 2 Flow Akıllı Robot Süpürge Beyaz,2,1,Retail,79999,2,Mobiloom,,0,0,0
1780594598,SDA,AIR CONDITIONING,8806095912257,173576397,SAMSUNG,SAMSUNG Windfree AR60F12C1KW/SK A++ -60% Enerji Sınıfı 12000 BTU/h Inverter Split Klima Beyaz,2,10,Retail,39949,2,Smartevim,,0,0,0
1793566843,SDA,STEAM STATION,3121040095645,171366878,TEFAL,TEFAL Pro Express Vision Max GV9920 Buhar Kazanlı Ütü Mavi,1,2,Retail,25490,1,Güreller,,0,0,0
1787643473,IT Acc.,KEYBOARD + MOUSE SETS,5099206020641,174537474,LOGITECH,LOGITECH MK120 USB Tam Boyutlu Türkçe Q Kablolu Klavye ve Mouse Seti Renkli,5,20,Retail,1314.23,2,UzmanlarPC,,0,0,0
1804341076,Gaming Acc.,GAME PADS,0711719020677,173219103,SONY,"SONY Playstation 5 DualSense PC, PlayStation 5 Kablolu ve Kablosuz Oyun Kolu Kırmızı",3,100,Retail,6599,1,Kavastech,,0,1,1
1820638956,SDA,WATER KETTLE,8710103817253,106942243,PHILIPS,PHILIPS HD9350/90 2200W 1.7 l Su Isıtıcı Paslanmaz çelik,2,5,Retail,2850,1,Etinova,,0,0,0
1846072039,GSM HW,SMARTPHONES,8683411891935,168178800,OMIX,OMIX O1 Icon 8 GB 256 GB Akıllı Telefon Siyah,2,2,Retail,11999,2,Aypa Teknoloji,,0,0,0
1835913302,IT Acc.,USB HUBS,1210002600057,163907693,TP-LINK,TP-LINK UH3020C USB-C 3'ü 1 Arada 4K 60HZ USB Hub Çoklayıcı,1,48,Retail,1499,1,TNG Bilişim,,0,0,0
1839706384,CE Acc.,TRUE WIRELESS HEADPHONES,4895229144569,162864686,PHILIPS,"PHILIPS TAA6219BK/00 KABLOSUZ KULAK USTU SPOR KULAKLIK, PO Kablosuz Bluetooth Kulak Üstü Kulaklık Siyah",1,8,Retail,6499,1,Decide,,0,0,0
1840015013,IT HW,MONITOR,4711387942826,161095218,ASUS,ASUS Tuf VG279QM5A 27 inç Full-HD 1 ms 240 Hz Gaming Monitör Siyah,5,7,Retail,12014.7,3,Kraft Online,,0,0,0
1778042624,Floor care,OTHER FLOOR CARE DEVICES,5011423085975,160808446,PHILIPS,PHILIPS XV5113/01 OneUp 5000 Serisi Elektrikli Mop,4,2,Retail,9999,3,TAŞARAVM,,0,0,0
1841818749,Floor care,VACUUM CLEANER,8692341144516,173220030,ARNICA,ARNICA ET14450 Vesta Cyclon 750Wsi Toz Torbasız Elektrikli Süpürge Siyah,1,1,Retail,13399,1,BiTechnology,,0,0,0
1835645218,Photo,DIGITAL COMPACT CAMERA,8682871143004,181597156,SMATE,SMATE G8 Mini Kamera Sarı,1,5,Retail,1199,1,Teknoraks,,0,,
1760901244,IT HW,TABLETS,8699247359716,172351440,CASPER,CASPER VIA S50 FHD+ Tablet Kılıfı 11 inç 4 GB 128 GB Tablet Metalik Silver,2,8,Retail,9998.4,2,netsiparis,,0,0,0
1784101029,SDA,STEAM IRON,8720389015700,174434420,PHILIPS,PHILIPS DST7040/80 Azur 7000 Serisi 2800 W Buharlı Ütü Turuncu - Siyah,1,5,Retail,4499,1,Makroreyon,,0,0,0
1840030737,IT Acc.,BAGS FOR NOTEBOOKS,5414847698194,154145260,SAMSONITE,"SAMSONITE 16N-09-002 15,6 inç Laptop Çantası Antrasit",1,47,Retail,5238,1,Kraft Online,,0,0,0
1838959281,SDA,COFFEE MAKER,8693184953655,103936418,ARZUM,ARZUM Okka Minio OK004 Türk Kahve Makinesi Siyah-Bakır,2,7,Retail,2900,2,Etinova,,0,0,0
1814544556,GSM HW,SMARTPHONES,8806097662259,164308107,SAMSUNG,SAMSUNG Galaxy S25 FE 8 GB 256 GB Akıllı Telefon Lacivert,5,1,Retail,43499,4,Başaran Ticaret,,0,548,30
1813996912,Innovations,POWER STATIONS,6937224115156,158331565,DJI,DJI Power 1000 V2 Taşınabilir Güç Kaynağı Siyah,2,1,Retail,46999,1,BLACKBOX,,0,,
1760900478,IT HW,MONITOR,4711387942826,161095218,ASUS,ASUS Tuf VG279QM5A 27 inç Full-HD 1 ms 240 Hz Gaming Monitör Siyah,5,7,Retail,10484.3,2,netsiparis,,0,0,0
1770234315,IT HW,MONITOR,4711387957974,158331549,ASUS,"ASUS TUF GAMING VG32VQM5B 31.5 FAST VA KAVISLI 31,5 inç Full-HD 0,5 ms 250 Hz Gaming Monitör Siyah",4,6,Retail,18655.02,4,UzmanlarPC,,0,0,0
1804342588,Gaming Acc.,GAME PADS,0711719577676,153634397,SONY,SONY Playstation 5 Dualsense Kobalt Mavisi PC Kablolu ve Kablosuz Oyun Kolu Kobalt Mavisi,4,100,Retail,6399,1,Kavastech,,0,0,0
1751878157,SDA,CURLERS & HAIR DRESSING SET,8720689002776,162826955,PHILIPS,PHILIPS BHA301/00 Argan Yağı Seramik Kaplama-3 Aparat-3 Isı Ayarı Saç Şekillendirme ve Kurutma Seti Siyah,3,2,Retail,3595.48,1,RAST ENTERPRISE,,0,0,0
1835645217,Photo,DIGITAL COMPACT CAMERA,8682871143011,181597160,SMATE,SMATE G8 Mini Kamera Mavi,1,5,Retail,1199,1,Teknoraks,,0,,
1763998569,TV,TELEVISION,8690842824067,168948487,GRUNDIG,GRUNDIG 55 GQ 750A SS5 55 inç 139 cm Dahili Uydu Alıcılı 4K UHD SMART TV QLED TV,1,5,Retail,32199,1,Smartevim,,0,,
1706007325,SDA,STEAM STATION,8720389004865,166828546,PHILIPS,PHILIPS PSG6042/20 PSG6042/20 Mavi,1,2,Retail,14999,1,TAŞARAVM,,0,0,0
1826187109,IT Acc.,WLAN ROUTER,6957939002589,172585391,MERCUSYS,MERCUSYS Mr25be Be3600 D.b Wi-fi 7  Kablosuz + Kablolu 4 Port 1900 Mbit/s MU-MIMO Router,4,3,Retail,2699,1,Nethouse,,0,0,0
1768451990,GSM HW,SMARTPHONES,8806097869689,172942185,SAMSUNG,SAMSUNG Galaxy S26 5G 12 GB 256 GB Akıllı Telefon Kobalt Siyah,4,5,Retail,69399,2,Bittibitiyor,,0,2,2
1831699359,CE Acc.,CHARGERS,6941876261543,172796551,UGREEN,UGREEN 65154 45W GaN Type-C QC PD 2xUSB-C Hızlı Şarj Cihazı Beyaz,1,23,Retail,1259.3,1,Decide,,0,0,0
1769534777,Gaming Acc.,GAME PADS,0711719022381,171269895,PLAYSTATION,"PLAYSTATION Playstation Dualsense PlayStation 5, PC Kablosuz Kontrol Cihazı Siyah",4,18,Retail,5199,2,FırsatKurdu,,0,1,1
1821999190,CE Acc.,FLASHLIGHTS,4895229159365,179384216,PHILIPS,PHILIPS SFL5001/62 LED 300 Lümen IPX4 Suya Dayanıklı 4 Işık Modlu Şarjlı El Feneri,1,275,Retail,1499,1,Decide,,0,0,0
1771013786,GSM HW,SMARTPHONES,8806097866626,172942210,SAMSUNG,SAMSUNG Galaxy S26 Ultra 5G 12 GB 512 GB Akıllı Telefon Kobalt Siyah,6,1,Retail,109999,3,Beşken elektronik,,0,6,6
1757442032,Floor care,VACUUM CLEANER,4242005490745,172537614,BOSCH,BOSCH BGS7POW2 Toz Torbasız Elektrikli Süpürge Siyah,3,1,Retail,26389,3,Güreller,,0,0,0
1804342281,Gaming Acc.,GAME PADS,0711719020912,173219101,SONY,"SONY Playstation 5 DualSense PC, PlayStation 5 Kablolu ve Kablosuz Oyun Kolu Yeşil",3,100,Retail,6599,1,Kavastech,,0,0,0
1805965470,MDA,HOBS,8690842595912,165184606,ALTUS,ALTUS ALA 189 DW Ankastre Ocak Beyaz,3,1,Retail,12131,1,Jettekno,,0,,
1745351629,MDA,HOODS,8690842642999,170714971,ALTUS,ALTUS ALA 522 I İNOX DAVLUMBAZ A4 Duvar Tipi Piramit Oval Davlumbaz Inox,3,2,Retail,6364,1,Jettekno,,0,,
1830520913,IT Acc.,HARD DISK (INTERNAL),4582563859982,155067872,KIOXIA,KIOXIA Exceria Plus G4 LVD10Z002TG8 PCI-Express 5.0 M.2 2 TB SSD,5,10,Retail,21853.4,3,Kraft Online,,0,0,0
1663304816,GSM HW,SMARTPHONES,8806097660859,166767255,SAMSUNG,SAMSUNG Galaxy A17 5G 8 GB 256 GB Akıllı Telefon Gri,4,12,Retail,18499,1,CepHane Teknoloji,,0,899,28
1828859984,IT Acc.,MEMORY CARD,0740617348453,163501992,KINGSTON,KINGSTON Canvas Select Plus Gen3 A1 microSDXC 128 GB Hafıza Kartı,3,20,Retail,2688.06,3,Yedigün Bilişim,,0,0,0
1835645219,Photo,DIGITAL COMPACT CAMERA,8682871143035,181597155,SMATE,SMATE G8 Mini Kamera Beyaz,1,5,Retail,1199,1,Teknoraks,,0,,
1795397154,CE Acc.,TRUE WIRELESS HEADPHONES,6941876237258,168385608,UGREEN,UGREEN HiTune T3 Pro Aktif Gürültü Engelleyici 30 Saat Çalma Süresi ANC 4 Mikrofonlu 35725 Bluetooth Kulak İçi Kulaklık Beyaz,1,19,Retail,2899,1,Decide,,0,0,0
1834887446,Photo,INSTANT CAMERAS,8691455001333,181435970,POLAROID,POLAROID Go Gen2 Kamera Başlangıç Seti Şipşak Fotoğraf Makinesi Siyah,2,11,Retail,6999,1,BLACKBOX,,0,0,0
1780580239,GSM HW,SMARTPHONES,8806097866633,172942201,SAMSUNG,SAMSUNG Galaxy S26 Ultra 5G 12 GB 256 GB Akıllı Telefon Siyah,2,5,Retail,91399,1,CepHane Teknoloji,,0,4,4
1762808020,GSM HW,SMARTPHONES,8806097867159,172942205,SAMSUNG,SAMSUNG Galaxy S26 Ultra 5G 12 GB 512 GB Akıllı Telefon Kobalt Mor,5,4,Retail,96799,1,CepHane Teknoloji,,0,4,4
1770947820,CE Acc.,CABLE (OTHERS),6944629184090,173699691,PIILI,PIILI TYP-C To HDMI 4 K 1.8 m HUB048 Kablo,1,10,Retail,1599,1,Piili,,0,0,1
1808261089,GSM HW,SMARTPHONES,8806097867142,172942197,SAMSUNG,SAMSUNG Galaxy S26 Ultra 5G 12 GB 256 GB Akıllı Telefon Kobalt Mor,4,1,Retail,99999,3,ÇARŞI MOBİLE,,0,3,3
1751908401,Smart Home,SMART HOME LIGHTS,6974316992950,153545025,GOVEE,GOVEE RGBIC Basic Wi-Fi Bluetooth 5 m LED Şerit Bluetooth Akıllı Ev Aydınlatması,1,29,Retail,1999,1,Lucky Trend,,0,0,0
1781074407,MDA,HOBS,8690842595912,165184606,ALTUS,ALTUS ALA 189 DW Ankastre Ocak Beyaz,3,1,Retail,13595,3,Özdijitek,,0,,
1843238619,GSM HW,SMARTPHONES,6932554454876,168221721,XIAOMI,XIAOMI Redmi 15 8 GB 256 GB Akıllı Telefon Mor,2,3,Retail,16899,1,Güzel Teknoloji,,0,1,1
1748839138,SDA,AIR PURIFIER,4062321717988,160281129,BOSCH,BOSCH Air 2000 Hava Temizleme Cihazı Beyaz,3,2,Retail,10108.87,1,RAST ENTERPRISE,,0,0,0
1760906985,IT HW,MONITOR,4711387984727,166456195,ASUS,"ASUS TUF Gaming VG259QMRL5A 0.3ms  Adaptive Sync Fast IPS Pivot 24,5 inç Full-HD 1 ms 310 Hz Gaming Monitör Siyah",3,20,Retail,13369,2,netsiparis,,0,1,1
1828469918,SDA,CONTACT GRILL,3045380028319,156371681,TEFAL,TEFAL SUPERGRILL 3IN1 Tost Makinası Inox,2,1,Retail,7159,1,Smartevim,,0,0,0
1830527665,IT HW,TABLETS,6942103165726,166886118,HUAWEI,"HUAWEI Yeni Matepad 2025 11,5 inç 8 GB 128 GB Tablet Uzay Grisi",1,5,Retail,19937.9,1,Kraft Online,,0,0,0
1787993131,SDA,TOOTHBRUSH ELECTRICAL,8006530016186,174998567,ORAL B,ORAL B 2'li Set 2 Fırça Başlığı Seyahat Kabı ve IO 2 Şarjlı Diş Fırçası Siyah-Orman Yeşili,2,53,Retail,5299,1,Braun Shop,,0,0,0
1842274589,SDA,TOOTHBRUSH ELECTRICAL,8006530016186,174998567,ORAL B,ORAL B 2'li Set 2 Fırça Başlığı Seyahat Kabı ve IO 2 Şarjlı Diş Fırçası Siyah-Orman Yeşili,2,473,Retail,5999,2,Anatoptan,,0,0,0
1698117558,SDA,SHAVER,8720689024594,156473917,PHILIPS,PHILIPS S3144/00 Tıraş  Makinesi Koyu Mavi,2,5,Retail,3795,2,TAŞARAVM,,0,0,0
1761377946,IT Acc.,PC CHASSIS / HOUSING,4711377373302,172533708,MSI,MSI AG PANO 130R PZ White 4x120mm ARGB Fan Temperli Cam Mid Tower ATX Gaming Bilgisayar Kasası,3,2,Retail,5569,2,BETA PLUS TEKNOLOJİ,,0,1,0
1780554806,IT HW,MONITOR,4711636236980,173727566,ASUS,"ASUS TUF Gaming VG27AQE5A 165Hz 2K Adaptive Sync IPS 27 inç QHD 0,30 ms 165 Hz Gaming Monitör Siyah",3,93,Retail,8679,1,BETA PLUS TEKNOLOJİ,,0,46,0
1830004781,IT HW,MONITOR,8699247335321,171376742,CASPER,"CASPER M.E238FIF-D 23,8 inç Full-HD 1 ms 200 Hz Gaming Monitör Siyah",1,447,Retail,5799,1,Casper Excalibur,,0,,
1817321639,SDA,WATER-PIK AND AIR FLOSS,8006540839744,175282176,ORAL B,ORAL B AquaCare Series 4 Oxyjet Ağız Duşu,1,1,Retail,5877,1,RAST ENTERPRISE,,0,0,0
1770761510,IT Acc.,KEYBOARD + MOUSE SETS,5099206087293,172905491,LOGITECH,LOGITECH MK470 920-009435 Kablosuz Klavye ve Mouse Seti Siyah,6,25,Retail,3265.8,1,netsiparis,,0,0,0
1769942993,GSM HW,SMARTPHONES,8806097866411,172942193,SAMSUNG,SAMSUNG Galaxy S26 Ultra 5G 12 GB 512 GB Akıllı Telefon Beyaz,4,1,Retail,142998.9,4,Güreller,,0,3,3
1775885946,Smart Home,SMART HOME LIGHTS,6974316997580,152900337,GOVEE,GOVEE Envisual TV Arkası 3 LITE 55-65 inç Bluetooth Akıllı Led Şerit,1,73,Retail,6999,1,Lucky Trend,,0,0,0
1814592315,GSM HW,SMARTPHONES,6932169377607,168221806,OPPO,OPPO A5 4G Aurora 6 GB 128 GB Akıllı Telefon Aurora Yeşil,2,1,Retail,12999,1,Başaran Ticaret,,0,0,0
1709536281,GSM Acc.,SMART WATCHES,8806097416272,168935093,SAMSUNG,SAMSUNG Galaxy Watch 8 Akıllı Saat Gümüş,2,5,Retail,14156,2,CepHane Teknoloji,,0,0,0
1789738833,SDA,AIR PURIFIER,5025155100875,158315274,DYSON,"DYSON Purifier Humidify + Cool De-Nox Hava Temizleyici Beyaz, Altın",1,4,Retail,49999,1,Aypa Teknoloji,,0,1,2
1795397242,CE Acc.,TRUE WIRELESS HEADPHONES,6941876247868,168745254,UGREEN,"UGREEN HITUNE S3 TRUE CLIP KABLOSUZ KULAK ICI KULAKLIK, B Kablosuz Bluetooth Kulak İçi Kulaklık Beyaz",1,10,Retail,2099,1,Decide,,0,0,0
1760900526,IT Acc.,INK CARTRIDGE & TONER,4549292041743,152927828,CANON,CANON GI-490 C Kartuş Mürekkep baskı Mavi,3,97,Retail,713.6,1,netsiparis,,0,0,0
1774844624,IT Acc.,KEYBOARD + MOUSE SETS,5099206077485,156391968,LOGITECH,LOGITECH MK540 Kablosuz Kablosuz Klavye ve Mouse Siyah,6,20,Retail,3194.8,2,Kraft Online,,0,0,0
1828566634,IT Acc.,KEYBOARD,5099206099968,156381645,LOGITECH,LOGITECH K580 ULTRA INCE MULTI-DEVICE BLUETOOTH(R) KLAVYE S Kablosuz Klavye Siyah,4,20,Retail,3865.58,4,Yedigün Bilişim,,0,0,0
1821355011,CE Acc.,POWER STRIP,4895229117631,171588304,PHILIPS,PHILIPS SPN7040WA 2 M 4'lü,1,262,Retail,1499,1,Decide,,0,0,0
1808262465,GSM HW,SMARTPHONES,8806097866626,172942210,SAMSUNG,SAMSUNG Galaxy S26 Ultra 5G 12 GB 512 GB Akıllı Telefon Kobalt Siyah,6,1,Retail,109999,4,ÇARŞI MOBİLE,,0,6,6
1770236704,IT Acc.,KEYBOARD + MOUSE SETS,5099206033641,172385682,LOGITECH,LOGITECH MK330 Bluetooth Klavye ve Mouse seti Siyah,8,20,Retail,2223.91,5,UzmanlarPC,,0,0,0
1830520741,IT Acc.,KEYBOARD,5099206111387,171643707,LOGITECH,LOGITECH Pebble Keys 2 K380S Çoklu Cihaz Bluetooth Kablosuz Klavye Pembe,4,10,Retail,2363.9,2,Kraft Online,,0,0,0
1846745661,GSM Acc.,SMART WATCHES,0195950463385,168935897,APPLE,APPLE Watch Series 11 GPS  Space Grey Aluminium Case with Black Sport Band - M/L MEV44TU/A Akıllı Saat Siyah,1,1,Retail,23599,1,KAFKASDA,,0,,
1841277725,SDA,VENTILATOR,6975061533962,168833040,JISULIFE,JISULIFE Handheld Fan Pro1S  5000mah Taşınabilir Akıllı El Fanı Gri,3,1,Retail,3289,1,BlueGo,,0,80,2
1820901056,Hi-Fi,PORTABLE SPEAKER,1200130025013,169988649,HARMAN KARDON,HARMAN KARDON Aura Studio 5 Bluetooth Hoparlör Siyah,1,2,Retail,19999,1,Koycebine,,0,0,0
1745393934,SDA,WATER DISPENSER,8690842296871,170715015,ALTUS,ALTUS AL-1127 Su Sebili,4,1,Retail,9484,4,Özdijitek,,0,0,0
1757439985,Floor care,VACUUM CLEANER,8710103904168,165148812,PHILIPS,PHILIPS Marathon Ultimate XB9185/07 899 W Toz Torbasız Süpürge Yeşil,6,5,Retail,21998.9,6,Güreller,,0,4,4
1779746549,IT HW,TABLETS,4894461829852,169190236,TCL,TCL NXTPAPER Kalem ve 60Hz 2.4K 14 inç 8 GB 256 GB Taşınabilir Siyah,1,50,Retail,25999,1,Teknorya,,0,,
1770236355,IT Acc.,HARD DISK (INTERNAL),0887276429595,172905475,SAMSUNG,SAMSUNG 870 Evo MZ-77E1T0BW 560 MB/s-530 MB/s SATA 6 Gbit/s 1 TB SSD,5,3,Retail,19614.49,3,UzmanlarPC,,0,225,5
1784703991,SDA,HAND MIXER & HAND BLENDER,8690842488757,172386795,GRUNDIG,GRUNDIG MK 7250 DX Delisia Novus 500 W Mikser Koyu Inox,1,8,Retail,2049,1,Makroreyon,,0,69,8
1762362492,GSM HW,SMARTPHONES,0195950627404,166347638,APPLE,APPLE iPhone 17 Pro 12 GB 256 GB Akıllı Telefon Turuncu,3,1,Retail,134999,3,Beşken elektronik,,0,2,2
1605337524,GSM HW,SMARTPHONES,8806097662297,164308353,SAMSUNG,SAMSUNG Galaxy S25 FE 8 GB 256 GB Akıllı Telefon Beyaz,1,5,Retail,43219,1,Bittibitiyor,,0,0,0
1748019533,Photo,DRONES,6978913850019,166790142,INSTA360,INSTA360 Antigravity A1 Drone Gri,1,1,Retail,91499,1,Delta Dijital Fotoğrafçılık,,0,,
1833705139,GSM Acc.,SMART WATCHES,8684577287099,168981995,BILICRA,BILICRA Round Akıllı Çocuk Saati Mavi,1,2,Retail,7831,1,CepHane Teknoloji,,0,,
1835909938,Photo,INSTANT CAMERAS,8691455001333,181435970,POLAROID,POLAROID Go Gen2 Kamera Başlangıç Seti Şipşak Fotoğraf Makinesi Siyah,2,2,Retail,7199,2,DFN,,0,0,0
1842826380,CE Acc.,CHARGING CABLE,0195949775390,152941476,APPLE,APPLE MYQT3ZM/A 240 W USB-C 2 m Şarj Kablosu Beyaz,2,1,Retail,3205,1,CepHane Teknoloji,,0,0,0
1834887417,Photo,INSTANT CAMERAS,8691455001340,181435969,POLAROID,POLAROID Go Gen2 Kamera Başlangıç Seti Şipşak Fotoğraf Makinesi Mor,2,9,Retail,6999,1,BLACKBOX,,0,0,0
1789167421,IT Acc.,CABLES & ADAPTERS,8806094899504,162498883,SAMSUNG,SAMSUNG Type-C (25W) EP-T2510 Şarj Aleti Siyah,1,25,Retail,2199,1,ScHitec,,0,0,1
1844067621,SDA,SHAVER,8720689008105,156474568,PHILIPS,PHILIPS Shaver Series 5000 S5445/03 Tıraş Makinesi Koyu Mavi,3,9,Retail,3499,1,Makroreyon,,0,0,0
1817451478,SDA,TOOTHBRUSH ELECTRICAL,4210201445111,99649706,ORAL-B,ORAL-B IO 6 Şarjlı Diş Fırçası Siyah,1,2,Retail,14490,1,RAST ENTERPRISE,,0,0,0
1760901167,IT Acc.,INK CARTRIDGE & TONER,4549292041781,154620520,CANON,CANON GI-490Y Mürekkep baskı Sarı,3,79,Retail,713.6,2,netsiparis,,0,0,0
1824301718,IT Acc.,KEYBOARD + MOUSE SETS,5099206092471,172905487,LOGITECH,LOGITECH MK295 kablosuz Klavye ve Mouse Seti Siyah,8,195,Retail,1499,1,GpnTeknoloji,,0,0,0
1815465623,IT Acc.,MOUSE,6941876210640,173511972,UGREEN,UGREEN 15064 4000 DPI Ergonomik Sessiz Optik Kablosuz Mouse Mavi,1,19,Retail,899,1,Decide,,0,0,0
1779247739,MDA,REFRIGERATOR,8806095500515,173294651,SAMSUNG,SAMSUNG RT58K704RWW/TR 588 L Twin Cooling Plus E Enerji Sınıfı Üstten Donduruculu Buzdolabı Beyaz,1,5,Retail,67899,1,Smartevim,,0,0,0
1759749920,MDA,WASHING MACHINE,8806095993928,172588522,SAMSUNG,SAMSUNG WW11DB7B34GEAH A Enerji Sınıfı 11 kg Çamaşır Makinesi Beyaz,1,1,Retail,51698.9,1,Güreller,,0,0,0
1788002378,SDA,TOOTHBRUSH ELECTRICAL,8700216932370,174998569,ORAL-B,ORAL-B IO Çocuk 6+ Marvel Spiderman Şarjlı Diş Fırçası Siyah,1,78,Retail,3399,1,Braun Shop,,0,53,1
1836297896,GSM HW,SMARTPHONES,8806097425007,167997743,SAMSUNG,SAMSUNG Galaxy Z Fold 7 5G 12 GB 256 GB Akıllı Telefon Gece Siyahı,2,3,Retail,90000,1,Altınkoza Teknolojim,,0,0,0
1846796524,Photo,DIGITAL COMPACT CAMERA,4960759916617,154981143,NIKON,NIKON CoolPix P1100 Dijital Fotoğraf Makinesi Siyah,3,2,Retail,59999,1,Fotofix,,0,0,0
1770090337,IT HW,MONITOR,4711387984727,166456195,ASUS,"ASUS TUF Gaming VG259QMRL5A 0.3ms  Adaptive Sync Fast IPS Pivot 24,5 inç Full-HD 1 ms 310 Hz Gaming Monitör Siyah",3,20,Retail,15329.3,3,Kraft Online,,0,1,1
1813466386,Floor care,VACUUM CLEANER,8720389042096,164938546,PHILIPS,PHILIPS Aqua Trio 7000 Seri XW7263/11 Islak & Kuru Temizlik Kablosuz Şarjlı Dikey Süpürge Siyah,3,1,Retail,27199,3,Digithome,,0,0,0
1748164527,IT HW,TABLETS,8806097804185,166538189,SAMSUNG,"SAMSUNG Galaxy Tab A11 8,7 inç 8 GB 128 GB Tablet Gümüş",3,10,Retail,8798.9,1,Güreller,,0,0,0
1835910421,Photo,INSTANT CAMERAS,8691455001340,181435969,POLAROID,POLAROID Go Gen2 Kamera Başlangıç Seti Şipşak Fotoğraf Makinesi Mor,2,2,Retail,7199,2,DFN,,0,0,0
1821424196,Photo,ACTION CAMERAS,6937224110502,159526934,DJI,DJI Osmo 360° Standart Combo Aksiyon Kamera Siyah,2,1,Retail,31999,2,DFN,,0,,
1730582907,SDA,TOOTHBRUSH ELECTRICAL,4210201303015,93999516,ORAL-B,ORAL-B iO 9 Elektrikli Diş Fırçası Siyah,1,3,Retail,17164.95,1,TAŞARAVM,,0,0,0
1760900623,IT Acc.,WLAN ROUTER,6932849424676,157489770,TENDA,TENDA TE3L Dual-Band BE3600 Gigabit Wi-Fi 7 Kablosuz 3 Port 1 Gbit/s MU-MIMO Router,3,12,Retail,3829.4,1,netsiparis,,0,0,0
1730507322,SDA,COFFEE MILL,8690842668111,156230459,GRUNDIG,GRUNDIG CM 7460 Kahve Öğütücü Antrasit,2,4,Retail,1790,2,TAŞARAVM,,0,0,0
1814532487,CE Acc.,CABLE (OTHERS),6957303884049,173369251,UGREEN,UGREEN 80404 8K 60Hz Ultra HD 2.1 Görüntü Aktarm 3 m HDMI Kablo,1,5,Retail,799,1,Decide,,0,0,0
1792443877,SDA,CONTACT GRILL,8691607328059,172293097,KORKMAZ,KORKMAZ A328 Tostkolik Izgara ve Tost Makinesi Inox - Siyah,1,2,Retail,7790,1,RAST ENTERPRISE,,0,0,0
1822166486,Gaming Acc.,GAME PADS,0711719022350,171369439,SONY,SONY Playstation Dualsense PlayStation 5 Kablosuz Kontrol Cihazı Beyaz,6,4,Retail,6999,6,ONETRADE,,0,3,3
1797733347,IT Acc.,INK CARTRIDGE & TONER,0196548611195,150575117,HP,HP 938 Orijinal Toner 4S6X8PE Mürekkep baskı Mürekkep Siyah,2,2,Retail,2600,2,Tonerin Burada,,0,0,0
1756277190,GSM HW,SMARTPHONES,0195950639650,166347622,APPLE,APPLE iPhone 17 Pro Max 12 GB 512 GB Akıllı Telefon Turuncu,4,1,Retail,156999,3,Kavastech,,0,0,0
1675953179,GSM HW,SMARTPHONES,4894947089558,163887326,TECNO,TECNO Spark Go 2 4 GB 128 GB Akıllı Telefon Siyah,4,5,Retail,9959,2,Reyontek,,0,2,2
1825819727,Photo,INSTANT CAMERAS,4547410545180,154112303,FUJIFILM,FUJIFILM Instax Mini 41 Analog Şipşak Fotoğraf Makinesi Siyah,1,11,Retail,6999,1,Desibela,,0,0,0
1562618762,SDA,AIR PURIFIER,6934177793394,162143364,XIAOMI,XIAOMI Smart Air Purifier Elite Akıllı Hava Temizleyiciler Beyaz,1,55,Retail,29999,1,BiTechnology,,0,0,0
1628333553,Gaming Acc.,GAME PADS,0711719577317,153634380,SONY,SONY DualSense PS5 PC Kablolu ve Kablosuz Oyun Kolu Volkanik Kırmızı,2,7,Retail,6490,2,Nethouse,,0,0,0
1759878361,SDA,HAIR CURLER ( CURLING IRON / HOT AIR BRUSH),3030050188943,168700668,BRAUN,BRAUN AS430E Air Styler 4.3 Iontec Saç Kurutma Saç Şekillendirici Gri,2,85,Retail,4499,1,Braun Shop,,0,1,1
1795331411,CE Acc.,POWERBANKS,6941876246854,163732345,UGREEN,UGREEN Uno Dahili Kablolu  30W Hızlı Şarj   35604B 10.000 mAh Powerbank Mor,1,25,Retail,3199,1,Decide,,0,0,0
1789300381,IT Acc.,CABLES & ADAPTERS,8806094899498,162498552,SAMSUNG,SAMSUNG type-C (25W) EP-T2510 Şarj Aleti Beyaz,1,33,Retail,2199,1,ScHitec,,0,0,1
1729908773,SDA,LADY SHAVER,8720689004503,159018243,PHILIPS,PHILIPS BRR454/00 Yüz Tüyü Alma Makinesi Pembe,1,4,Retail,2398.8,1,TAŞARAVM,,0,0,0
1831248244,SDA,COFFEE MAKER COUNTRY SPECIFIC (MOKA POT ...),8720389030567,168531105,PHILIPS,PHILIPS 5000 serisi HDA150/60 Türk Kahve Makinesi Siyah Bakır,3,1,Retail,2888,1,Derka Shop,,0,0,0
1764473540,IT HW,TABLETS,0195949752384,172796541,APPLE,"APPLE MYH23TU/A IPAD MINI 7 WI-FI 512GB - STARLIGHT 8,3 inç 8 GB 512 GB Tablet Starlight",1,2,Retail,49999,1,Teknopoint,,0,,
1760902662,IT Acc.,KEYBOARD,5099206110977,171643728,LOGITECH,LOGITECH Pebble Keys2 K380S Çoklu Cihaz Bluetooth Kablosuz Klavye Beyaz,5,25,Retail,1850.1,1,netsiparis,,0,0,0
1825819783,Photo,PHOTO FILMS,4547410370010,94920565,FUJIFILM,FUJIFILM Instax Square Black Edition 10'lu Kare Özel Film,1,46,Retail,719,1,Desibela,,0,0,0
1813503459,SDA,HAIR STRAIGHTENER & CRIMPER,3121040091975,145472711,ROWENTA,ROWENTA SF8120F0 1830009197 Ultimate Experience Thermocare Saç Düzleştirici Siyah-Altın,2,1,Retail,4799,1,Digithome,,0,1,1
1751309668,IT Acc.,HARD DISK (INTERNAL),4582563859982,155067872,KIOXIA,KIOXIA Exceria Plus G4 LVD10Z002TG8 PCI-Express 5.0 M.2 2 TB SSD,5,70,Retail,14899,1,TechBurada,,0,0,0
1830493174,SDA,CITRUS PRESS & JUICER,8710103642756,145267320,PHILIPS,PHILIPS Viva Collection HR1832/00 Narenciye Sıkacağı Siyah,4,5,Retail,4949.9,1,Digithome,,0,,
1840030774,IT Acc.,MAINBOARDS,4711377360166,158057810,MSI,MSI PRO B840M-B B840 DDR5 MATX Anakart,6,1,Retail,7274,4,Kraft Online,,0,44,0
1729870401,IT Acc.,MAINBOARDS,4711377397216,165828693,MSI,MSI 7E36-001R A620 DDR5 MATX Anakart,5,100,Retail,4757,1,Tekramarket,,0,6,0
1799347387,GSM HW,SMARTPHONES,8683411891942,168179155,OMIX,OMIX O1 Icon 8 GB 256 GB Akıllı Telefon Beyaz,2,3,Retail,11400,2,Birtane Telekom,,0,0,0
1839292030,SDA,KITCHEN MACHINE,4242005424696,166917873,BOSCH,BOSCH MUMS6ZS17 1600 W Mutfak Şefi Siyah,1,55,Retail,55599,1,BiTechnology,,0,0,0
1619167809,Gaming Acc.,GAME PADS,0711719590088,153634361,PLAYSTATION,PLAYSTATION Dualsense Controller PlayStation 5 Kablolu ve Kablosuz Oyun Kolu Chroma Indigo,1,1,Retail,5790,1,Nethouse,,0,,
1835649207,SDA,HAIR STRAIGHTENER & CRIMPER,3121040091548,158979365,ROWENTA,ROWENTA Power Straight Air 2'si 1 Arada Islak ve Kuru Kurutma Elektrikli Saç Düzleştirici Siyah,1,5,Retail,3599,1,Smartevim,,0,0,1
1842611414,Floor care,ROBOT VACUUM CLEANERS,4242005525447,168703525,BOSCH,BOSCH BCRC1W Robot Süpürge Beyaz,2,1,Retail,19988,2,RAST ENTERPRISE,,0,0,0
1834887436,Photo,INSTANT CAMERAS,8691455001326,181435941,POLAROID,POLAROID Go Gen2 Başlangıç Seti Şipşak Fotoğraf Makinesi Beyaz,2,11,Retail,6999,1,BLACKBOX,,0,0,0
1826349150,IT Acc.,KEYBOARD,5099206065987,156319297,LOGITECH,LOGITECH G G213 PRODIGY OYUNCU KLAVYESI   SIYAH Kablolu Işıklı Klavye Siyah,5,5,Retail,4170.87,5,Yedigün Bilişim,,0,0,0
1841257178,SDA,TEA MAKER,8691607003697,155444284,KORKMAZ,"KORKMAZ A369 Demtez 1,7 l Çay Makinesi Inox, Siyah",2,1,Retail,3888,2,Derka Shop,,0,0,0
1820534944,IT HW,MONITOR,8699247361542,171376682,CASPER,"CASPER M.E27FVC-E 27"" FHD 300HZ 1MS VA CURVED 27 inç Full-HD 1 ms 300 Hz Gaming Monitör Siyah",1,50,Retail,7999,1,Casper Excalibur,,0,0,0
1824498459,IT HW,TABLETS,0195950405293,172822016,APPLE,"APPLE ME8G4TU/A IPAD PRO 13 8.NSL M5 WF CL 1TB SBNT 13,0 inç 16 GB 1 TB Tablet Space Black",1,2,Retail,149989,1,Teknopoint,,0,,
1831709652,CE Acc.,CHARGERS,6941876271399,172796559,UGREEN,"UGREEN 55909B 90W USB-C Makaralı Dahili Kablolu 2x USB-C, 1x USB-A Port Hızlı Araç İçi Şarj Cihazı Gri",1,3,Retail,2141,1,Decide,,0,0,0
1820093775,Floor care,VACUUM CLEANER,4242005490745,172537614,BOSCH,BOSCH BGS7POW2 Toz Torbasız Elektrikli Süpürge Siyah,3,5,Retail,22100,2,Tozkoparanas,,0,0,0
1822438960,Gaming,GAME CONSOLE,0711719021742,171276990,SONY,SONY PlayStation 5 Slim Dijital Sürüm 825GB Fortnite V2 Bundle Oyun Konsolu Beyaz,2,50,Retail,52999,2,BLACKBOX,,0,,
1824252518,SDA,HAND MIXER & HAND BLENDER,4018843646824,127856928,PHILIPS,PHILIPS HR3705/10 Daily Collection 300 W El Mikseri Siyah,2,127,Retail,1949.9,1,Digithome,,0,1,1
1756275413,SDA,IPL HAIR REMOVAL SYSTEMS,8720689047692,171748928,PHILIPS,"PHILIPS Lumea BRI950/02 IPL Epilasyon Aleti Beyaz, Rose",7,10,Retail,15999,1,Kavastech,,0,0,0
1826332188,IT Acc.,MAINBOARDS,4711377397216,165828693,MSI,MSI 7E36-001R A620 DDR5 MATX Anakart,5,8,Retail,6873.25,3,Yedigün Bilişim,,0,6,0
1835909926,Photo,INSTANT CAMERAS,8691455001326,181435941,POLAROID,POLAROID Go Gen2 Başlangıç Seti Şipşak Fotoğraf Makinesi Beyaz,2,3,Retail,7199,2,DFN,,0,0,0
1793019340,SDA,ACCESSORIES AIR TREATMENT,0817915026892,158904562,LEVOIT,LEVOIT Core 300S Pro Uyumlu Filtre,1,23,Retail,2999,1,Nethouse,,0,0,0
1842599632,CE Acc.,TRUE WIRELESS HEADPHONES,8887910061176,160713472,RAZER,RAZER BLACKSHARK V3 PRO KBS. KULAKLK BYZ Kablosuz Kablosuz Kulak Üstü Oyuncu Kulaklığı Beyaz,2,9,Retail,16599,1,Teknorya,,0,0,0
1842330300,IT HW,MONITOR,4711387942802,158331883,ASUS,"ASUS TUF GAMING VG249QM5A 23.8 23,8 inç Full-HD 1 ms 240 Hz Gaming Monitör Siyah",2,20,Retail,9179.5,1,netsiparis,,0,0,0
1742460851,Floor care,VACUUM CLEANER,7332543693917,154628777,ELECTROLUX,ELECTROLUX PD82-ALRGT Elektrikli Süpürge Beyaz,1,2,Retail,20299,1,Tıklakapında,,0,0,0
1803548707,SDA,VENTILATOR,8720389036842,143418259,PHILIPS,PHILIPS CX2550/00 Ayaklı Vantilatör Beyaz,5,11,Retail,4999.9,5,Digithome,,0,0,0
1842889014,IT HW,MONITOR,0198157072183,173513634,LENOVO,"LENOVO Legion 27-10 68C5GAC4TK 27 inç Full-HD 0,5 ms 240 Hz Gaming Monitör Siyah",1,10,Retail,6499,1,Gti Bilişim,,0,0,0
1793064654,Floor care,COMBI WET/DRY CLEANER,0011120231977,110195190,BISSELL,BISSELL ProHeat 2X Revolution Halı ve Koltuk Yıkama Makinesi Siyah-Kırmızı,1,3,Retail,23999,1,Btpeak,,0,,
1843517523,SDA,STEAM CLEANER,4054278991818,136198238,KÄRCHER,KÄRCHER SC 4 EasyFix Buharlı Temizlik Makinesi Beyaz,5,73,Retail,18567.9,4,Kuzey Pazarlama,,0,0,0
1770449677,CE Acc.,TRUE WIRELESS HEADPHONES,4894222068704,168745202,MOMAX,MOMAX BT11D PİLLS LİTE 3 TWS KULAKLIK SİYAH Kablosuz Bluetooth Kulak İçi Kulaklık Siyah,1,20,Retail,1999,1,Cepport,,0,10,1
1595688282,IT HW,MONITOR,4711387906835,158331763,ASUS,ASUS TUF GAMING VG27AQ5A 27 FAST IPS 27 inç WQHD 1 ms 210 Hz Gaming Monitör Siyah,5,191,Retail,11279,1,BETA PLUS TEKNOLOJİ,,0,0,0
1835912478,Photo,MIRRORLESS SYSTEM CAMERAS,4960759910790,99149184,NIKON,NIKON Z 30 w/16-50 DX + 50-250 DX Lens Kit APS-C Sensör Aynasız Fotoğraf Makinesi,2,1,Retail,74999,2,DFN,,0,,
1759800219,CE Acc.,CHARGERS,0745883908233,168238975,BELKIN,BELKIN Kompakt 45 W USB-C Güç İletimli Hızlı Şarj Cihazı Siyah,1,51,Retail,799,1,Nethouse,,0,0,0
1814533111,CE Acc.,CHARGERS,6941876230235,163732346,UGREEN,UGREEN 63 W 2 Portlu Çakmaklık Adaptörü 35023 Araç İçi Şarj Cihazı Siyah,1,64,Retail,971,1,Decide,,0,0,0
1827800170,Photo,MIRRORLESS SYSTEM CAMERAS,4960759910790,99149184,NIKON,NIKON Z 30 w/16-50 DX + 50-250 DX Lens Kit APS-C Sensör Aynasız Fotoğraf Makinesi,2,2,Retail,73849,1,BLACKBOX,,0,,
1779880203,SDA,COFFEE MAKER,8693184953662,158486407,ARZUM,ARZUM OK004-K Okka Minio Türk Kahve Makinesi Krom,2,132,Retail,2499,1,MarkaBeyaz,,0,0,0
1813991820,CE Acc.,TRUE WIRELESS HEADPHONES,1200130029974,171302306,JBL,JBL Tune 530BT Multi Connect Bluetooth Kablosuz Kulak Üstü Kulaklık Beyaz,1,10,Retail,2890,1,Luxury Audio,,0,0,0
1770815851,IT Acc.,WLAN ROUTER,1210002600842,172897338,TP-LINK,"TP-LINK Archer BE220 Wi-Fi 7 Kablolu - Kablosuz 5 Port 3,6 Gbit/s MU-MIMO, MIMO Router",3,10,Retail,4120.8,2,netsiparis,,0,0,0
1769944724,GSM HW,SMARTPHONES,8806097869689,172942185,SAMSUNG,SAMSUNG Galaxy S26 5G 12 GB 256 GB Akıllı Telefon Kobalt Siyah,4,1,Retail,87998.9,4,Güreller,,0,2,2
1842322454,SDA,HAIR DRYER,3121040075654,126296030,ROWENTA,ROWENTA CV6930 Compact Pro+ 2200 W Saç Kurutma Makinesi Siyah,3,1,Retail,2299,1,Derka Shop,,0,0,0
1818754261,MDA,WASHING MACHINE,4242005511167,172809279,BOSCH,BOSCH WGK264Z0TR A Enerji Sınıfı 11 kg Çamaşır Makinesi Beyaz,1,1,Retail,54777,1,RAST ENTERPRISE,,0,1,1
1835912064,Photo,MIRRORLESS SYSTEM CAMERAS,4960759910783,99149274,NIKON,NIKON Z 30 w/ 16-50 DX Lens Kit APS-C Sensör Aynasız Fotoğraf Makinesi,2,1,Retail,57999,2,DFN,,0,,
1813446349,Floor care,VACUUM CLEANER,4066529096524,169402101,KARCHER,KARCHER SE 5 Upholstery Halı Yıkama Makinesi Beyaz,1,1,Retail,20599,1,Makroreyon,,0,0,0
1845471170,SDA,SHAVER,8700216554404,161210742,BRAUN,BRAUN 8617S Serisi 8 Islak Kuru Tıraş Makinesi Gümüş,1,2,Retail,15999,1,Bolkur,,0,0,0
1832203778,SDA,TOOTHBRUSH ELECTRICAL,8700216932479,172369796,ORAL B,ORAL B IO Çocuk 6 Stitch Elektrikli Diş Fırçası Mavi,2,119,Retail,3399,1,Braun Shop,,0,0,0
1770801307,IT Acc.,BAGS FOR NOTEBOOKS,5414847720635,173279712,SAMSONITE,"SAMSONITE 16N-01-001 Qibyte 14,1 inç Laptop Çantası Mavi",2,21,Retail,4335.4,1,netsiparis,,0,0,0
1783378341,SDA,COFFEE MAKER,8004399333215,172039062,DELONGHI,DELONGHI ICM16210.BK Filtre Kahve Makinesi Siyah,1,33,Retail,7490,1,Delonghi Türkiye,,0,55,1
1803671374,SDA,VENTILATOR,8682511906693,173221639,FAKIR,FAKIR TVL90BS Kule Tipi Vantilatör Gri,1,2,Retail,8344,1,RAST ENTERPRISE,,0,0,0
1842002396,SDA,CITRUS PRESS & JUICER,8710103642756,145267320,PHILIPS,PHILIPS Viva Collection HR1832/00 Narenciye Sıkacağı Siyah,4,2,Retail,5499,3,Derka Shop,,0,,
1843238621,GSM HW,SMARTPHONES,6932554454845,164330584,XIAOMI,XIAOMI Redmi 15 8 GB 256 GB Akıllı Telefon Siyah,4,3,Retail,16899,2,Güzel Teknoloji,,0,248,13
1808263229,GSM HW,SMARTPHONES,8806097662259,164308107,SAMSUNG,SAMSUNG Galaxy S25 FE 8 GB 256 GB Akıllı Telefon Lacivert,5,1,Retail,40999,2,ÇARŞI MOBİLE,,0,548,30
1835912005,Photo,MIRRORLESS SYSTEM CAMERAS,4960759915702,158292175,NIKON,NIKON Z 50II + Nikkor Z DX 16-50 VR + 50-250 VR APS-C Sensör Aynasız Fotoğraf Makinesi,3,1,Retail,85999,3,DFN,,0,0,0
1595687761,IT HW,MONITOR,4711387942802,158331883,ASUS,"ASUS TUF GAMING VG249QM5A 23.8 23,8 inç Full-HD 1 ms 240 Hz Gaming Monitör Siyah",2,115,Retail,9619,2,BETA PLUS TEKNOLOJİ,,0,0,0
1782066263,Gaming,GAME CONSOLE,0711719020844,166110788,SONY PLAYSTATION,SONY PLAYSTATION Playstation 5 Digital 825 GB Oyun Konsolu Beyaz,2,10,Retail,58999,2,Kavastech,,0,4,4
1840727736,SDA,IPL HAIR REMOVAL SYSTEMS,8720689047708,171725757,PHILIPS,"PHILIPS Lumea BRI951/03 IPL Lazer Epilasyon Cihazı Beyaz, Rose",2,2,Retail,28550,1,BiTechnology,,0,0,0
1828423250,MDA,HOODS,4242005151936,173280505,BOSCH,BOSCH DFT63CA21T Aspiratör beyaz,1,2,Retail,11777,1,RAST ENTERPRISE,,0,123,2
1755444217,SDA,IPL HAIR REMOVAL SYSTEMS,8720689039260,171746391,PHILIPS,"PHILIPS BRI953/01 Lumea IPL Lazer Epilasyon Cihazı Beyaz, Bronz",1,1,Retail,15999,1,Kavastech,,0,6,5
1810823941,SDA,BLENDER,8720389068126,171866860,PHILIPS,PHILIPS HR2672/00 3000 Serisi 350 W Smoothie Blender Siyah,2,16,Retail,3299,1,Makroreyon,,0,0,0
1770759812,Smart Home,ALARM SYSTEMS,8683985918687,165748652,NEUTRON,NEUTRON NTL-MC-02WBM Wi-Fi Kapı ve Pencere Sensörü,1,78,Retail,1112,1,Neutron,,0,0,0
1843598590,SDA,TOOTHBRUSH ELECTRICAL,4210201415558,165259820,ORAL-B,ORAL-B Seyahat Kabı +IO 5 Şarjlı Diş Fırçası Siyah,2,1,Retail,9899,2,ACCPAZAR,,0,0,0
1834112912,IT Acc.,GRAPHICS CARDS,4711377342544,155816142,MSI,MSI V537-005R GeForce RTX™ 5060 8 GB Ekran Kartı,7,6,Retail,49527.28,6,Yedigün Bilişim,,0,12,0
1762322719,SDA,AIR PURIFIER,4062321717988,160281129,BOSCH,BOSCH Air 2000 Hava Temizleme Cihazı Beyaz,3,10,Retail,11000,3,Tozkoparanas,,0,0,0
1745326347,TV,TELEVISION,8682655704230,170715005,ONVO,ONVO 75VQ90F3UA Google 75 inç 190 cm Dahili Uydu Alıcılı 4K UHD SMART TV TV,5,49,Retail,43149,3,Özdijitek,,0,0,0
1816889129,SDA,SHAVER,8720689037204,156474797,PHILIPS,"PHILIPS X9002/30 I9000 Tıraş Makinesi Gri, Çelik",1,1,Retail,11998,1,Derka Shop,,0,0,0
1776928974,Hi-Fi,SOUNDBAR,8806097121015,172588516,SAMSUNG,SAMSUNG HW-B650F/TK Kablolu ve Kablosuz Soundbar,1,5,Retail,12599,1,Smartevim,,0,0,1
1820092615,SDA,TEA MAKER,4242002906133,172369763,BOSCH,"BOSCH TTA5883 1,7 l Çay Makinesi Siyah",1,20,Retail,3999,1,Tozkoparanas,,0,0,0
1774512406,Floor care,VACUUM CLEANER RECHARGEABLE,8692341134708,172297446,ARNICA,ARNICA Solara Pro Mop ET13470 Şarjlı Dikey Süpürge Lacivert,1,2,Retail,24690.7,1,RAST ENTERPRISE,,0,0,0
1802503266,MDA,HOBS,8690842595912,165184606,ALTUS,ALTUS ALA 189 DW Ankastre Ocak Beyaz,3,1,Retail,13595,2,Akpa DTM,,0,,
1846745168,GSM Acc.,SMART WATCHES,0195950478341,168935051,APPLE,APPLE MFCW4TU/A  Watch Series 11 GPS + Cellular  Natural Titanium Case with Stone Grey Sport Band - S/M Akıllı Saat Gri,1,1,Retail,39999,1,KAFKASDA,,0,,
1770235756,IT HW,MONITOR,4711387906835,158331763,ASUS,ASUS TUF GAMING VG27AQ5A 27 FAST IPS 27 inç WQHD 1 ms 210 Hz Gaming Monitör Siyah,5,20,Retail,16673.04,4,UzmanlarPC,,0,0,0
1762200596,IT HW,MONITOR,4711387919194,158331604,ASUS,ASUS TUF GAMING VG27AQML5A 27 FAST IPS 27 inç WQHD 1 ms 300 Hz Gaming Monitör Siyah,2,1,Retail,21010.6,2,netsiparis,,0,0,0
1842392585,SDA,ICE-CREAM MACHINE,0622356294072,154112101,NINJA,NINJA SLUSHi™ Frozen Makinesi Gümüş-Siyah,2,2,Retail,14999,2,Aypa Teknoloji,,0,0,0
1751451832,IT HW,TABLETS,8806097804185,166538189,SAMSUNG,"SAMSUNG Galaxy Tab A11 8,7 inç 8 GB 128 GB Tablet Gümüş",3,7,Retail,8999,2,Beşken elektronik,,0,0,0
1817891132,CE Acc.,CHARGING CABLE,0195949371905,154324207,APPLE,APPLE 60 W USB-C Örgü 1 m Şarj Kablosu Beyaz,3,5,Retail,1699,2,Bittibitiyor,,0,0,1
1778680384,IT Acc.,KEYBOARD,5099206065987,156319297,LOGITECH,LOGITECH G G213 PRODIGY OYUNCU KLAVYESI   SIYAH Kablolu Işıklı Klavye Siyah,5,5,Retail,3345.9,4,Kraft Online,,0,0,0
1832753415,IT Acc.,WLAN ROUTER,6932849424676,157489770,TENDA,TENDA TE3L Dual-Band BE3600 Gigabit Wi-Fi 7 Kablosuz 3 Port 1 Gbit/s MU-MIMO Router,3,12,Retail,4353.8,2,Kraft Online,,0,0,0
1824293555,IT Acc.,KEYBOARD,5099206110755,171643749,LOGITECH,LOGITECH K380S Pebble Keys 2 Çoklu Cihaz Özellikli Bluetooth Türkçe Q Kablosuz Klavye Gri,6,383,Retail,2099,2,GpnTeknoloji,,0,0,0
1844987084,SDA,HAND MIXER & HAND BLENDER,8697975601435,173573241,TEFAL,TEFAL Powelix Activflow Expert 1500 W Blender Seti Siyah,3,1,Retail,7899,3,BiTechnology,,0,0,0
1831698806,IT Acc.,MOUSE,6941876259175,172798231,UGREEN,UGREEN 2.4 Ghz USB Bağlantısı 4000 Dpi 57° Dikey Açı Ergonomik Dikey Gelişmiş 55917 Kablosuz Mouse Pembe,1,14,Retail,1599,1,Decide,,0,,
1769943902,GSM HW,SMARTPHONES,8806097867142,172942197,SAMSUNG,SAMSUNG Galaxy S26 Ultra 5G 12 GB 256 GB Akıllı Telefon Kobalt Mor,4,1,Retail,131998.9,4,Güreller,,0,3,3
1770236583,IT Acc.,KEYBOARD + MOUSE SETS,5099206063945,173003259,LOGITECH,LOGITECH MK235 920-007925 Bluetooth Klavye ve Mouse Seti Siyah,8,25,Retail,1709.9,5,UzmanlarPC,,0,0,0
1842064126,SDA,SHAVER,8720689007863,144343235,PHILIPS,PHILIPS S5887/10 Tıraş Makinesi Karbon Grisi,4,1,Retail,6299,2,Derka Shop,,0,0,0
1646965486,GSM HW,SMARTPHONES,0195950639452,166347581,APPLE,APPLE iPhone 17 Pro Max 12 GB 512 GB Akıllı Telefon Gümüş,1,1,Retail,152199,1,CepHane Teknoloji,,0,1,1
1748928091,SDA,HUMIDIFIER,8720389048890,156379045,PHILIPS,PHILIPS HU1510/04 Hava Nemlendirme Cihazı Beyaz,2,2,Retail,5840,2,RAST ENTERPRISE,,0,0,0
1721802170,Floor care,ROBOT VACUUM CLEANERS,4242005525447,168703525,BOSCH,BOSCH BCRC1W Robot Süpürge Beyaz,2,8,Retail,16799,1,Tozkoparanas,,0,0,0
1707209003,Floor care,VACUUM CLEANER,7332543773039,168501230,ELECTROLUX,ELECTROLUX EUFC8ALRGY Ultra Flex 650 W Toz Torbasız Süpürge Beyaz,4,255,Retail,8599,2,Anatoptan,,0,2,2
1760901219,IT Acc.,KEYBOARD,5099206098374,171643676,LOGITECH,LOGITECH G G413 SE Mekanik Kablolu Klavye Siyah,4,13,Retail,4836.7,3,netsiparis,,0,0,0
1783121004,Gaming,GAME CONSOLE,0711719021742,171276990,SONY,SONY PlayStation 5 Slim Dijital Sürüm 825GB Fortnite V2 Bundle Oyun Konsolu Beyaz,2,10,Retail,49999,1,Kavastech,,0,,
1751908402,Smart Home,SMART HOME LIGHTS,6974316998679,152900309,GOVEE,"GOVEE H6099 Envisual TV LED 3 LITE 75-85"" TV Arkası Bluetooth Akıllı Ev Aydınlatması",1,19,Retail,8999,1,Lucky Trend,,0,0,0
1810470872,SDA,EGG BOILER,8720389030994,140366991,PHILIPS,PHILIPS HD9137/90 3000 Serisi Yumurta Pişirici Siyah,1,5,Retail,1998,1,Derka Shop,,0,0,0
1701979379,IT Acc.,MAINBOARDS,4711377360166,158057810,MSI,MSI PRO B840M-B B840 DDR5 MATX Anakart,6,5,Retail,7199,3,BETA PLUS TEKNOLOJİ,,0,44,0
1830520653,IT Acc.,GRAPHICS CARDS,4711636057851,157947530,ASUS,ASUS Prime OC GDDR7 128Bit HDMI/DP GeForce RTX™ 5060 8 GB Ekran Kartı,4,1,Retail,31192.9,2,Kraft Online,,0,0,0
1762865727,GSM HW,SMARTPHONES,6932554454845,164330584,XIAOMI,XIAOMI Redmi 15 8 GB 256 GB Akıllı Telefon Siyah,4,2,Retail,16499,1,Beşken elektronik,,0,248,13
1843280048,GSM HW,SMARTPHONES,8806097425656,167997676,SAMSUNG,SAMSUNG Galaxy Z Fold 7 5G 12 GB 256 GB Akıllı Telefon Gümüş,2,1,Retail,87049,2,Getmobil,,0,1,1
1828856899,Smart Home,SMART HOME IP CAMERAS,8885021370088,161655676,TAPO,TAPO Tapo C260 Ev Evet Güvenlik Kamerası Beyaz,2,5,Retail,3799,2,Lucky Trend,,0,1,1
1831688634,IT Acc.,USB HUBS,6941876214952,163732373,UGREEN,UGREEN 5'i 1 Arada Type-C 3 x USB-A USB-C HDMI Gri USB Hub Çoklayıcı,1,70,Retail,1079.1,1,Decide,,0,0,0
1830325995,SDA,CONTACT GRILL,8720389035678,159647948,PHILIPS,PHILIPS HD6307/70 7000 Serisi Tost Izgara Makinesi Siyah,3,2,Retail,9999,2,Anatoptan,,0,0,0
1820057779,Floor care,VACUUM CLEANER,8710103904168,165148812,PHILIPS,PHILIPS Marathon Ultimate XB9185/07 899 W Toz Torbasız Süpürge Yeşil,6,1,Retail,17455,1,Derka Shop,,0,4,4
1775824636,SDA,BEARD TRIMMER,8700216428422,173994248,BRAUN,BRAUN BT5520 Series 5 40 U + 4 Aksesuar Sakal Düzeltici Siyah,1,70,Retail,2999,1,Braun Shop,,0,0,0
1813156593,SDA,HAIR DRYER,3030050197570,172066262,BRAUN,BRAUN HD150E HD1.5 1800 W Saç Kurutma Makinesi Siyah,2,6,Retail,2999,2,BigTech,,0,0,0
1842030773,CE Acc.,TRUE WIRELESS HEADPHONES,6941876266555,172903806,UGREEN,"UGREEN FitBuds Open-Ear , 30 Saat Çalma Süresi, 4 Mikrofon, 65655 Kablosuz Kulak İçi Kulaklık Siyah",1,5,Retail,4499,1,Decide,,0,0,0
1770236389,IT Acc.,KEYBOARD + MOUSE SETS,5099206087293,172905491,LOGITECH,LOGITECH MK470 920-009435 Kablosuz Klavye ve Mouse Seti Siyah,6,20,Retail,3829.1,3,UzmanlarPC,,0,0,0
1817470701,SDA,TOOTHBRUSH ELECTRICAL,4210201427087,172369869,ORAL B,ORAL B Vitality Pro Cross Action Elektrikli Diş Fırçası Siyah,4,1,Retail,2195.02,1,RAST ENTERPRISE,,0,0,0
1779296647,SDA,VENTILATOR,8684564652244,173221620,GREE,GREE Fantastic Vantilatör Gri,1,2,Retail,10244,1,RAST ENTERPRISE,,0,1,1
1832153335,Floor care,VACUUM CLEANER RECHARGEABLE,6221064026995,172297401,TEFAL,TEFAL TY6A35TR X Pert 7.60 Şarjlı Dikey Süpürge Mor,2,4,Retail,8500,2,Hepsiphone,,0,1,1
1745398286,MDA,HOODS,8690842642999,170714971,ALTUS,ALTUS ALA 522 I İNOX DAVLUMBAZ A4 Duvar Tipi Piramit Oval Davlumbaz Inox,3,1,Retail,8799,3,Özdijitek,,0,,
1822172876,IT Acc.,MAINBOARDS,4711636005517,154854220,ASUS,ASUS PRIME B850M-K 8400MHz (OC) Soket AM5 M.2 HDMI DP AMD B850 DDR5 Micro ATX Anakart,4,3,Retail,8997,3,7RENK,,0,51,2
1844417560,GSM HW,SMARTPHONES,6932169375023,168221614,OPPO,OPPO A5 5G 8 GB 256 GB Akıllı Telefon Aurora Yeşil,2,5,Retail,19799,2,Bittibitiyor,,0,0,0
1822166903,Gaming Acc.,GAME PADS,0711719582267,165529543,SONY,SONY Playstation Portal PlayStation 5 Kablosuz Oyun Konsolu Beyaz,2,5,Retail,27999,2,ONETRADE,,0,1,1
1775849569,Floor care,ROBOT VACUUM CLEANERS,4242005525461,167867630,BOSCH,BOSCH BCRC2W Robot Süpürge Beyaz,2,8,Retail,17999,1,Tozkoparanas,,0,0,0
1736922264,IT Acc.,MOUSE,8886419334903,162648013,RAZER,RAZER Deathadder V4 Pro RF Wireless + USB Type-A Kablosuz Mouse Beyaz,1,14,Retail,10599,1,Teknorya,,0,0,0
1836469632,IT Acc.,OTHER INPUT DEVICES,6942103112508,175949347,HUAWEI,HUAWEI M-Pencil 3.Nesil Tablet Kalemi Beyaz,1,1,Retail,4999,1,BiTechnology,,0,2,2
1842003209,SDA,HAIR STRAIGHTENER & CRIMPER,8710103974147,135777218,PHILIPS,PHILIPS BHS520/00 Bukle Özelliği Argan Yağı Katkılı İyonik Bakım-Kılıf Saç Düzleştirici Mavi,4,2,Retail,4199,3,Derka Shop,,0,0,0
1841494459,SDA,HAIR DRYER,8710103948834,134042090,PHILIPS,PHILIPS BHD510/00 5000 Series 2300 W Saç Kurutma Makinesi Mavi,3,4,Retail,3845,1,Derka Shop,,0,0,0
1841493415,SDA,HAIR DRYER,8710103948643,106568585,PHILIPS,PHILIPS BHD500/00 Thermoshield 2100 W Saç Kurutma Makinesi Beyaz,4,3,Retail,3198,2,Derka Shop,,0,0,0
1742452266,MDA,DISHWASHER,8690842434693,170625232,ALTUS,ALTUS AL 445 NX E Enerji Sınıfı 5 Programlı Bulaşık Makinesi Beyaz,2,1,Retail,29010,1,Akpa DTM,,0,343,11
1837980557,GSM HW,SMARTPHONES,4894947102158,166448383,TECNO,TECNO Spark 40 5G 8 GB 256 GB Akıllı Telefon Mavi,1,1,Retail,17899,1,ACCPAZAR,,0,0,0
1781260378,Photo,DRONES,6937224123205,170061543,DJI,DJI Mini 5 Fly Pro Combo Plus RC 2 Drone Gri,3,2,Retail,72999,1,Birtek Teknoloji,,0,3,2
1816837904,SDA,VENTILATOR,6975061532590,157598475,JISULIFE,JISULIFE Handheld Life 7 5000 mAh El Fanı Siyah,2,5,Retail,1999,1,TEKNOLOM,,0,58,3
1699684136,Floor care,VACUUM CLEANER,8710103904168,165148812,PHILIPS,PHILIPS Marathon Ultimate XB9185/07 899 W Toz Torbasız Süpürge Yeşil,6,3,Retail,21895,5,TAŞARAVM,,0,4,4
1842004766,SDA,HAIR CURLER ( CURLING IRON / HOT AIR BRUSH),8720689002813,106622139,PHILIPS,"PHILIPS BHA530/00 Argan Yağı Seramik Kaplama 5 Aparat,3 Isı ve Hız Ayarı Saç Şekillendirme ve Kurutma Seti Gri",4,2,Retail,4745,3,Derka Shop,,0,0,0
1827748065,IT HW,PRINTERS,8715946689241,158317160,EPSON,EPSON Ecotank L6490 C11CJ88403 Çok Fonksiyonlu Mürekkep Tanklı Yazıcı,2,41,Retail,35634.9,2,Kraft Online,,0,,
1837908550,Gaming Acc.,GAMING MOUSE PAD,8886419319931,170241987,RAZER,RAZER Firefly V2 Pro Phantom Edition Mousepad Beyaz,3,6,Retail,9399,3,Teknorya,,0,0,0
1828884648,SDA,STEAM IRON,3121040089040,164331881,TEFAL,TEFAL Ultimate Power Pro Buharlı Ütü Siyah-Kahverengi,3,1,Retail,8880.99,1,RAST ENTERPRISE,,0,0,0
1731529236,SDA,ESPRESSO MAKER & COFFEE MAKER,4013833065272,156694463,GRUNDIG,GRUNDIG KVA 7230 Espresso Makinesi Tam Otomatik Espresso Makinesi Siyah,2,4,Retail,18975,2,TAŞARAVM,,0,0,0
1832118661,SDA,TOOTHBRUSH ELECTRICAL,8720689042987,171748106,PHILIPS,PHILIPS Sonicare HX4021/01 Şarjlı Diş Fırçası Beyaz,2,1,Retail,2999,2,CepHane Teknoloji,,0,0,0
1762280490,GSM HW,SMARTPHONES,8806097867142,172942197,SAMSUNG,SAMSUNG Galaxy S26 Ultra 5G 12 GB 256 GB Akıllı Telefon Kobalt Mor,4,50,Retail,92799,2,Reyontek,,0,3,3
1818752200,MDA,WASHING MACHINE,8806095993980,172584698,SAMSUNG,SAMSUNG WW11DG6B25LEAH A Enerji Sınıfı 11 kg Çamaşır Makinesi Beyaz,1,1,Retail,44888,1,RAST ENTERPRISE,,0,0,0
1730452481,SDA,TOOTHBRUSH ELECTRICAL,4210201439868,168539228,ORAL-B,ORAL-B iO 10 Manyetik Şarj - Seyahat Kabı Şarjlı Diş Fırçası Siyah,3,2,Retail,23228.99,3,TAŞARAVM,,0,0,0
1801762179,Gaming Acc.,OTHER COMPUTER ACCESSORIES,6957303866434,163209786,UGREEN,UGREEN 60643 Alüminyum Çift Yuvalı Notebook MacBook Dikey Masaüstü Laptop Standı Gümüş,1,16,Retail,2699,1,Decide,,0,0,0
1833704989,GSM Acc.,SMART WATCHES,8681705046573,168982002,BILICRA,BILICRA Connect Akıllı Çocuk Saati Mavi,1,14,Retail,7831,1,CepHane Teknoloji,,0,,
1832129171,IT HW,MONITOR,4711387942826,161095218,ASUS,ASUS Tuf VG279QM5A 27 inç Full-HD 1 ms 240 Hz Gaming Monitör Siyah,5,20,Retail,15684.42,5,Yedigün Bilişim,,0,0,0
1822056142,Floor care,OTHER FLOOR CARE DEVICES,5011423085975,160808446,PHILIPS,PHILIPS XV5113/01 OneUp 5000 Serisi Elektrikli Mop,4,2,Retail,7999,1,BakserLTD,,0,0,0
1832526619,SDA,HAIR CURLER ( CURLING IRON / HOT AIR BRUSH),3030050188950,150772510,BRAUN,BRAUN AS420E Air Styler 4.2 Iontec Saç Kurutma Makinesi ve Saç Şekillendirici Siyah,4,1,Retail,3999,2,Derka Shop,,0,0,0
1842234924,IT Acc.,INK CARTRIDGE & TONER,4549292169010,153908068,CANON,CANON GI-46 Mürekkep Mürekkep baskı Mürekkep Sarı,3,5,Retail,2950.53,3,Yedigün Bilişim,,0,0,0
1843252105,SDA,ESPRESSO MAKER & COFFEE MAKER,3545990002087,156621182,SIEMENS,SIEMENS EQ6 Plus S100 TE651319RW Tam Otomatik Kahve Makinesi Siyah,1,1,Retail,28999,1,RAST ENTERPRISE,,0,0,0
1801762244,CE Acc.,CHARGERS,6941876268221,172906390,UGREEN,"UGREEN 45W Makaralı Dahili Kablolu GaN , 2xUSB-C, 1xUSB-A, , 65822 Hızlı Şarj Cihazı Gri",1,30,Retail,2249.1,1,Decide,,0,0,0
1779165849,MDA,HOBS,8801643184759,172601928,SAMSUNG,SAMSUNG NA64N7100AB/TR Set Üstü Ocak Siyah,1,5,Retail,14999,1,Smartevim,,0,0,0
1770152239,IT Acc.,USB HUBS,6932172630713,130320372,BASEUS,BASEUS Ultra Joy 6 in 1 Multifonksiyonal Type-C USB Hub Çoklayıcı,1,7,Retail,1900,1,Slupus,,0,21,1
1808261119,GSM HW,SMARTPHONES,8806097866428,172942192,SAMSUNG,SAMSUNG Galaxy S26 Ultra 5G 12 GB 256 GB Akıllı Telefon Beyaz,2,1,Retail,99999,2,ÇARŞI MOBİLE,,0,2,2
1760902680,IT Acc.,WLAN ROUTER,6957939002589,172585391,MERCUSYS,MERCUSYS Mr25be Be3600 D.b Wi-fi 7  Kablosuz + Kablolu 4 Port 1900 Mbit/s MU-MIMO Router,4,10,Retail,3301.7,3,netsiparis,,0,0,0
1828089395,Photo,MIRRORLESS SYSTEM CAMERAS,4960759910783,99149274,NIKON,NIKON Z 30 w/ 16-50 DX Lens Kit APS-C Sensör Aynasız Fotoğraf Makinesi,2,2,Retail,54999,1,BLACKBOX,,0,,
1813098991,SDA,MULTIGROOMER,8720689040020,171730604,PHILIPS,PHILIPS BG3480/15 Vücut Bakım Seti Gri,2,1,Retail,3499,1,Karakaya Bilişim,,0,0,0
1771429251,SDA,MILK FROTHER,8720389035517,150937664,PHILIPS,PHILIPS BAR311/00 Sıcak ve Soğuk Süt Köpürtücü Beyaz,1,5,Retail,4949,1,Dükkan35,,0,0,0
1821434982,IT Acc.,BAGS FOR NOTEBOOKS,8680111011144,176489282,MACK,"MACK MCC-006 Office USB Girişli 15,6 inç Laptop Sırt Çantası Siyah-Gri",1,20,Retail,2436.52,1,Yedigün Bilişim,,0,0,0
1842610959,GSM HW,SMARTPHONES,0195950623024,166438287,APPLE,APPLE iPhone Air 12 GB 256 GB Akıllı Telefon Altın,1,2,Retail,98879,1,Bittibitiyor,,0,95,1
1835912493,Photo,MIRRORLESS SYSTEM CAMERAS,4960759908216,99149335,NIKON,NIKON Z 30 Vlogger Kit APS-C Sensör Aynasız Fotoğraf Makinesi,2,1,Retail,59439,1,DFN,,0,0,0
1839775465,Photo,DRONES,6937224131729,166790136,DJI,DJI Neo 2 Motion Fly More Combo | Türkiye Karacasulu Garantili | Drone Gri,3,4,Retail,36999,1,Nova Fotoğraf,,0,0,0
1842866106,GSM Acc.,SMART WATCHES,4894461972220,157956084,TCL,TCL Movetime Family Watch 2 Akıllı Çocuk Saati Siyah-Sarı,1,51,Retail,7999,1,Teknorya,,0,0,0
1841014420,IT HW,PRINTERS,0193015506749,100842689,HP,HP Laser MFP 137FNW Yazıcı,5,7,Retail,12672,1,Atlantis Bilgisayar,,0,,
1832541550,GSM Acc.,COVER & CASE (TELECOM),8806097880110,170351137,SAMSUNG,SAMSUNG Galaxy S26 Ultra Magnet Telefon Kılıfı Şeffaf,1,21,Retail,2149,1,Güreller,,0,0,0
1763949277,TV,TELEVISION,8690842802416,168979726,GRUNDIG,GRUNDIG 75 GKU 750A SS7 75 inç 189 cm Dahili Uydu Alıcı=Hdr10+lı 4K UHD SMART TV LED TV,1,5,Retail,49199,1,Smartevim,,0,305,4
1748161642,TV,TELEVISION,8806095980522,168948963,SAMSUNG,"SAMSUNG QE75QN70FAUXTK SS7 75 inç 189,3 cm Dahili Uydu Alıcılı 4K UHD SMART TV QLED TV",2,2,Retail,101189,2,Güreller,,0,0,0
1755265189,SDA,SHAVER,8700216645430,159493335,BRAUN,BRAUN 72-G1200s Series 7 Islak Kuru Tıraş Makinesi Uzay Grisi,1,47,Retail,9999,1,Braun Shop,,0,1,1
1602634103,Photo,ACTION CAMERAS,0810082450484,153536171,AKASO,"AKASO Brave 7 4K/30FPS 20MP, App Kontrollü, IPX8, Wi-Fi Dual Screen Aksiyon Kamera ve Aksesuar Seti Siyah",1,100,Retail,10999,1,Desibela,,0,,
1716095249,Photo,ACTION CAMERAS,0810082455656,169190228,AKASO,AKASO 360 Creator Combo 5.7K 360° Video 48MP Sensör 72MP 360° Fotoğraf Aksiyon Kamerası Siyah,1,10,Retail,15999,1,Desibela,,0,0,0
1760892593,IT HW,PRINTERS,4549292245998,155838660,CANON,CANON Maxify BX110 Wi-Fi Mürekkep Püskürtmeli Taşınabilir Yazıcı,4,5,Retail,16674.5,1,netsiparis,,0,3,0
1827483945,CE Acc.,POWER STRIP,4895229117655,171588837,PHILIPS,PHILIPS SPN7060WA 6'lı 2m,1,354,Retail,2499,1,Decide,,0,0,0
1828461120,Floor care,COMBI WET/DRY CLEANER,3121040095157,171443089,TEFAL,TEFAL Clean IT IZ5020 Koltuk ve Halı Yıkama Makinesi Yeşil,1,5,Retail,10599,1,Smartevim,,0,0,0
1808260596,GSM HW,SMARTPHONES,8806097867258,172942203,SAMSUNG,SAMSUNG Galaxy S26 Ultra 5G 12 GB 256 GB Akıllı Telefon Gök Mavisi,4,1,Retail,99999,3,ÇARŞI MOBİLE,,0,0,0
1769942994,GSM HW,SMARTPHONES,8806097867241,172942202,SAMSUNG,SAMSUNG Galaxy S26 Ultra 5G 12 GB 512 GB Akıllı Telefon Gök Mavisi,5,1,Retail,142998.9,5,Güreller,,0,2,2
1838589595,IT Acc.,WLAN ROUTER,6957939002589,172585391,MERCUSYS,MERCUSYS Mr25be Be3600 D.b Wi-fi 7  Kablosuz + Kablolu 4 Port 1900 Mbit/s MU-MIMO Router,4,10,Retail,3742.3,4,Kraft Online,,0,0,0
1842992750,SDA,HAIR TRIMMER,8700216427906,172537632,BRAUN,"BRAUN BT3560 Sakal Düzeltici Series 3, +5 Aksesuar Tıraş Makinesi Gri",2,1,Retail,2199,2,Aypa Teknoloji,,0,1,1
1811720264,IT Acc.,HARD DISK (INTERNAL),0887276429595,172905475,SAMSUNG,SAMSUNG 870 Evo MZ-77E1T0BW 560 MB/s-530 MB/s SATA 6 Gbit/s 1 TB SSD,5,41,Retail,17879,1,Lowell Teknoloji,,0,225,5
1821041915,IT Acc.,PC CHASSIS / HOUSING,4711377293181,156594995,MSI,MSI MAG PANO 110R PZ Gaming Bilgisayar Kasası,3,3,Retail,10392.62,3,Batı Teknoloji,,0,0,0
1729876481,IT Acc.,PC CHASSIS / HOUSING,4711377365758,168287486,MSI,MSI MAG PANO 130R PZ Bilgisayar Kasası,3,100,Retail,5126,1,Tekramarket,,0,0,0
1762363169,GSM HW,SMARTPHONES,0195950051223,154846417,APPLE,APPLE iPhone 16E 8 GB 128 GB Akıllı Telefon Beyaz,3,1,Retail,54999,2,Beşken elektronik,,0,2,22
1646965497,GSM HW,SMARTPHONES,0195950628005,166347639,APPLE,APPLE iPhone 17 Pro 12 GB 512 GB Akıllı Telefon Turuncu,2,6,Retail,129399,1,CepHane Teknoloji,,0,0,0
1843318639,GSM HW,SMARTPHONES,8683411891942,168179155,OMIX,OMIX O1 Icon 8 GB 256 GB Akıllı Telefon Beyaz,2,12,Retail,11199,1,CepHane Teknoloji,,0,0,0
1841997018,Photo,GIMBALS,6937224126817,166784248,DJI,DJI Osmo Mobile 8 Gimbal Siyah,2,18,Retail,9499,1,Nova Fotoğraf,,0,1,0
1833705146,GSM Acc.,SMART WATCHES,8684577287105,168981986,BILICRA,BILICRA Round Akıllı Çocuk Saati Pembe,1,2,Retail,7831,1,CepHane Teknoloji,,0,67,1
1792445028,SDA,CONTACT GRILL,3045380028326,158270502,TEFAL,TEFAL SUPERGRILL 3IN1 BLACK Tost Makinesi Siyah,1,2,Retail,8499,1,RAST ENTERPRISE,,0,0,0
1730039747,SDA,CONTACT GRILL,8720389035678,159647948,PHILIPS,PHILIPS HD6307/70 7000 Serisi Tost Izgara Makinesi Siyah,3,3,Retail,11995,3,TAŞARAVM,,0,0,0
1827806442,Photo,MIRRORLESS SYSTEM CAMERAS,4960759908216,99149335,NIKON,NIKON Z 30 Vlogger Kit APS-C Sensör Aynasız Fotoğraf Makinesi,2,2,Retail,59449,2,BLACKBOX,,0,0,0
1801762095,CE Acc.,CHARGERS,6941876230082,158470502,UGREEN,"UGREEN Nexode Pro 45W GaN USB-C QC PD 2xUSB-C,  35008 Hızlı Şarj Cihazı Uzay Grisi",1,75,Retail,2199,1,Decide,,0,0,0
1842064190,SDA,SHAVER,8720689024693,165280398,PHILIPS,PHILIPS X3021/00 Tıraş Makinesi Siyah,1,2,Retail,2399,1,Derka Shop,,0,0,0
1842599165,IT Acc.,INK CARTRIDGE & TONER,0196548611102,168512857,HP,HP 938 Orijinal Toner Fused Deposition Modeling (FDM) Toner Cam Göbeği,4,100,Retail,1737.1,2,netsiparis,,0,0,0
1729910348,SDA,STEAM STATION,8710103931515,153531537,PHILIPS,PHILIPS PSG9050/20 Buhar Kazanlı Ütü Lacivert,2,2,Retail,42999,2,TAŞARAVM,,0,564,6
1759799284,CE Acc.,CHARGERS,0745883921485,172059557,BELKIN,"BELKIN BoostCharge Pro 2 Bağlantı Noktalı USB-C GaN 50 W, 2x USB-C Şarj Adaptörü Beyaz",1,110,Retail,1499,1,Nethouse,,0,0,0
1811889885,IT Acc.,MOUSE,6941876247929,172295853,UGREEN,UGREEN Ergonomik 5000 DPI Sessiz Kablosuz Mouse Siyah,1,11,Retail,1599,1,Decide,,0,0,0
1760900436,IT Acc.,INK CARTRIDGE & TONER,4549292016970,171581994,CANON,CANON PG-46 Kartuş Mürekkep baskı Siyah,5,2,Retail,857.4,1,netsiparis,,0,0,0
1833730418,CE Acc.,POWERBANKS,8806095287263,172298149,SAMSUNG,SAMSUNG EB-P4520X 20000 mAh Powerbank Bej,5,931,Retail,2499,1,notebookstore,,0,3,3
1769944357,GSM HW,SMARTPHONES,8806097864950,172942211,SAMSUNG,SAMSUNG Galaxy S26+ 5G 12 GB 256 GB Akıllı Telefon Siyah,1,1,Retail,98998.9,1,Güreller,,0,4,4
1787643503,IT Acc.,KEYBOARD,5099206033078,174083182,LOGITECH,LOGITECH K270 Kablosuz Klavye Siyah,5,20,Retail,1540.52,2,UzmanlarPC,,0,0,0
1795434504,SDA,HAND MIXER & HAND BLENDER,8697975601435,173573241,TEFAL,TEFAL Powelix Activflow Expert 1500 W Blender Seti Siyah,3,2,Retail,6994.93,1,RAST ENTERPRISE,,0,0,0
1750925691,SDA,IPL HAIR REMOVAL SYSTEMS,8720689017404,171649586,PHILIPS,PHILIPS BRI 921/00 Lumea IPL Lazer Epilasyon Cihazı Beyaz,2,100,Retail,14999,1,Kavastech,,0,3,2
1812226052,IT Acc.,HARD DISK (INTERNAL),8806094215021,100234464,SAMSUNG,SAMSUNG 990 Pro Nvme 2.0 MZ-V9P1T0BW M.2 via NVMe 1 TB Dahili SSD Disk,9,80,Retail,16979,2,Lowell Teknoloji,,0,211,10
1646965474,GSM HW,SMARTPHONES,0195950639254,166347726,APPLE,APPLE iPhone 17 Pro Max 12 GB 256 GB Akıllı Telefon Derin Mavi,3,2,Retail,135099,1,CepHane Teknoloji,,0,6951,190
1699204479,GSM HW,SMARTPHONES,4894947092510,168383046,TECNO,TECNO Spark 40C 4 GB 128 GB Akıllı Telefon Siyah,2,1,Retail,11999,2,CepHane Teknoloji,,0,0,0
1605337850,GSM HW,SMARTPHONES,6932554456368,164309016,XIAOMI,XIAOMI Redmi 15C 8 GB 256 GB Akıllı Telefon Siyah,3,5,Retail,15249,3,Bittibitiyor,,0,513,60
1840277298,CE Acc.,TRUE WIRELESS HEADPHONES,0195949506093,168871205,APPLE,APPLE MWTY3TU/A LIGHTNING KONNEKTORLU EARPODS.. Kablolu Kablolu Kulak İçi Kulaklık Beyaz,2,3,Retail,1999,2,İZİ TEKNOLOJİ,,0,0,0
1795396614,CE Acc.,TRUE WIRELESS HEADPHONES,6941876216123,158342096,UGREEN,UGREEN HiTune H5 True 26 Saat Çalma Süresi AI Gürültü Engelleme 4 Mikrofonlu 15612 True Wireless Kulak İçi Kulaklık Beyaz,1,42,Retail,2499,1,Decide,,0,1,1
1829865498,IT HW,MONITOR,4711387906835,158331763,ASUS,ASUS TUF GAMING VG27AQ5A 27 FAST IPS 27 inç WQHD 1 ms 210 Hz Gaming Monitör Siyah,5,20,Retail,19173.37,5,Yedigün Bilişim,,0,0,0
1811720261,IT Acc.,HARD DISK (INTERNAL),8806094215038,100234396,SAMSUNG,SAMSUNG 990 PRO MZ-V9P2T0BW M.2 via NVMe 2 TB SSD,6,45,Retail,36299,2,Lowell Teknoloji,,0,0,0
1735353736,Floor care,VACUUM CLEANER RECHARGEABLE,7333394037417,170193303,ELECTROLUX,ELECTROLUX EP82UB25UG 800 Ultimate Şarjlı Dikey Süpürge Gri,2,49,Retail,22699,1,Anatoptan,,0,0,0
1795247564,TV,TELEVISION,6921732849627,165471450,TCL,TCL 65P8K 144Hz AiPQ Pro İşlemci ONKYO 2.1 Ses Sistemi ve HVA Panel QLED 65 inç 165 cm Dahili Uydu Alıcı=4k - Dvb-s2lı 4K UHD SMART TV TV,1,2,Retail,67499,1,Hepsiphone,,0,291,3
1813437882,TV,TELEVISION,8682655704230,170715005,ONVO,ONVO 75VQ90F3UA Google 75 inç 190 cm Dahili Uydu Alıcılı 4K UHD SMART TV TV,5,10,Retail,43149,4,NOVAELECTRONICS,,0,0,0
1838589592,IT Acc.,WLAN ROUTER,6957939001711,153551748,MERCUSYS,"MERCUSYS MR27BE Kablolu , Kablosuz 4 Port 1 Gbit/s MIMO Router",3,10,Retail,3909.2,3,Kraft Online,,0,0,0
1781013079,GSM HW,SMARTPHONES,6932169399296,174440113,OPPO,OPPO A6T 5G 4 GB 256 GB Akıllı Telefon Mor,1,28,Retail,18499,1,CepHane Teknoloji,,0,1,1
1835944145,CE Acc.,TRUE WIRELESS HEADPHONES,4895229149212,171726750,PHILIPS,PHILIPS TAE2146/00 Kablolu Kulak İçi Kulaklık Beyaz,1,13,Retail,423.2,1,Decide,,0,,
1796622977,MDA,REFRIGERATOR,8806095802442,173500695,SAMSUNG,SAMSUNG RT53DG7A14S9TR 530 L No-Frost E Enerji Sınıfı Üstten Donduruculu Buzdolabı Inox,1,5,Retail,62899,1,Smartevim,,0,0,0
1770236130,IT Acc.,KEYBOARD + MOUSE SETS,5099206092471,172905487,LOGITECH,LOGITECH MK295 kablosuz Klavye ve Mouse Seti Siyah,8,20,Retail,2206.49,5,UzmanlarPC,,0,0,0
1812227583,IT Acc.,HARD DISK (INTERNAL),0887276429601,135262642,SAMSUNG,SAMSUNG 870 Evo MZ-77E500BW SATA 6 Gbit/s 500 GB SSD,6,75,Retail,12879,2,Lowell Teknoloji,,0,0,0
1745501671,MDA,FITTED OVENS,8690842585944,171071536,ALTUS,ALTUS ALA 322 G 72 l Ankastre Fırın Gri,3,2,Retail,18797,1,Jettekno,,0,0,1
1834114071,IT Acc.,PC CHASSIS / HOUSING,4711377373302,172533708,MSI,MSI AG PANO 130R PZ White 4x120mm ARGB Fan Temperli Cam Mid Tower ATX Gaming Bilgisayar Kasası,3,4,Retail,7485.37,3,Yedigün Bilişim,,0,1,0
1842895659,MDA,FITTED OVENS,8690842582394,171071563,ALTUS,ALTUS ALA 322 W Elektroturbo 72 l Ankastre Fırın Beyaz,2,2,Retail,16749,1,Galeri Beyaz,,0,0,0
1834336464,Photo,INSTANT CAMERAS,4547201371141,181373635,FUJIFILM,FUJIFILM Instax mini 13 Yeşil 10'lu Film Kare Albüm ve Deri Kılıf Bundle Box Fotoğraf Makinesi Yeşil,1,42,Retail,8599,1,Desibela,,0,0,0
1728457781,GSM HW,SMARTPHONES,6932554487386,169859508,XIAOMI,XIAOMI Redmi Note 15 8 GB 256 GB Akıllı Telefon Siyah,2,2,Retail,18899,1,Bittibitiyor,,0,4,4
1675988435,CE Acc.,TRUE WIRELESS HEADPHONES,8806095661780,154449848,SAMSUNG,SAMSUNG Galaxy Buds 3 True Wireless Kulak İçi Kulaklık Beyaz,1,20,Retail,7199,1,Reyontek,,0,0,0
1834336457,Photo,INSTANT CAMERAS,4547201371110,181373625,FUJIFILM,FUJIFILM Instax mini 13 Beyaz 10'lu Film Kare Albüm ve Deri Kılıf Bundle Box Fotoğraf Makinesi Beyaz,1,37,Retail,8599,1,Desibela,,0,0,0
1790950731,IT Acc.,MAIN MEMORY,4719692007506,123032310,G.SKILL,G.SKILL RIPJAWSV 3200 MHZ CL16 Single Ram,3,100,Retail,10239,3,Lowell Teknoloji,,0,0,0
1770236060,IT Acc.,INK CARTRIDGE & TONER,4549292041767,152927829,CANON,CANON GI-490M Mürekkep baskı Magenta,4,1,Retail,862.52,3,UzmanlarPC,,0,0,1
1731536707,SDA,COFFEE MAKER COUNTRY SPECIFIC (MOKA POT ...),8720389030567,168531105,PHILIPS,PHILIPS 5000 serisi HDA150/60 Türk Kahve Makinesi Siyah Bakır,3,1,Retail,3999,3,TAŞARAVM,,0,0,0
1811703798,IT Acc.,MAIN MEMORY,4713294226624,128224861,G.SKILL,G.SKILL RIPJAWS 3200 MHZ CL22 Notebook Ram,3,100,Retail,5449,2,Lowell Teknoloji,,0,0,0
1771655191,IT HW,PRINTERS,4549292066258,172919898,CANON,CANON Pixma E414 Tarayıcı + Fotokopi Çok Fonksiyonlu Renkli Mürekkep Püskürtmeli Yazıcı,4,635,Retail,2949,3,Kraft Online,,0,1,1
1828258231,MDA,HOODS,4242003951262,173280571,SIEMENS,SIEMENS LC63KPJ61T Yatık Davlumbaz Siyah,1,1,Retail,13590,1,RAST ENTERPRISE,,0,0,0
1825439434,Smart Home,SMART HOME IP CAMERAS,1210002602679,168839951,TP-LINK,TP-LINK C560WS 4K 8MP Dış Mekan Evet Güvenlik Kamerası Beyaz,1,30,Retail,5699,1,Teknorya,,0,0,0
1745324767,TV,TELEVISION,8682655704230,170715005,ONVO,ONVO 75VQ90F3UA Google 75 inç 190 cm Dahili Uydu Alıcılı 4K UHD SMART TV TV,5,20,Retail,43137,1,Jettekno,,0,0,0
1755262832,SDA,BEARD TRIMMER,8700216554237,162386058,BRAUN,BRAUN 9615S Series 9 Pro Islak Kuru Tıraş Makinesi Metal,1,38,Retail,16999,1,Braun Shop,,0,1,1
1760900750,IT HW,PRINTERS,8715946689241,158317160,EPSON,EPSON Ecotank L6490 C11CJ88403 Çok Fonksiyonlu Mürekkep Tanklı Yazıcı,2,41,Retail,30948.4,1,netsiparis,,0,,
1791722901,Floor care,ROBOT VACUUM CLEANERS,6936905905291,174504310,ROBOROCK,ROBOROCK Saros 20 Akıllı Robot Süpürge Siyah,1,1,Retail,97999,1,Mobiloom,,0,0,0
1780720943,SDA,BLENDER,6221064039919,172798197,TEFAL,TEFAL Blendeo 2ACC 450 W Blender Beyaz,1,5,Retail,2999,1,Smartevim,,0,0,0
1825819073,IT Acc.,BLUETOOTH ADAPTER,4897098683446,123023127,TP-LINK,TP-LINK UB500 Bluetooth 5.4 Nano PC Laptop Masaüstü Windows Uyumlu Plug Play USB Adaptör Siyah,4,160,Retail,625,1,Poltech,,0,0,0
1760901205,IT Acc.,HARD DISK (INTERNAL),4582563859982,155067872,KIOXIA,KIOXIA Exceria Plus G4 LVD10Z002TG8 PCI-Express 5.0 M.2 2 TB SSD,5,10,Retail,18942.6,2,netsiparis,,0,0,0
1683476861,GSM HW,SMARTPHONES,8806097425656,167997676,SAMSUNG,SAMSUNG Galaxy Z Fold 7 5G 12 GB 256 GB Akıllı Telefon Gümüş,2,1,Retail,95699,1,CepHane Teknoloji,,0,1,1
1834496322,Photo,LENSES,4549292222012,158819218,CANON,CANON RF-S10-18 mm F4.5-6.3 IS STM Lens,2,3,Retail,23999,2,Nova Fotoğraf,,0,,
1831670786,GSM Acc.,SMART WATCHES,8694470004969,168982067,TTEC,TTEC 2KSW02M Kidi GPS 4G Sim Kartlı Akıllı Saat Mavi,1,1,Retail,7577,1,RAST ENTERPRISE,,0,0,0
1794129337,MDA,DRYER,8059019083049,168131621,HAIER,HAIER HD110-A2959E-TR E Enerji Sınıfı 11 kg WİFİ Isı Pompalı Kurutma Makinesi Beyaz,1,5,Retail,27599,1,Smartevim,,0,0,0
1748168259,IT HW,MONITOR,8806097322306,164945578,SAMSUNG,SAMSUNG M7 M70F (USB+ HDMI+WİFİ+Bluetooth) 4K HDR10 Yapay Zeka Destekli Akıllı 43 inç 4K UHD 4 ms 60 Hz Smart Monitör Siyah,3,40,Retail,15999,1,Güreller,,0,,
1834522763,CE Acc.,TRUE WIRELESS HEADPHONES,0711719590101,159339706,SONY,SONY Pulse Elite Wireless Kablolu ve Kablosuz Kulak Üstü Kulaklık Siyah,1,17,Retail,11499,1,BLACKBOX,,0,0,0
1716021231,GSM Acc.,COVER & CASE (TELECOM),6944629197397,169185595,PIILI,PIILI Knit Kevlar iPhone 17 Pro Telefon Kılıfı Siyah,1,10,Retail,2999,1,Piili,,0,,
1716024689,GSM Acc.,COVER & CASE (TELECOM),6944629198271,169185637,PIILI,PIILI iPhone 17 Pro Kevlar Serisi Magsafe Hasır Telefon Kılıfı Turuncu,1,10,Retail,2999,1,Piili,,0,0,0
1771655184,IT Acc.,INK CARTRIDGE & TONER,4549292041743,152927828,CANON,CANON GI-490 C Kartuş Mürekkep baskı Mavi,3,4,Retail,737.9,2,Kraft Online,,0,0,0
1763897049,SDA,STEAM STATION,8720389021879,168739897,PHILIPS,"PHILIPS 6000 Serisi Perfectcare Güçlü Buhar 1,8 Lt Çıkarılabilir Su Haznesi PSG6024/30 Buhar Kazanlı Ütü Mor",2,20,Retail,9899,1,Dükkan35,,0,0,0
1838913667,IT Acc.,KEYBOARD,8680096073298,172224739,RAMPAGE,RAMPAGE Hydra R6 Full Color RGB LED Pro Kablolu Gaming Klavye Siyah,1,16,Retail,2799,1,TechBurada,,0,0,0
1781012447,GSM HW,SMARTPHONES,6932204526779,174440092,VIVO,VIVO Y31 5G 6 GB 256 GB Akıllı Telefon Beyaz,1,14,Retail,15799,1,CepHane Teknoloji,,0,0,0
1846374854,GSM Acc.,COVER & CASE (TELECOM),6944629195478,173334731,PIILI,PIILI iPhone 17 Pro Max Uyumlu Leather Magsafe Telefon Kılıfı Siyah,1,751,Retail,1799,1,Piili,,0,0,0
1715992566,GSM HW,SMARTPHONES,6932554491543,169130258,XIAOMI,XIAOMI Redmi Note 15 Pro 5G 8 GB 256 GB Akıllı Telefon Buz Mavisi,2,3,Retail,28899,2,CepHane Teknoloji,,0,0,0
1605337512,GSM HW,SMARTPHONES,8806097662235,164308444,SAMSUNG,SAMSUNG Galaxy S25 FE 8 GB 256 GB Akıllı Telefon Buz Mavisi,3,5,Retail,43899,1,Bittibitiyor,,0,763,25
1784672333,Household,DRINKWARE,1210001965416,162861023,STANLEY,"STANLEY Quencher Pipetli Termos 1,18 L Açık Gri Paslanmaz Çelik Termos",1,15,Retail,3699,1,Makroreyon,,0,0,0
1769732461,MDA,DRYER,8059019043326,169119222,HOOVER,HOOVER NDPH11A2TCBEXS17 E Enerji Sınıfı 11 kg WİFİ Isı Pompalı Kurutma Makinesi Beyaz,1,25,Retail,20899,1,EPATeknoloji,,0,0,0
1841358959,Floor care,VACUUM CLEANER RECHARGEABLE,7333394037868,170193302,ELECTROLUX,ELECTROLUX EP83HB25UV Hijyenik UV 800  Toz Boşaltma İstasyonlu Şarjlı Dikey Süpürge Bej,1,1,Retail,36699,1,BiTechnology,,0,,
1748167656,IT HW,TABLETS,8806097654902,164190399,SAMSUNG,"SAMSUNG Galaxy Tab S10 Lite SM-X400 10,9 inç 6 GB 128 GB Tablet Coral Red",1,9,Retail,17999,1,Güreller,,0,2462,21
1838922824,IT Acc.,KEYBOARD,8680096133237,172224694,RAMPAGE,RAMPAGE Hydra R6 Full Color RGB LED Pro Kablolu Gaming Klavye Beyaz,1,14,Retail,2799,1,TechBurada,,0,0,0
1761221609,SDA,SHAVER,8700216427098,172798270,BRAUN,BRAUN BG7550 Series 7 + 6 Aksesuar Erkek Vücut Tıraş Makinesi Gri,1,24,Retail,3949,1,Braun Shop,,0,0,0
1759750410,MDA,WASHING MACHINE,8806095994000,172602108,SAMSUNG,SAMSUNG WW90DG6U25LEAH A Enerji Sınıfı 9 kg Çamaşır Makinesi Beyaz,2,1,Retail,38489,1,Güreller,,0,0,0
1842324179,SDA,HAIR STRAIGHTENER & CRIMPER,8682511904163,173512017,FAKIR,FAKIR Sapphire Luxe Steam KR-S089 Saç Düzleştirici Su Yeşili,1,1,Retail,3080,1,RAST ENTERPRISE,,0,0,0
1774300998,Floor care,ROBOT VACUUM CLEANERS,8720389065064,171747355,PHILIPS,PHILIPS XU2000/27 2000 Serisi Robot Süpürge Beyaz,2,2,Retail,20777,2,RAST ENTERPRISE,,0,0,0
1784060468,Smart Home,SMART HOME LIGHTS,6974316993520,155278770,GOVEE,GOVEE Rgbıc Basic 10m Bluetooth Akıllı Led Şerit,1,103,Retail,3299,1,Lucky Trend,,0,103,0
1782959327,SDA,AIR PURIFIER,4062321717988,160281129,BOSCH,BOSCH Air 2000 Hava Temizleme Cihazı Beyaz,3,12,Retail,10118.9,2,Güreller,,0,0,0
1816922383,CE Acc.,TRUE WIRELESS HEADPHONES,6941876254309,168829835,UGREEN,"UGREEN HITUNE S3 TRUE CLIP KABLOSUZ KULAK ICI KULAKLIK, L Kablosuz Bluetooth Kulak İçi Kulaklık Lila",1,8,Retail,2099,1,Decide,,0,0,0
1759800383,CE Acc.,CHARGERS,0745883908240,168239128,BELKIN,BELKIN Kompakt 45 W USB-C Güç İletimli Hızlı Şarj Cihazı Beyaz,1,49,Retail,799,1,Nethouse,,0,0,0
1810908690,SDA,COFFEE MILL,8690842668111,156230459,GRUNDIG,GRUNDIG CM 7460 Kahve Öğütücü Antrasit,2,10,Retail,1499,1,Makroreyon,,0,0,0
1754632872,SDA,AIR PURIFIER,5025155136140,172070677,DYSON,DYSON HushJet Kompakt Hava Temizleme Cihazı Beyaz,2,1,Retail,24999,1,BigTech,,0,0,0
1795396612,IT Acc.,USB HUBS,6941876213757,173489531,UGREEN,UGREEN 9'u 1 Arada USB 3.0 100W PD Port  15375 USB Hub Çoklayıcı,1,7,Retail,3199,1,Decide,,0,0,0
1822420306,IT Acc.,SWITCHES,0849439000386,101425659,MERCUSYS,MERCUSYS MS108 8-Port Desktop 8 Switch Beyaz,7,101,Retail,438.47,1,Elitstore,,0,0,0
1764614684,CE Acc.,POWERBANKS,6944629189538,173218166,PIILI,PIILI Standlı MagSafe Kablosuz & Taşınabilir 5.000 mAh Taşınabilir Şarj Cihazı Altın,1,15,Retail,2999,1,Piili,,0,0,0
1830527667,IT Acc.,INK CARTRIDGE & TONER,0195697898303,174364014,HP,HP 154X Yüksek Kapasiteli Orijinal Laserjet Tank Lazer baskı Toner Siyah,2,1,Retail,1424.7,1,Kraft Online,,0,0,0
1751908408,Smart Home,SMART HOME LIGHTS,6974316990659,164333434,GOVEE,"GOVEE AI Sync Box 2 55-65"" TV Arkası Ambians Bluetooth Akıllı Ev Aydınlatması",1,23,Retail,16999,1,Lucky Trend,,0,0,0
1825063700,IT Acc.,MOUSE,5099206111998,106621303,LOGITECH,LOGITECH M240 Sessiz Optik Kablosuz Mouse Siyah,1,3,Retail,1266.69,1,Elitstore,,0,0,0
1787834205,MDA,REFRIGERATOR,8059019098173,166086553,HOOVER,HOOVER HODG5T718EX1 No Frost E Enerji Sınıfı Üstten Donduruculu Buzdolabı Inox,1,1,Retail,48439,1,Airyshop,,0,0,0
1807479110,Photo,DRONES,6937224131774,166790202,DJI,DJI NEO 2 FLY MORE COMBO Drone Gri,4,1,Retail,29999,3,Birtek Teknoloji,,0,0,0
1799987215,SDA,HUMIDIFIER,8720389048890,156379045,PHILIPS,PHILIPS HU1510/04 Hava Nemlendirme Cihazı Beyaz,2,17,Retail,4449,1,Makroreyon,,0,0,0
1836395541,CE Acc.,TRUE WIRELESS HEADPHONES,0194644276850,168745001,SOUNDCORE BY ANKER,SOUNDCORE BY ANKER SOUNDCORE P41I DAHILI POWERBANK OZELL. KABLOSUZ SH True Wireless Bluetooth Kulak İçi Kulaklık Siyah,1,10,Retail,4199,1,Bittibitiyor,,0,0,0
1835914209,IT Acc.,USB STICK,4582563850040,145047177,KIOXIA,KIOXIA U301 Beyaz Gen 1 USB 3.2 128 GB USB Bellek,5,33,Retail,876.94,2,Elitstore,,0,0,0
1825820017,Photo,INSTANT CAMERAS,4547410441468,95695048,FUJIFILM,FUJIFILM Instax SQ1 Fotoğraf Makinesi Beyaz,1,15,Retail,7899,1,Desibela,,0,,
1825128118,Gaming Acc.,OTHER COMPUTER ACCESSORIES,8680096128493,179819494,RAMPAGE,RAMPAGE Sixpower R9 6 Fan RGB Işıklı Telefon Tutuculu Laptop Soğutucu Siyah,1,100,Retail,1249,1,Dossimo,,0,0,0
1770236146,IT Acc.,INK CARTRIDGE & TONER,4549292169010,153908068,CANON,CANON GI-46 Mürekkep Mürekkep baskı Mürekkep Sarı,3,200,Retail,2679.96,2,UzmanlarPC,,0,0,0
1779248406,MDA,REFRIGERATOR,8806095500539,173294671,SAMSUNG,SAMSUNG RT62K704RWW 622 L No Frost E Enerji Sınıfı Üstten Donduruculu Buzdolabı Beyaz,1,5,Retail,73499,1,Smartevim,,0,10,0
1751908406,Smart Home,SMART HOME LIGHTS,6974316999928,163919083,GOVEE,GOVEE RGBICW Wi-Fi Bluetooth 10 M LED Şerit Bluetooth Akıllı Ev Aydınlatması,1,68,Retail,4499,1,Lucky Trend,,0,0,0
1770235076,IT Acc.,MAINBOARDS,4711377360166,158057810,MSI,MSI PRO B840M-B B840 DDR5 MATX Anakart,6,1,Retail,7515.5,5,UzmanlarPC,,0,44,0
1825819649,Photo,INSTANT CAMERAS,4547410558265,174817671,FUJIFILM,FUJIFILM Instax Mini Liplay Plus Hybrid Fotoğraf Makinesi Mavi,1,12,Retail,16999,1,Desibela,,0,,
1715992949,GSM HW,SMARTPHONES,6932554491154,169130717,XIAOMI,XIAOMI Redmi Note 15 Pro Plus 5G 8 GB 256 GB Akıllı Telefon Buz Mavisi,1,1,Retail,34299,1,CepHane Teknoloji,,0,0,0
1818321514,CE Acc.,CHARGERS,8806094899511,147617299,SAMSUNG,SAMSUNG Type-C (25W) 2023 Vers - EP-T2510 Şarj Adaptörü Beyaz,5,1,Retail,1199,4,Başaran Ticaret,,0,7,14
1845316076,IT Acc.,WLAN ROUTER,4895252500875,136794465,TP-LINK,TP-LINK TP-Link Archer AX12 AX1500 Mbps Fiber Destekli 4 Gigabit LAN Portları PA3 Gigabit Dual-Band Wi-Fi 6 Kablosuz 4 Port 1501 Mbit/s MU-MIMO Router,3,1,Retail,1999,1,Aypa Teknoloji,,0,0,0
1834099579,IT Acc.,KEYBOARD + MOUSE SETS,5099206077485,156391968,LOGITECH,LOGITECH MK540 Kablosuz Kablosuz Klavye ve Mouse Siyah,6,20,Retail,4214.48,6,Yedigün Bilişim,,0,0,0
1842030244,CE Acc.,TRUE WIRELESS HEADPHONES,6941876263875,172737415,UGREEN,"UGREEN FitBuds Open-Ear , 30 Saat Çalma Süresi, 4 Mikrofon, 65387 Kablosuz Kulak İçi Kulaklık Beyaz",1,5,Retail,3999,1,Decide,,0,0,0
1798669876,SDA,AIR CONDITIONING,8806097251552,173632368,SAMSUNG,SAMSUNG AR40F12C0AM/SK 12000 Btu A++ Enerji Sınıfı Inverter Klima Beyaz,3,250,Retail,25999,1,EPATeknoloji,,0,1,1
1784704163,SDA,BLENDER,8690842488733,172614165,GRUNDIG,GRUNDIG TB 7285 CDX Delisia Novus Sürahi 800 W Blender Inox,1,6,Retail,3099,1,Makroreyon,,0,0,0
1779309718,Floor care,VACUUM CLEANER RECHARGEABLE,4066529122827,172621966,KÄRCHER,KÄRCHER KVA 2 Şarjlı Dikey Süpürge Beyaz,2,9,Retail,12749,1,Makroreyon,,0,0,0
1834112913,IT Acc.,MAINBOARDS,4711377360166,158057810,MSI,MSI PRO B840M-B B840 DDR5 MATX Anakart,6,20,Retail,9665.97,6,Yedigün Bilişim,,0,44,0
1795915936,GSM HW,SMARTPHONES,0195950639650,166347622,APPLE,APPLE iPhone 17 Pro Max 12 GB 512 GB Akıllı Telefon Turuncu,4,1,Retail,169998.99,4,Beşken elektronik,,0,0,0
1735750475,SDA,AIR PURIFIER,8720389064678,170231979,PHILIPS,PHILIPS AC2220/10 PureProtect Quiet 2200 Serisi Akıllı Hava Temizleme Cihazı Beyaz,2,1,Retail,18999,1,Kavastech,,0,1,1
1747350869,IT HW,MONITOR,0199291157675,166205775,ASUS,"ASUS 90LM0CC0-B01171 26,5 inç WQHD 0,03 ms 240 Hz Monitör Siyah",1,75,Retail,29729,1,BETA PLUS TEKNOLOJİ,,0,0,0
1842334359,SDA,CONTACT GRILL,8720389035678,159647948,PHILIPS,PHILIPS HD6307/70 7000 Serisi Tost Izgara Makinesi Siyah,3,1,Retail,9789,1,RAST ENTERPRISE,,0,0,0
1619169877,Gaming Acc.,GAME PADS,0711719575993,153527636,PLAYSTATION,PLAYSTATION DualSense V2 PlayStation 5 Kablosuz Oyun Kolu Galactic Purple,2,79,Retail,5790,1,Nethouse,,0,3,3
1619167284,Gaming Acc.,GAME PADS,0711719577652,153529121,SONY,SONY Dualsense Controller PlayStation 5 Kablosuz Oyun Kolu Sterling Silver,1,15,Retail,5790,1,Nethouse,,0,0,0
1842306108,SDA,HAIR STRAIGHTENER & CRIMPER,8720689000185,153635551,PHILIPS,PHILIPS BHH885/00 Saç Düzleştirici Fırça Siyah,4,1,Retail,4344,3,RAST ENTERPRISE,,0,0,0
1716025655,GSM Acc.,COVER & CASE (TELECOM),6944629197212,169185620,PIILI,PIILI Knit Kevlar Lacivert iPhone 17 Telefon Kılıfı Lacivert,1,10,Retail,2999,1,Piili,,0,,
1825819787,Photo,INSTANT CAMERAS,4547410558258,174817652,FUJIFILM,FUJIFILM Instax Mini Liplay Plus Hybrid Fotoğraf Makinesi Bej,1,6,Retail,16999,1,Desibela,,0,2,0
1779348044,MDA,REFRIGERATOR,8806095403656,173294188,SAMSUNG,SAMSUNG RB50DG601EWWTR 508 L Mono Cooling E Enerji Sınıfı Alttan Donduruculu Buzdolabı Beyaz,1,5,Retail,58799,1,Smartevim,,0,0,0
1759755256,IT Acc.,BAGS FOR TABLETS,8806095906188,172536143,SAMSUNG,SAMSUNG Ultra Klavyeli Mousepadli Tab S10 / S9 Tablet Kılıfı Siyah,2,2,Retail,16498.9,2,Güreller,,0,0,0
1843002009,IT Acc.,ACCESS POINT,4895252500196,103955124,TP-LINK,TP-LINK Deco X50 AX3000 Dual-Band Tüm Ev Mesh Wi-Fi 6 Sistemi İkili Paket Beyaz,1,1,Retail,10499,1,Aypa Teknoloji,,0,1,1
1791135103,Floor care,VACUUM ACCESSORIES,4040587104162,107756947,PHILIPS,PHILIPS XV1797/01 Aqua Trio Uyumlu Lityum-Iyon Pil​ Siyah,3,15,Retail,5999,2,Aypa Teknoloji,,0,0,0
1836196136,SDA,TOOTHBRUSH ELECTRICAL,8720689000963,107813768,PHILIPS,PHILIPS Sonicare Diamond Clean 9000 Elektrikli Diş Fırçası Pembe,3,30,Retail,5999,1,Aypa Teknoloji,,0,0,0
1755861653,SDA,WATER DISPENSER,4242005157358,168446909,BOSCH,BOSCH RDW1576 Gizli Damacanalı Su Sebili,2,1,Retail,25953.01,1,RAST ENTERPRISE,,0,0,0
1816208664,IT Acc.,USB HUBS,6957303819157,173706154,UGREEN,UGREEN 10915 4 Portlu USB 3.0 25 cm USB Hub Çoklayıcı,1,82,Retail,999,1,Decide,,0,0,0
1787643478,IT Acc.,INK CARTRIDGE & TONER,0195697898303,174364014,HP,HP 154X Yüksek Kapasiteli Orijinal Laserjet Tank Lazer baskı Toner Siyah,2,1,Retail,1571.96,2,UzmanlarPC,,0,0,0
1846230691,IT HW,TABLETS,0195950401097,167815313,APPLE,APPLE iPad Pro M5 Wi-Fi + Cellular Standart Cam ME2P4TU/A 11 inç 8 GB 256 GB Tablet Gümüş,1,3,Retail,87209,1,CepHane Teknoloji,,0,,
1745351613,MDA,FITTED OVENS,8690842580826,170575882,ALTUS,ALTUS ALA 322 B T3412 65 l Ankastre Fırın Siyah,2,1,Retail,19796,2,Özdijitek,,0,0,0
1791157055,SDA,WATER-PIK AND AIR FLOSS,8720689010801,144828802,PHILIPS,PHILIPS Sonicare 3000 Ağız Duşu,2,2,Retail,8799,2,Aypa Teknoloji,,0,0,1
1770952830,IT Acc.,GRAPHICS CARDS,4711636057899,159027703,ASUS,ASUS Dual OC GDDR7 128Bit HDMI/DP GeForce RTX™ 5060 8 GB Ekran Kartı,6,20,Retail,30993.8,4,Kraft Online,,0,0,0
1791135722,SDA,TOOTHBRUSH ELECTRICAL,8720689001007,107813715,PHILIPS,"PHILIPS HX9911/88 Sonicare Diamond Clean Şarjlı Diş Fırçası Deniz Yeşili ,Lacivert",1,6,Retail,8199,1,Aypa Teknoloji,,0,0,0
1832753393,IT Acc.,MAIN MEMORY,4713294233967,169120501,GSKILL,"GSKILL Gskıll Ripjaws S5 6000MHZ CL36  (36-36-36-96) 1,35V RAM",3,100,Retail,20534.6,3,Kraft Online,,0,0,0
1814544542,GSM HW,SMARTPHONES,8806097662235,164308444,SAMSUNG,SAMSUNG Galaxy S25 FE 8 GB 256 GB Akıllı Telefon Buz Mavisi,3,1,Retail,44499,2,Başaran Ticaret,,0,763,25
1801594704,SDA,EPILATOR & OTHER HAIR REMOVAL,7500435225038,155704540,BRAUN,BRAUN SE 5050 SILK-ÉPIL 5 Epilatör Islak ve Kuru Epilasyon Cihazı Pembe,2,4,Retail,3599,1,BigTech,,0,2,2
1842436350,SDA,TOOTHBRUSH ELECTRICAL,8710103846734,137448537,PHILIPS,PHILIPS HX6859/29 Şarjlı Diş Fırçası Beyaz,1,6,Retail,5499,1,Aypa Teknoloji,,0,0,0
1823899788,Photo,LENSES,4549292222012,158819218,CANON,CANON RF-S10-18 mm F4.5-6.3 IS STM Lens,2,4,Retail,23112.9,1,Kraft Online,,0,,
1825820037,Photo,INSTANT CAMERAS,4547201060212,179048009,FUJIFILM,FUJIFILM Instax Mini Link 3 Akıllı Telefon Bundle Box Fotoğraf Yazıcısı Yeşil,1,21,Retail,8899,1,Desibela,,0,,
1787643371,IT Acc.,MEMORY CARD,0740617348453,163501992,KINGSTON,KINGSTON Canvas Select Plus Gen3 A1 microSDXC 128 GB Hafıza Kartı,3,20,Retail,2185.41,1,UzmanlarPC,,0,0,0
1770235020,IT HW,MONITOR,4711387942826,161095218,ASUS,ASUS Tuf VG279QM5A 27 inç Full-HD 1 ms 240 Hz Gaming Monitör Siyah,5,20,Retail,13623.84,4,UzmanlarPC,,0,0,0
1791047601,SDA,IPL HAIR REMOVAL SYSTEMS,8710103882701,107158762,PHILIPS,PHILIPS BRI924-00 Lumea Advanced IPL Lazer Epilasyon Aleti Beyaz,2,4,Retail,13499,1,Aypa Teknoloji,,0,2,2
1654539234,CE Acc.,CHARGERS,0745883906475,166841989,BELKIN,BELKIN USB-C 25 W PD 3.0 PPS Hızlı Şarj Adaptörü Siyah,1,475,Retail,599,1,Nethouse,,0,0,0
1842058583,SDA,SHAVER,8720689008105,156474568,PHILIPS,PHILIPS Shaver Series 5000 S5445/03 Tıraş Makinesi Koyu Mavi,3,1,Retail,5299,2,Derka Shop,,0,0,0
1769433586,SDA,SHAVER,8720689013949,170515575,PHILIPS,PHILIPS QP2824/10 Oneblade Yüz ve Vücut Şekillendirici Tıraş Makinesi Lime Yeşil,1,7,Retail,2499,1,Derka Shop,,0,2,2
1825819926,Photo,INSTANT CAMERAS,4547410564860,179686038,FUJIFILM,FUJIFILM Instax Mini 13 Fotoğraf Makinesi Yeşil,1,107,Retail,5999,1,Desibela,,0,,
1770952760,Gaming Acc.,OTHER COMPUTER ACCESSORIES,6944629184113,173699703,PIILI,PIILI TYPE-C To HDMI HUB060 Dönüştürücü Adaptör Siyah,1,10,Retail,1599,1,Piili,,0,0,1
1774844621,IT Acc.,KEYBOARD + MOUSE SETS,5099206092471,172905487,LOGITECH,LOGITECH MK295 kablosuz Klavye ve Mouse Seti Siyah,8,25,Retail,2016.4,4,Kraft Online,,0,0,0
1795400909,SDA,CONTACT GRILL,8683372034242,173911876,HOMEND,HOMEND Grilliant 1342H 3 ü 1 Arada  Gövde Çift Taraflı XL Döküm Plaka Tost ve Izgara Makinesi Gri,2,2,Retail,7335.19,1,RAST ENTERPRISE,,0,13,1
1756277227,GSM HW,SMARTPHONES,0195950640854,166347716,APPLE,APPLE iPhone 17 Pro Max 12 GB 2 TB Akıllı Telefon Turuncu,1,1,Retail,179999,1,Kavastech,,0,0,0
1825819952,Photo,INSTANT CAMERAS,4547410564846,179686062,FUJIFILM,FUJIFILM Instax Mini 13 Fotoğraf Makinesi Mavi,1,68,Retail,5999,1,Desibela,,0,0,0
1846745621,GSM Acc.,SMART WATCHES,0195950466829,168935062,APPLE,APPLE Watch Series 11 GPS   Aluminium Case with Black Sport Band - S/M   MEQT4TU/A Akıllı Saat Siyah,1,1,Retail,22599,1,KAFKASDA,,0,,
1818321390,CE Acc.,TRUE WIRELESS HEADPHONES,1200130015373,164574727,JBL,JBL Wave Buds2 KI /M True Wireless Kulak İçi Kulaklık Siyah,1,1,Retail,3499,1,Başaran Ticaret,,0,0,0
1791577996,CE Acc.,TRUE WIRELESS HEADPHONES,6941876237586,168871268,UGREEN,UGREEN HiTune Max5c Hibrit Gürültü Aktif Gürültü Engelleyici Kablosuz Bluetooth Kulak Üstü Kulaklık İpek Beyazı,1,9,Retail,3299,1,Decide,,0,0,0
1822796055,IT Acc.,STEERING WHEEL,0723497239493,158581188,MOZA,MOZA Racing R5 Direct Drive (PC) Direksiyon Seti,1,38,Retail,39999,1,BLACKBOX,,0,0,0
1840726096,Floor care,COMBI WET/DRY CLEANER,0622356307024,158582709,SHARK,SHARK StainStriker HairPro Pet Halı ve Koltuk Yıkama Makinesi Çok Renkli,1,5,Retail,16699,1,BiTechnology,,0,0,0
1825819804,Photo,INSTANT CAMERAS,4547410564877,179686013,FUJIFILM,FUJIFILM Instax Mini 13 Fotoğraf Makinesi Beyaz,1,53,Retail,5999,1,Desibela,,0,0,0
1763936682,TV,TELEVISION,8690842802430,168948935,GRUNDIG,GRUNDIG 55 GKU 750A SS5 55 inç 139 cm Dahili Uydu Alıcılı 4K UHD SMART TV LED TV,1,5,Retail,32799,1,Smartevim,,0,0,0
1838929806,IT Acc.,OTHER PC COMPONENTS,8680096134029,172689127,RAMPAGE,RAMPAGE S47 CoolFlow LED Soğutucu Stand Siyah,1,9,Retail,1499,1,TechBurada,,0,0,0
1755094535,SDA,HAIR STRAIGHTENER & CRIMPER,8690842370977,170860243,GRUNDIG,GRUNDIG HS 7033 Saç Düzleştirici Sarı,2,4,Retail,1499,2,TAŞARAVM,,0,0,0
1791134658,SDA,DENTAL ACCESSORIES,4210201343684,134292680,ORAL-B,ORAL-B IO Gentle Care 4'Lü Diş Fırçası Yedek Başlığı,1,1,Retail,1399,1,Aypa Teknoloji,,0,0,1
1762351394,IT HW,TABLETS,8806097654865,172584712,SAMSUNG,"SAMSUNG Galaxy Tab S10 10,9 inç 6 GB 128 GB Tablet Gümüş (silver)",1,5,Retail,15999,1,Beşken elektronik,,0,,
1835991629,Innovations,OTHER BIKES ACCESSORIES,8719325845563,135046501,NINEBOT,NINEBOT PJ20QXZJ Elektrikli Scooter/Bisiklet Gidon Tipi Telefon Tutucu,1,1,Retail,1799,1,Aypa Teknoloji,,0,37,6
1774851514,Floor care,VACUUM CLEANER RECHARGEABLE,8692341134531,172297397,ARNICA,ARNICA Solara ET13453 Şarjlı Dikey Süpürge Siyah,1,2,Retail,13310.8,1,RAST ENTERPRISE,,0,0,0
1843316381,GSM HW,SMARTPHONES,4894947092510,168383046,TECNO,TECNO Spark 40C 4 GB 128 GB Akıllı Telefon Siyah,2,5,Retail,11079,1,Reyontek,,0,0,0
1825819845,Photo,INSTANT CAMERAS,4547411511054,179048026,FUJIFILM,FUJIFILM Instax Link Wide Akıllı Telefon Bundle Box Fotoğraf Yazıcısı Beyaz,1,7,Retail,11199,1,Desibela,,0,,
1683476875,GSM HW,SMARTPHONES,6932204510235,168041186,VIVO,VIVO Y29S 5G 6 GB 128 GB Akıllı Telefon Yeşil,1,1,Retail,14699,1,CepHane Teknoloji,,0,0,0
1835888173,Photo,LENSES,4549292115727,94540823,CANON,CANON RF35 mm F/1.8 Macro IS STM Lens,3,5,Retail,34999,3,Nova Fotoğraf,,0,,
1663304819,GSM HW,SMARTPHONES,8806097660866,166767264,SAMSUNG,SAMSUNG Galaxy A17 5G 8 GB 256 GB Akıllı Telefon Mavi,5,1,Retail,18499,2,CepHane Teknoloji,,0,87,6
1836482577,SDA,VENTILATOR,0622356340670,168897353,SHARK,SHARK TurboBlade Çok Yönlü Yüksek Hızlı Serinletici Fan Beyaz,1,5,Retail,19999,1,BiTechnology,,0,,
1795186348,IT Acc.,DOCKINGSTATION,6941876216017,152847620,UGREEN,UGREEN 15601 10'u 1 Arada USB-C Hub 4K HDMI Ethernet PD Kart Okuyucu,1,37,Retail,3499,1,Decide,,0,0,0
1824305717,Gaming Acc.,GAME PADS,0196388518128,159018708,MICROSOFT,"MICROSOFT Controller Merlin XBOX Series Bluetooth, Kablolu ve Kablosuz Oyun Kolu Beyaz",1,10,Retail,4999.9,1,Kontorland,,0,0,2
1699203151,MDA,WASHER DRYER,8806095669465,168446613,SAMSUNG,SAMSUNG WD11DG5B15BBAH D Enerji Sınıfı 11 kg Kurutmalı Çamaşır Makinesi Siyah,1,10,Retail,55699,1,Smartevim,,0,55,0
1836449331,IT Acc.,MOUSE,4058154125274,153344959,LOGITECH,LOGITECH M330 Silent Plus Kablosuz Mouse Kırmızı,5,10,Retail,1772.73,4,Yedigün Bilişim,,0,0,0
1783378392,SDA,ESPRESSO MAKER & COFFEE MAKER,8004399030855,167584214,DELONGHI,"DELONGHI PrimaDonna Aromatic ECAM630.75.TSM Espresso Makinesi Siyah, Gri",1,1,Retail,99900,1,Delonghi Türkiye,,0,0,0
1821785223,SDA,TOOTHBRUSH ELECTRICAL,8001090919038,171973212,ORAL B,ORAL B Pro 1 Braun Tasarımı Elektrikli Diş Fırçası Siyah,1,199,Retail,2999,1,Braun Shop,,0,0,0
1812190440,CE Acc.,TRUE WIRELESS HEADPHONES,6932172667146,170326177,BASEUS,BASEUS BOWIE H1S GÜRÜLTÜ ENGELLEYICI KABLOSUZ KULAKLIK - Kablolu ve Kablosuz Bluetooth Kulak Üstü Kulaklık Siyah,1,3,Retail,3999,1,Aypa Teknoloji,,0,0,0
1789358615,CE Acc.,TRUE WIRELESS HEADPHONES,6941876256877,164558338,UGREEN,"UGREEN HITUNE MAX6 STUDIO PRO KULAKLIK, SIYAH Kablosuz Bluetooth Kulak Üstü Kulaklık Siyah",1,6,Retail,5999,1,Decide,,0,0,0
1707750078,SDA,HAIR CURLER ( CURLING IRON / HOT AIR BRUSH),3030050188943,168700668,BRAUN,BRAUN AS430E Air Styler 4.3 Iontec Saç Kurutma Saç Şekillendirici Gri,2,2,Retail,10099,2,TAŞARAVM,,0,1,1
1591460131,Hi-Fi,PORTABLE SPEAKER,6975806660830,159586974,IKARAO,IKARAO Partybox Shell S3 80W Karaoke Bluetooth Hoparlör Seti Siyah,1,5,Retail,13499,1,Desibela,,0,0,0
1748164514,IT HW,TABLETS,8806097804208,166537910,SAMSUNG,"SAMSUNG Galaxy Tab A11 8,7 inç 8 GB 128 GB Tablet Gri",2,8,Retail,8798.9,1,Güreller,,0,0,0
1760900628,IT HW,PRINTERS,8715946655161,158317178,EPSON,EPSON EcoTank M3170 C11CG92403 Çok Fonksiyonlu Tanklı Yazıcı,1,1,Retail,19140.2,1,netsiparis,,0,0,0
1846366447,GSM HW,SMARTPHONES,0195951031132,176858003,APPLE,APPLE iPhone 17E 8 GB 512 GB Akıllı Telefon Siyah,1,2,Retail,94299,1,Bittibitiyor,,0,,
1845649961,SDA,STEAM IRON,3121040089040,164331881,TEFAL,TEFAL Ultimate Power Pro Buharlı Ütü Siyah-Kahverengi,3,1,Retail,8885,2,BiTechnology,,0,0,0
1823899785,Photo,LENSES,4549292115727,94540823,CANON,CANON RF35 mm F/1.8 Macro IS STM Lens,3,3,Retail,34878.6,2,Kraft Online,,0,,
1839306620,SDA,HAND MIXER & HAND BLENDER,8697975601749,172386769,TEFAL,TEFAL Powelix Activflow Expert 1500 W Blender Seti Kırmızı,1,55,Retail,8999,1,BiTechnology,,0,168,6
1838997898,Photo,LENSES,4549292115727,94540823,CANON,CANON RF35 mm F/1.8 Macro IS STM Lens,3,1,Retail,30699,1,Fotofix,,0,,
1842555433,Floor care,VACUUM CLEANER,4066529001580,148876679,KÄRCHER,KÄRCHER SE 3 Compact Halı ve Koltuk Yıkama Makinesi Beyaz,2,3,Retail,11999,2,Aypa Teknoloji,,0,0,0
1783302296,SDA,AIR CONDITIONING,8806095912257,173576397,SAMSUNG,SAMSUNG Windfree AR60F12C1KW/SK A++ -60% Enerji Sınıfı 12000 BTU/h Inverter Split Klima Beyaz,2,2,Retail,37962.07,1,RAST ENTERPRISE,,0,0,0
1770234435,IT Acc.,PC CHASSIS / HOUSING,4711377365758,168287486,MSI,MSI MAG PANO 130R PZ Bilgisayar Kasası,3,1,Retail,6107.87,3,UzmanlarPC,,0,0,0
1845256245,MDA,COOLING COMBI,8059019097565,162660219,HOOVER,HOOVER HOCG5T718EW1 No Frost E Enerji Sınıfı 442 l No Frost Alttan Donduruculu Buzdolabı Beyaz,3,15,Retail,36999,1,EPATeknoloji,,0,0,0
1818326756,Photo,DRONES,6937224131774,166790202,DJI,DJI NEO 2 FLY MORE COMBO Drone Gri,4,2,Retail,29799,2,DFN,,0,0,0
1843218312,SDA,VENTILATOR,6975061532590,157598475,JISULIFE,JISULIFE Handheld Life 7 5000 mAh El Fanı Siyah,2,20,Retail,1999,2,NEONBİL,,0,58,3
1783327673,SDA,HAND MIXER & HAND BLENDER,4242002945132,155047137,BOSCH,BOSCH MFQ2420B 400 W El Mikseri Siyah,1,1,Retail,4398.9,1,Güreller,,0,14,2
1584186965,IT Acc.,MOUSE,6941812792995,163221806,XIAOMI,XIAOMI Wireless  Lite 2 Kablosuz Mouse Beyaz,1,10,Retail,699,1,NF BİLİŞİM,,0,0,0
1822704697,SDA,ESPRESSO MAKER & COFFEE MAKER,8720389064807,170668325,PHILIPS,PHILIPS 8000 Serisi LatteGo Pro Café Aromis EP8757/20 Tam Otomatik Kahve Makinesi Gri,2,3,Retail,61699,2,Firsatkolay,,0,0,0
1831908514,CE Acc.,POWER STRIP,4895229117648,171588306,PHILIPS,PHILIPS SPN7080WA 8'li 2M,1,207,Retail,1499,1,Decide,,0,1,1
1773818659,SDA,CONTACT GRILL,8683372034242,173911876,HOMEND,HOMEND Grilliant 1342H 3 ü 1 Arada  Gövde Çift Taraflı XL Döküm Plaka Tost ve Izgara Makinesi Gri,2,1,Retail,7999,2,TAŞARAVM,,0,13,1
1776948217,MDA,WASHER DRYER,8806095669458,172614228,SAMSUNG,SAMSUNG WD11DB8B85GHAH B Enerji Sınıfı 11 kg Kurutmalı Çamaşır Makinesi Beyaz,1,5,Retail,58799,1,Smartevim,,0,0,0
1755665706,IT HW,TABLETS,8806097860266,171972000,SAMSUNG,"SAMSUNG Tab A11+ SM-X230NZAPTUR 11,0 inç 8 GB 256 GB 2 Yıl Samsung Türkiye Gümüş",1,2,Retail,13999,1,Beşken elektronik,,0,3,3
1756086001,Floor care,VACUUM CLEANER,4002516384779,171381027,MIELE,MIELE Boost CX1 PowerLine Toz Torbasız Süpürge Gri,1,2,Retail,25588,1,RAST ENTERPRISE,,0,0,0
1811893902,Hi-Fi,PORTABLE SPEAKER,1200130010194,142589057,JBL,JBL CLIP 5 KIRMIZI Bluetooth Hoparlör Kırmızı,1,1,Retail,3899,1,Aypa Teknoloji,,0,0,0
1830520636,IT Acc.,GRAPHICS CARDS,4711377342544,155816142,MSI,MSI V537-005R GeForce RTX™ 5060 8 GB Ekran Kartı,7,20,Retail,40606.7,4,Kraft Online,,0,12,0
1845573368,GSM HW,SMARTPHONES,0195949822667,146562818,APPLE,APPLE iPhone 16 8 GB 128 GB Akıllı Telefon Yeşil,2,15,Retail,83999,1,Aypa Teknoloji,,0,1,1
1831684354,GSM HW,SMARTPHONES,0195950640656,166347583,APPLE,APPLE iPhone 17 Pro Max 12 GB 2 TB Akıllı Telefon Gümüş,1,1,Retail,249999,1,Beşken elektronik,,0,1917,33
1846795915,IT Acc.,MEMORY CARD,0843367135349,164556775,LEXAR,LEXAR Silver Plus 205MB 4K V30 UHS-I microSDXC 256 GB Hafıza Kartı,1,10,Retail,4999,1,Fotofix,,0,,
1683446551,Gaming Acc.,CONSOLES ACCESSORIES,4961818039209,155257632,HORI,HORI Horipad PC Kablosuz Steam Oyun Kolu Lacivert,1,1,Retail,6609,1,BETA PLUS TEKNOLOJİ,,0,0,0
1821319704,Photo,ACTION CAMERAS,6937224126060,166791727,DJI,DJI OSMO ACTION 6 Standard Aksiyon Kamerası Siyah,1,1,Retail,25999,1,DFN,,0,0,0
1774841545,IT Acc.,WLAN ADAPTER & CARDS,0840030702600,173699613,TP-LINK,TP-LINK Archer T2UB Nano AC600 Wi-Fi Bluetooth 4.2 U Adaptör Siyah,2,5,Retail,939,2,Nethouse,,0,0,0
1814446249,IT Acc.,MOUSE,0195892080503,171644827,LENOVO,LENOVO 300 Kablosuz Mouse Bulut Grisi,1,2,Retail,699,1,By Pro bilişim,,0,0,0
1780580240,GSM HW,SMARTPHONES,8806097867142,172942197,SAMSUNG,SAMSUNG Galaxy S26 Ultra 5G 12 GB 256 GB Akıllı Telefon Kobalt Mor,4,14,Retail,91399,1,CepHane Teknoloji,,0,3,3
1819309289,Photo,PHOTO ACCESSORIES,6937224114678,171452819,DJI,DJI Osmo Ayarlanabilir Hızlı Açılan Adaptör Montajı,1,1,Retail,4599,1,BLACKBOX,,0,0,0
1770235990,IT Acc.,BAGS FOR NOTEBOOKS,8682998400745,173273712,MACK,"MACK MCC-901 Iksy 14,1 inç Notebook Çantası Siyah",1,1,Retail,1130.67,1,UzmanlarPC,,0,0,0
1770236179,IT Acc.,INK CARTRIDGE & TONER,4549292016963,171582010,CANON,CANON CL-56 Kartuş Mürekkep baskı Çok Renkli,6,13,Retail,1312.36,3,UzmanlarPC,,0,0,4
1838848779,IT HW,TABLETS,0195949751929,166014942,APPLE,"APPLE iPad Mini MYGY3TU/A Wi-Fi 8,3 inç 8 GB 512 GB Tablet Uzay Grisi",1,31,Retail,43999,1,Teknorya,,0,,
1696737492,GSM HW,SMARTPHONES,6932169377607,168221806,OPPO,OPPO A5 4G Aurora 6 GB 128 GB Akıllı Telefon Aurora Yeşil,2,5,Retail,13599,2,CepHane Teknoloji,,0,0,0
1813991827,CE Acc.,TRUE WIRELESS HEADPHONES,1200130027895,168872446,JBL,JBL Soundgear Clips True Wireless Kulak İçi Kulaklık Siyah,1,10,Retail,8790,1,Luxury Audio,,0,,
1835725029,CE Acc.,TRUE WIRELESS HEADPHONES,4895229149199,162864709,PHILIPS,PHILIPS TAT3509GY ANC True Wireless Kulak İçi Kulaklık Gri,1,58,Retail,2599,1,Decide,,0,0,0
1784704566,SDA,HAND MIXER & HAND BLENDER,8690842488726,156411126,GRUNDIG,GRUNDIG HBS 7285 850 W El Blenderi Paslanmaz Çelik,1,15,Retail,3349,1,Makroreyon,,0,0,0
1742460299,Floor care,VACUUM CLEANER RECHARGEABLE,7333394037417,170193303,ELECTROLUX,ELECTROLUX EP82UB25UG 800 Ultimate Şarjlı Dikey Süpürge Gri,2,1,Retail,27599,2,Tıklakapında,,0,0,0
1750698039,Photo,ACTION CAMERAS,6937224126107,166791672,DJI,DJI Osmo Action 6 Adventure Combo Aksiyon Kamera Siyah,2,2,Retail,39999,2,Birtek Teknoloji,,0,1,1
1760900729,IT Acc.,KEYBOARD + MOUSE SETS,5099206077485,156391968,LOGITECH,LOGITECH MK540 Kablosuz Kablosuz Klavye ve Mouse Siyah,6,20,Retail,2828.7,1,netsiparis,,0,0,0
1784439268,GSM HW,SMARTPHONES,8806097866626,172942210,SAMSUNG,SAMSUNG Galaxy S26 Ultra 5G 12 GB 512 GB Akıllı Telefon Kobalt Siyah,6,2,Retail,98699,2,Bittibitiyor,,0,6,6
1835721716,Photo,LENSES,4549292168068,94539806,CANON,CANON RF 85 mm f/2 Macro IS STM Lens,1,2,Retail,41999,1,Nova Fotoğraf,,0,0,0
1831679248,GSM HW,SMARTPHONES,8806097866626,172942210,SAMSUNG,SAMSUNG Galaxy S26 Ultra 5G 12 GB 512 GB Akıllı Telefon Kobalt Siyah,6,1,Retail,119999,5,KEA Ev Aletleri,,0,6,6
1822167588,Gaming Acc.,GAME PADS,0711719020912,173219101,SONY,"SONY Playstation 5 DualSense PC, PlayStation 5 Kablolu ve Kablosuz Oyun Kolu Yeşil",3,5,Retail,6999,3,ONETRADE,,0,0,0
1839745991,Photo,DRONES,6937224137615,174000613,DJI,DJI RC 2 Avata 360 Drone Gri,1,2,Retail,48999,1,Nova Fotoğraf,,0,0,0
1775171241,IT HW,MONITOR,4718755093296,145822081,BENQ,"BENQ RD280U 28,2'' 4K+ 3840X2560 3:2 HDR DISPLAY 28,2 inç 4K UHD 5 ms 60 Hz Monitör Siyah",1,1,Retail,30999,1,Irea,,0,0,0
1835885938,Photo,LENSES,4549292181623,94538861,CANON,CANON RF 50 mm F1.8 STM Lens,1,7,Retail,14999,1,Nova Fotoğraf,,0,,
1839895621,SDA,HAIR DRYER,5025155113219,154075133,DYSON,DYSON Supersonic Nural 1600 W Saç Kurutma Makinesi Rose Gold,2,3,Retail,28999,2,qobostore,,0,0,0
1795243194,Floor care,ROBOT VACUUM CLEANERS,6977328067593,168511951,DREAME,DREAME D20 Ultra Robot Süpürge Beyaz,2,12,Retail,35499,1,notebookstore,,0,0,0
1841301640,IT HW,PRINTERS,0195908303244,154463457,HP,HP Smart Tank 6UU48A 670 Wi-Fi Renkli Çok Fonksiyonlu Yazıcı,2,4,Retail,15499,1,Aypa Teknoloji,,0,0,0
1823899800,Photo,MIRRORLESS SYSTEM CAMERAS,4549292171402,95693978,CANON,CANON EOS RP 24-105mm F4-7.1 IS STM Lens Kit Full Format Aynasız Fotoğraf Makinesi,1,1,Retail,83303,1,Kraft Online,,0,,
1836238991,IT HW,PRINTERS,4549292066258,172919898,CANON,CANON Pixma E414 Tarayıcı + Fotokopi Çok Fonksiyonlu Renkli Mürekkep Püskürtmeli Yazıcı,4,754,Retail,2799,2,Nethouse,,0,1,1
1764618680,Gaming Acc.,GAME PADS,0711719020943,173219107,SONY,"SONY Playstation 5 DualSense PC, PlayStation 5 Kablolu ve Kablosuz Oyun Kolu Mavi",3,92,Retail,6990,2,Nethouse,,0,0,0
1775170920,IT HW,MONITOR,4718755094552,150230583,BENQ,"BENQ MA320U 32' 4K UHD IPS USB C 400 MONITOR 31,5 inç 4K UHD 5 ms 60 Hz Monitör Siyah",3,1,Retail,34599,1,Irea,,0,0,0
1844396373,IT Acc.,GRAPHICS CARDS,4711636057899,159027703,ASUS,ASUS Dual OC GDDR7 128Bit HDMI/DP GeForce RTX™ 5060 8 GB Ekran Kartı,6,9,Retail,28999,3,7RENK,,0,0,0
1756277235,GSM HW,SMARTPHONES,0195950639056,166347554,APPLE,APPLE iPhone 17 Pro Max 12 GB 256 GB Akıllı Telefon Turuncu,4,1,Retail,169999,4,Kavastech,,0,4,4
1828095483,Photo,MIRRORLESS SYSTEM CAMERAS,4960759915702,158292175,NIKON,NIKON Z 50II + Nikkor Z DX 16-50 VR + 50-250 VR APS-C Sensör Aynasız Fotoğraf Makinesi,3,2,Retail,83999,2,BLACKBOX,,0,0,0
1649448224,Gaming Acc.,GAME PADS,0711719577676,153634397,SONY,SONY Playstation 5 Dualsense Kobalt Mavisi PC Kablolu ve Kablosuz Oyun Kolu Kobalt Mavisi,4,11,Retail,6490,3,Nethouse,,0,0,0
1826349101,Hi-Fi,HIFI SPEAKERS,5099206051805,153847023,LOGITECH,LOGITECH 980-000912 Ses Alıcısı Bluetooth Adaptör Siyah,3,5,Retail,2433.13,3,Yedigün Bilişim,,0,0,0
1842826305,CE Acc.,CHARGING CABLE,0195949371905,154324207,APPLE,APPLE 60 W USB-C Örgü 1 m Şarj Kablosu Beyaz,3,50,Retail,1410,1,CepHane Teknoloji,,0,0,1
1775170926,IT HW,MONITOR,4718755094538,149492767,BENQ,BENQ MA270U 27'' 4K UHD IPS USB C 400 MONITOR 27 inç 4K UHD 5 ms 60 Hz Gaming Monitör Siyah,3,1,Retail,29599,1,Irea,,0,0,0
1842660157,SDA,STEAM IRON,8720389016141,160089336,PHILIPS,PHILIPS Azur DST7061/30 Buharlı Ütü Koyu Mor,2,1,Retail,4980,2,RAST ENTERPRISE,,0,0,0
1843297126,SDA,COFFEE MAKER COUNTRY SPECIFIC (MOKA POT ...),8690842413780,168515640,GRUNDIG,GRUNDIG TCM 7061 D 1100W İkili Çelik Türk Kahve Makinesi Siyah,1,1,Retail,9370,1,RAST ENTERPRISE,,0,0,0
1846788128,Photo,MIRRORLESS SYSTEM CAMERAS,4549292246292,181362069,CANON,CANON EOS R6 Mark III Body Full Format Fotoğraf Makinesi,2,1,Retail,129999,1,Fotofix,,0,0,0
1822742599,SDA,VENTILATOR,8720389028618,140527405,PHILIPS,PHILIPS Series 5000 CX5535/11 Kule Tipi Vantilatör Siyah,5,91,Retail,5499,2,Airyshop,,0,0,0
1812288987,SDA,ESPRESSO MAKER & COFFEE MAKER,8720389027581,124177379,PHILIPS,PHILIPS LATTEGO EP2331/10 TAM OTOMATIK ESPRESSO MAKINESI Tam Otomatik Espresso Makinesi Parlak Siyah ve krom,2,4,Retail,17439,2,Airyshop,,0,0,0
1774326577,IT Acc.,INK CARTRIDGE & TONER,4549292222357,171581979,CANON,CANON 6287C001 GI-45 Y EMB Kartuş Mürekkep baskı Mürekkep Sarı,2,5,Retail,1089.9,2,Kraft Online,,0,0,0
1774326578,IT Acc.,INK CARTRIDGE & TONER,4549292222333,171581985,CANON,CANON 6285C001 GI-45 C EMB Kartuş Mürekkep baskı Mürekkep Mavi,1,1,Retail,1089.9,1,Kraft Online,,0,0,0
1760900894,IT Acc.,MAINBOARDS,4711636005517,154854220,ASUS,ASUS PRIME B850M-K 8400MHz (OC) Soket AM5 M.2 HDMI DP AMD B850 DDR5 Micro ATX Anakart,4,5,Retail,7865.1,1,netsiparis,,0,51,2
1812289632,SDA,CONTACT GRILL,8710103860808,107777192,PHILIPS,PHILIPS HD9951/00 AIRFRYER XXL IZGARA SETİ Tost Makinesi Siyah-Gümüş,2,3,Retail,429,1,Airyshop,,0,0,0
1775477929,Floor care,VACUUM CLEANER RECHARGEABLE,7332543971534,168516485,ELECTROLUX,ELECTROLUX EP71AB14UG Ultimate 700 Cordless Cleaner 14.4 V Şarjlı Dikey Süpürge Gri,1,2,Retail,15877.67,1,RAST ENTERPRISE,,0,0,0
1834318661,Photo,MIRRORLESS SYSTEM CAMERAS,4549292246292,181362069,CANON,CANON EOS R6 Mark III Body Full Format Fotoğraf Makinesi,2,10,Retail,148999,2,Nova Fotoğraf,,0,0,0
1731535423,Floor care,VACUUM CLEANER,8710103904151,168803576,PHILIPS,PHILIPS XB9155/07 900 W Marathon Ultimate Toz Torbasız Süpürge Mor,3,3,Retail,19999,3,TAŞARAVM,,0,1,1
1739969073,SDA,SHAVER,8700216735940,165624507,BRAUN,BRAUN 3 Serisi 310BT 3'ü 1 Arada Tıraş Makinesi Mavi/siyah,2,10,Retail,4035,2,TAŞARAVM,,0,0,0
1770237066,IT Acc.,INK CARTRIDGE & TONER,4549292041781,154620520,CANON,CANON GI-490Y Mürekkep baskı Sarı,3,4,Retail,867.22,3,UzmanlarPC,,0,0,0
1826345031,IT Acc.,KEYBOARD,5099206099968,156381645,LOGITECH,LOGITECH K580 ULTRA INCE MULTI-DEVICE BLUETOOTH(R) KLAVYE S Kablosuz Klavye Siyah,4,25,Retail,3796.75,3,Yedigün Bilişim,,0,0,0
1760907048,IT Acc.,WLAN ROUTER,6957939001711,153551748,MERCUSYS,"MERCUSYS MR27BE Kablolu , Kablosuz 4 Port 1 Gbit/s MIMO Router",3,10,Retail,3445.8,2,netsiparis,,0,0,0
1824301038,IT Acc.,KEYBOARD + MOUSE SETS,5099206033641,172385682,LOGITECH,LOGITECH MK330 Bluetooth Klavye ve Mouse seti Siyah,8,329,Retail,1999,3,GpnTeknoloji,,0,0,0
1792236632,SDA,EPILATOR & OTHER HAIR REMOVAL,8720689031349,174940782,PHILIPS,PHILIPS BRE247/05 Series 4000 Kablolu Kompakt Epilatör Mavi,3,4,Retail,2999.99,3,Elektrotoptan,,0,0,0
1813991829,CE Acc.,TRUE WIRELESS HEADPHONES,1200130029844,171302335,JBL,JBL Tune 730 BT Bluetooth Kulak Üstü Kulaklık Beyaz,1,10,Retail,4290,1,Luxury Audio,,0,0,0
1810900573,Floor care,ROBOT VACUUM CLEANERS,6936905904799,174504303,ROBOROCK,ROBOROCK Qrevo Curv 2 Flow Akıllı Robot Süpürge Beyaz,2,1,Retail,71999,1,Koycebine,,0,0,0
1830520685,IT Acc.,KEYBOARD + MOUSE SETS,5099206020641,174537474,LOGITECH,LOGITECH MK120 USB Tam Boyutlu Türkçe Q Kablolu Klavye ve Mouse Seti Renkli,5,10,Retail,1155.2,1,Kraft Online,,0,0,0
1835909244,SDA,CHOPPING MACHINE AND CHEESE GRATER,8690842488740,172616619,GRUNDIG,GRUNDIG DO 7266 CDX Delisia Novus Doğrayıcı Inox,1,1,Retail,3799,1,Karakaya Bilişim,,0,0,0
1832526202,SDA,TOOTHBRUSH ELECTRICAL,4210201437857,162929788,ORAL B,ORAL B IO 6 Smile Serisi Şarjlı Diş Fırçası Siyah,1,2,Retail,9999,1,Derka Shop,,0,0,0
1760906920,IT Acc.,MAINBOARDS,4711377360166,158057810,MSI,MSI PRO B840M-B B840 DDR5 MATX Anakart,6,1,Retail,6351.6,1,netsiparis,,0,44,0
1715992562,GSM HW,SMARTPHONES,6932554491161,169130712,XIAOMI,XIAOMI Redmi Note 15 Pro Plus 5G 8 GB 256 GB Akıllı Telefon Mocha Kahverengi,1,1,Retail,34299,1,CepHane Teknoloji,,0,425,15
1822734563,SDA,VENTILATOR,0810123675470,155300423,LEVOIT,LEVOIT LPF-R432 Uzaktan Kumandalı Ayaklı Vantilatör Siyah,2,16,Retail,9999,2,Nethouse,,0,,
1808961705,Software,GAMES & SOFTWARE,5026555423052,156648695,ROCKSTAR GAMES,ROCKSTAR GAMES Red Dead Redemption 2 PlayStation 4 Oyun,1,22,Retail,1999,1,BLACKBOX,,0,0,0
1735352457,Floor care,VACUUM CLEANER RECHARGEABLE,7333394037844,170193835,ELECTROLUX,ELECTROLUX Hygienic Wet 800 EP82H25WET Şarjlı Dikey Süpürge Mavi,1,3,Retail,24649,1,Anatoptan,,0,0,0
1751445786,TV,TELEVISION,9120106662993,155637991,THOMSON,THOMSON 32UE5M45 SS2 32 inç 81 cm 4K UHD SMART TV LED TV,1,4,Retail,61999,1,Lucky Trend,,0,0,0
1770263656,SDA,ESPRESSO MAKER & COFFEE MAKER,8004399029125,156621565,DELONGHI,DELONGHI Magnifica Evo Next ECAM310.80.SB Tam Otomatik Espresso Makinesi Siyah,1,3,Retail,29998,1,Fırsat Dünyası,,0,0,0
1759799725,CE Acc.,CHARGERS,0745883921461,172059585,BELKIN,"BELKIN BoostCharge Pro 2 Portlu USB-C GaN 50 W, 1M USB-C Kablo Dahil Şarj Adaptörü Siyah",1,124,Retail,1699,1,Nethouse,,0,0,0
1843315480,GSM HW,SMARTPHONES,8806097867258,172942203,SAMSUNG,SAMSUNG Galaxy S26 Ultra 5G 12 GB 256 GB Akıllı Telefon Gök Mavisi,4,20,Retail,92799,2,Reyontek,,0,0,0
1770939031,Gaming Acc.,OTHER COMPUTER ACCESSORIES,6944629159135,173699702,PIILI,PIILI TYPE-C 5 Portlu Dönüştürücü Adaptör Gri,1,10,Retail,2399,1,Piili,,0,0,0
1832527301,SDA,TOOTHBRUSH ELECTRICAL,8700216523202,162929813,ORAL B,ORAL B IO 2 Serisi Sarjlı + Seyahat Kabı Şarjlı Diş Fırçası Yeşil,1,1,Retail,3888,1,Derka Shop,,0,0,0
1812288992,SDA,WATER KETTLE,8710103941040,106959133,PHILIPS,PHILIPS HD9318/20 1.7 l Su Isıtıcısı Siyah,3,39,Retail,1669,1,Airyshop,,0,0,0
1828857841,IT Acc.,GRAPHICS CARDS,4711377342544,155816142,MSI,MSI V537-005R GeForce RTX™ 5060 8 GB Ekran Kartı,7,10,Retail,49788.95,7,Yedigün Bilişim,,0,12,0
1842990710,Floor care,ROBOT VACUUM CLEANERS,6936905906441,174504324,ROBOROCK,ROBOROCK Qrevo Edge 2 Akıllı Robot Süpürge Beyaz,1,1,Retail,63499,1,Koycebine,,0,0,0
1832140835,GSM Acc.,SMART WATCHES,8806097416593,168935899,SAMSUNG,SAMSUNG Galaxy Watch 8 Classic Akıllı Saat Beyaz,5,14,Retail,14598,2,Yüksek Teknoloji,,0,1,1
1833735916,IT Acc.,MEMORY CARD,0740617348507,161621594,KINGSTON,KINGSTON Canvas Select Plus Gen3 A1 microSDXC 256 GB Hafıza Kartı,2,50,Retail,3599,2,Teknomevo,,0,0,0
1835725030,CE Acc.,TRUE WIRELESS HEADPHONES,4895229139657,154008959,PHILIPS,"PHILIPS TAT3509WT ANC Kablosuz, True Wireless, Bluetooth Kulak İçi Kulaklık Beyaz",1,60,Retail,2599,1,Decide,,0,0,0
1779203345,SDA,HAIR STRAIGHTENER & CRIMPER,8682511904200,168501395,FAKIR,FAKIR Ion Fusıon Saç Düzleştirici Gri,2,5,Retail,2899,2,Karakaya Bilişim,,0,0,0
1796047322,IT HW,TABLETS,8699247375778,170446479,CASPER,"CASPER H10 Pro Klavyeli Tablet Kılıfı + Prestige Kalem ve PAD H10 Pro OLED 12,6 inç 8 GB 256 GB Tablet Grafit Gri",1,50,Retail,22999,1,Casper Excalibur,,0,,
1650593811,IT HW,TABLETS,8806097804192,166538181,SAMSUNG,"SAMSUNG Galaxy Tab A11 8,7 inç 4 GB 64 GB Tablet Gümüş",5,27,Retail,6395,4,CepHane Teknoloji,,0,0,0
1843605219,CE Acc.,CHARGING CABLE,8694470572260,153961527,TTEC,TTEC 2DK7508B USB-A Lightning Şarj Kablosu Beyaz,1,1000,Retail,279,1,BlueGo,,0,0,0
1829947875,Hi-Fi,SOUNDBAR,8806096367186,174344258,LG,LG SH5A 4.1 Kanal 600 W Bluetooth Soundbar,1,52,Retail,10999,1,TechBurada,,0,1,4
1782515158,SDA,IPL HAIR REMOVAL SYSTEMS,8700216938075,170829544,BRAUN,BRAUN Smart PL7442 IPL Lazer Epilasyon Cihazı Çok Renkli,1,213,Retail,28999,1,Braun Shop,,0,0,0
1794256289,MDA,REFRIGERATOR,6901018098352,173294099,HAIER,HAIER HDR5818DNPW 640 L No Frost D Enerji Sınıfı Alttan Donduruculu Buzdolabı Beyaz,1,5,Retail,63999,1,Smartevim,,0,,
1840929775,SDA,VENTILATOR,8720389036910,142443428,PHILIPS,PHILIPS CX3550/01 Ayaklı Vantilatör Siyah,3,13,Retail,5599,3,Airyshop,,0,0,0
1775233359,SDA,BEARD TRIMMER,8700216429016,172815516,BRAUN,"BRAUN AIO7540 Hepsi Bir Arada Series 7 11'i 1 Arada Tıraş Kiti Siyah, Lacivert",2,1,Retail,2999,1,Kavastech,,0,1,1
1770979904,IT Acc.,BAGS FOR TABLETS,5051794033946,168516795,TARGUS,"TARGUS THZ865 Click-In iPad Air 11""(M2) - Pro 11"" 4-3-2-1  Gen - Air 5-4 Gen 10.9"" Tablet Kılıfı Siyah",1,1,Retail,2823.6,1,Kraft Online,,0,55,2
1818321391,MDA,COOLING COMBI,8059019098180,154905058,HOOVER,HOOVER HODG5T718EW1 No Frost E Enerji Sınıfı 580 l No Frost Üstten Donduruculu Buzdolabı Beyaz,1,2,Retail,48500,1,Etinova,,0,7,0
1814590887,GSM HW,SMARTPHONES,8806097660842,166767228,SAMSUNG,SAMSUNG Galaxy A17 5G 8 GB 256 GB Akıllı Telefon Siyah,5,1,Retail,17499,1,Başaran Ticaret,,0,2,2
1748164095,GSM HW,SMARTPHONES,8806097660859,166767255,SAMSUNG,SAMSUNG Galaxy A17 5G 8 GB 256 GB Akıllı Telefon Gri,4,25,Retail,18999,2,Güreller,,0,899,28
1831682836,GSM HW,SMARTPHONES,8806097660866,166767264,SAMSUNG,SAMSUNG Galaxy A17 5G 8 GB 256 GB Akıllı Telefon Mavi,5,3,Retail,16999,1,KEA Ev Aletleri,,0,87,6
1748164572,IT HW,TABLETS,8806097804192,166538181,SAMSUNG,"SAMSUNG Galaxy Tab A11 8,7 inç 4 GB 64 GB Tablet Gümüş",5,8,Retail,5999,3,Güreller,,0,0,0
1650593802,IT HW,TABLETS,8806097804215,166538182,SAMSUNG,"SAMSUNG Galaxy Tab A11 8,7 inç 4 GB 64 GB Tablet Gri",4,19,Retail,6395,3,CepHane Teknoloji,,0,1,1
1759800241,CE Acc.,CHARGERS,0745883908226,167383313,BELKIN,BELKIN USB-C Kablosu + 45 W Kompakt Duvar Şarj Cihazı Siyah,1,152,Retail,899,1,Nethouse,,0,0,0
1845164545,SDA,STEAM STATION,8710103931515,153531537,PHILIPS,PHILIPS PSG9050/20 Buhar Kazanlı Ütü Lacivert,2,4,Retail,31999,1,Makroreyon,,0,564,6
1782992583,GSM HW,SMARTPHONES,8806097865865,172942199,SAMSUNG,SAMSUNG Galaxy S26+ 5G 12 GB 256 GB Akıllı Telefon Kobalt Mor,1,5,Retail,71189,1,Bittibitiyor,,0,2,2
1759877183,SDA,HAIR DRYER,3030050197570,172066262,BRAUN,BRAUN HD150E HD1.5 1800 W Saç Kurutma Makinesi Siyah,2,15,Retail,2499,1,Braun Shop,,0,0,0
1779140259,MDA,HOBS,8806088905372,173585772,SAMSUNG,SAMSUNG NA64M7100AW/TR Ankastre Ocak Beyaz,1,5,Retail,14499,1,Smartevim,,0,0,0
1779168035,MDA,HOODS,8801643184506,172612467,SAMSUNG,SAMSUNG NK24N7060VB Davlumbaz Siyah,1,5,Retail,17999,1,Smartevim,,0,92,8
1828856816,Smart Home,SMART HOME IP CAMERAS,4895252501575,117002426,TP-LINK,TP-LINK Tapo C510W Wi-Fi IEEE 802.11b/g/n Güvenlik Kamerası Beyaz,2,47,Retail,2902,2,Lucky Trend,,0,0,0
1828856815,IT Acc.,WLAN ROUTER,4251877271772,143918914,TP-LINK,TP-LINK Archer VX1800V 1800 Mbps VDSL2 Modem 4 Port 1800 Mbit/s MU-MIMO Router,6,89,Retail,3999,1,Lucky Trend,,0,0,0
1786461147,SDA,IPL HAIR REMOVAL SYSTEMS,8720689047692,171748928,PHILIPS,"PHILIPS Lumea BRI950/02 IPL Epilasyon Aleti Beyaz, Rose",7,25,Retail,20899,5,Makroreyon,,0,0,0
1760907156,IT Acc.,MAIN MEMORY,4713294233967,169120501,GSKILL,"GSKILL Gskıll Ripjaws S5 6000MHZ CL36  (36-36-36-96) 1,35V RAM",3,100,Retail,17803.7,1,netsiparis,,0,0,0
1674441584,GSM HW,SMARTPHONES,0195950627602,166438321,APPLE,APPLE iPhone 17 Pro 12 GB 256 GB Akıllı Telefon Mavi,1,5,Retail,125899,1,Bittibitiyor,,0,3,3
1842906681,SDA,EPILATOR & OTHER HAIR REMOVAL,8720689031349,174940782,PHILIPS,PHILIPS BRE247/05 Series 4000 Kablolu Kompakt Epilatör Mavi,3,1,Retail,2599,2,Derka Shop,,0,0,0
1811911142,CE Acc.,TRUE WIRELESS HEADPHONES,6925281967870,168238978,JBL,JBL Quantum TWS Air Kablosuz Gaming Kulaklık Siyah,1,6,Retail,5499,1,Aypa Teknoloji,,0,,
1840929693,SDA,VENTILATOR,8720389036842,143418259,PHILIPS,PHILIPS CX2550/00 Ayaklı Vantilatör Beyaz,5,33,Retail,3009,1,Airyshop,,0,0,0
1830520823,IT HW,MONITOR,4711387959220,161775296,ASUS,ASUS TUF GAMING VG279Q5R 27 FAST IPS 27 inç Full-HD 1 ms 200 Hz Gaming Monitör Siyah,3,1,Retail,12392.4,3,Kraft Online,,0,0,0
1757438905,Gaming Acc.,GAME PADS,0711719590071,153634386,SONY,SONY DualSense PlayStation 5 Kablolu ve Kablosuz Kontrol Cihazı Chroma Teal,1,5,Retail,6459,1,BETA PLUS TEKNOLOJİ,,0,,
1797732265,SDA,EPILATOR & OTHER HAIR REMOVAL,8720689031349,174940782,PHILIPS,PHILIPS BRE247/05 Series 4000 Kablolu Kompakt Epilatör Mavi,3,8,Retail,1699,1,Makroreyon,,0,0,0
1840930172,SDA,AIR PURIFIER,8720389039362,150525201,PHILIPS,PHILIPS AC0951/13 Pureprotect Mini 900 Serisi Hava Temizleme Cihazı Siyah,2,11,Retail,11179,1,Airyshop,,0,0,0
1760901153,IT HW,PRINTERS,8715946672670,153539248,EPSON,EPSON EcoTank L14150 Wi-Fi + Tarayıcı + Fotokopi + Faks Renkli Çok Fonksiyonlu Tanklı Mürekkep Püskürtmeli Yazıcı,1,9,Retail,38711.8,1,netsiparis,,0,,
1828881899,SDA,STEAM STATION,3121040092651,157278505,TEFAL,TEFAL AeroSteam DT9814 Portatif Buharlı Dikey Düzleştirici Beyaz,2,1,Retail,6657,2,RAST ENTERPRISE,,0,0,0
1843598196,SDA,TOOTHBRUSH ELECTRICAL,4210201439868,168539228,ORAL-B,ORAL-B iO 10 Manyetik Şarj - Seyahat Kabı Şarjlı Diş Fırçası Siyah,3,1,Retail,18899,2,ACCPAZAR,,0,0,0
1812289007,Floor care,VACUUM CLEANER RECHARGEABLE,8720389022470,142503832,PHILIPS,PHILIPS 7000 Serisi XC7057/01 Kablosuz Şarjlı Dikey Süpürge Siyah,3,1,Retail,18509,2,Airyshop,,0,5,5
1810863259,IT Acc.,GRAPHICS CARDS,4711377342544,155816142,MSI,MSI V537-005R GeForce RTX™ 5060 8 GB Ekran Kartı,7,14,Retail,43751.66,5,Batı Teknoloji,,0,12,0
1842908046,SDA,EPILATOR & OTHER HAIR REMOVAL,8720689031318,174940655,PHILIPS,PHILIPS BRE237/05 Series 2000 Kablolu Kompakt Epilatör Lila,3,1,Retail,2088,2,Derka Shop,,0,0,1
1633745841,GSM HW,SMARTPHONES,8806097662228,164308441,SAMSUNG,SAMSUNG Galaxy S25 FE 8 GB 256 GB Akıllı Telefon Gece Siyahı,3,6,Retail,40799,1,CepHane Teknoloji,,0,7,7
1795397243,CE Acc.,TRUE WIRELESS HEADPHONES,6941876251377,168745197,UGREEN,UGREEN HITUNE T6 MAGIC AKTIF GURRULTU ENGELLEYICI Kablosuz Bluetooth Kulak İçi Kulaklık Beyaz,1,40,Retail,4599,1,Decide,,0,0,0
1747097380,IT Acc.,PC MICROPHONES,6939119036584,162241558,HAVIT,HAVIT Gamenote GK63 PRO Masa Standı ve RGB Jak ve Typ C Yayıncı Oyuncu Mikrofonu Siyah,1,470,Retail,2499,1,Lucky Trend,,0,0,0
1832491314,Software,GAMES & SOFTWARE,5055277048250,156665387,ECOPLAY,ECOPLAY Sonic Frontiers PlayStation 5 PS5 Oyun,1,3,Retail,2299,1,BLACKBOX,,0,0,0
1841491030,SDA,HAIR DRYER,0622356311861,148406676,SHARK,SHARK SpeedStyle Pro Flex 4'ü 1 Arada 1700 W Saç Şekillendirme Sistemi Gümüş,2,3,Retail,12949,1,Professor,,0,1,1
1839994482,IT Acc.,WLAN ROUTER,6932849424515,157489811,TENDA,TENDA TE6L Pro BE5100 Dual Band Wifi 7 Kablosuz 4 Port 5100 Mbit/s MU-MIMO Router,3,10,Retail,5422.9,2,Kraft Online,,0,0,0
1824301717,IT Acc.,KEYBOARD + MOUSE SETS,5099206063945,173003259,LOGITECH,LOGITECH MK235 920-007925 Bluetooth Klavye ve Mouse Seti Siyah,8,264,Retail,1199,1,GpnTeknoloji,,0,0,0
1781013339,GSM HW,SMARTPHONES,6932169399302,174440094,OPPO,OPPO A6T 5G 4 GB 256 GB Akıllı Telefon Kristal Mavi,1,1,Retail,20699,1,CepHane Teknoloji,,0,0,0
1825814902,MDA,COOLING COMBI,8806095406107,173294076,SAMSUNG,SAMSUNG RB45DG600ES9TR E Enerji Sınıfı 458 l No Frost Alttan Donduruculu Buzdolabı Inox,1,5,Retail,65499,1,Smartevim,,0,0,0
1817470725,SDA,TOOTHBRUSH ELECTRICAL,4210201426981,172369811,ORAL B,ORAL B Vitality Pro Cross Action Elektrikli Diş Fırçası Lila,5,1,Retail,2184.67,1,RAST ENTERPRISE,,0,0,0
1804342413,Gaming Acc.,GAME PADS,0711719022350,171369439,SONY,SONY Playstation Dualsense PlayStation 5 Kablosuz Kontrol Cihazı Beyaz,6,100,Retail,5999,4,Kavastech,,0,3,3
1804341090,Gaming Acc.,GAME PADS,0711719020943,173219107,SONY,"SONY Playstation 5 DualSense PC, PlayStation 5 Kablolu ve Kablosuz Oyun Kolu Mavi",3,100,Retail,6599,1,Kavastech,,0,0,0
1826334799,IT Acc.,MAINBOARDS,4711377337977,161024527,MSI,MSI 7E64-001R H810 DDR5 ATX Anakart,4,4,Retail,7597.73,2,Yedigün Bilişim,,0,,
1756277223,GSM HW,SMARTPHONES,0195950640250,166347579,APPLE,APPLE iPhone 17 Pro Max 12 GB 1 TB Akıllı Telefon Kozmik Turuncu,1,1,Retail,169999,1,Kavastech,,0,2,2
1751335809,CE Acc.,TRUE WIRELESS HEADPHONES,0195949506093,168871205,APPLE,APPLE MWTY3TU/A LIGHTNING KONNEKTORLU EARPODS.. Kablolu Kablolu Kulak İçi Kulaklık Beyaz,2,10,Retail,1699,1,Bittibitiyor,,0,0,0
1834511451,SDA,CONTACT GRILL,3045380028340,156372423,TEFAL,TEFAL SUPERGRILL 3IN1 XL Tost Makinesi Gri,2,9,Retail,10199,2,Makroreyon,,0,132,4
1842527328,SDA,TOOTHBRUSH ELECTRICAL,4210201445135,144928489,ORAL-B,ORAL-B iO 6 Smile Serisi Şarjlı Diş Fırçası Siyah,1,4,Retail,10949,1,Professor,,0,0,0
1780754650,SDA,CURLERS & HAIR DRESSING SET,8720689002776,162826955,PHILIPS,PHILIPS BHA301/00 Argan Yağı Seramik Kaplama-3 Aparat-3 Isı Ayarı Saç Şekillendirme ve Kurutma Seti Siyah,3,7,Retail,3599,2,Makroreyon,,0,0,0
1842528559,CE Acc.,TRUE WIRELESS HEADPHONES,0197029008237,108231645,HYPERX,"HYPERX Cloud III Mikrofonlu 727A9AA Kablolu Kablolu Kulak Üstü Kulaklık Siyah, Kırmızı",1,1,Retail,4299,1,Professor,,0,,
1770235940,IT Acc.,INK CARTRIDGE & TONER,4549292041743,152927828,CANON,CANON GI-490 C Kartuş Mürekkep baskı Mavi,3,4,Retail,867.22,3,UzmanlarPC,,0,0,0
1784215894,Household,DRINKWARE,1200185000409,172992202,STANLEY,STANLEY Wellspring Bottle 0.70 l Paslanmaz Çelik Termos,1,5,Retail,2249,1,Premiumsepet,,0,0,0
1845505990,GSM HW,SMARTPHONES,0195949822667,146562818,APPLE,APPLE iPhone 16 8 GB 128 GB Akıllı Telefon Yeşil,2,5,Retail,85899,2,Professor,,0,1,1
1828887061,IT Acc.,WLAN ADAPTER & CARDS,0767261274990,102200417,TP-LINK,TP-LINK UE306 USB 3.0 to Ethernet Dönüştürücü Beyaz,3,10,Retail,1397.37,2,Yedigün Bilişim,,0,0,0
1748184632,IT HW,MONITOR,8806097322344,171376858,SAMSUNG,SAMSUNG 32 LS32FM700UUXUF 32 inç 4K UHD 4 ms 60 Hz Smart Monitör Gri,2,5,Retail,14349,2,Smartevim,,0,,
1760901252,IT Acc.,KEYBOARD + MOUSE SETS,5099206033641,172385682,LOGITECH,LOGITECH MK330 Bluetooth Klavye ve Mouse seti Siyah,8,25,Retail,1817.5,2,netsiparis,,0,0,0
1828886065,MDA,HOODS,8690842642968,173280495,ALTUS,ALTUS AL 38 W Sürgülü Aspiratör Beyaz,1,1,Retail,6766,1,RAST ENTERPRISE,,0,157,3
1792794958,SDA,EPILATOR & OTHER HAIR REMOVAL,8720689031318,174940655,PHILIPS,PHILIPS BRE237/05 Series 2000 Kablolu Kompakt Epilatör Lila,3,2,Retail,2999.99,3,Elektrotoptan,,0,0,1
1828849097,IT Acc.,WLAN ADAPTER & CARDS,0767261274990,102200417,TP-LINK,TP-LINK UE306 USB 3.0 to Ethernet Dönüştürücü Beyaz,3,20,Retail,1443.56,3,Yedigün Bilişim,,0,0,0
1792061999,SDA,EPILATOR & OTHER HAIR REMOVAL,8720689031318,174940655,PHILIPS,PHILIPS BRE237/05 Series 2000 Kablolu Kompakt Epilatör Lila,3,30,Retail,1549,1,Makroreyon,,0,0,1
1663086018,IT HW,NOTEBOOKS,8699247926550,167136340,CASPER,CASPER S100.1362-DF00A-G-F Intel Core i7-13620H 32 GB RAM 1 TB SSD 16 inç Windows Laptop Titanyum Gri,1,100,Retail,53599,1,Casper Excalibur,,0,2,2
1830520769,IT HW,MONITOR,4711387906835,158331763,ASUS,ASUS TUF GAMING VG27AQ5A 27 FAST IPS 27 inç WQHD 1 ms 210 Hz Gaming Monitör Siyah,5,20,Retail,16608,3,Kraft Online,,0,0,0
1771551344,MDA,HOBS,8690842595882,165184648,ALTUS,ALTUS ALA 159 DB Wok Gözlü Ankastre Ocak Siyah,3,1,Retail,12360,2,Yörük Toptan,,0,0,0
1813536413,Gaming Acc.,GAME PADS,0196388518166,159018879,MICROSOFT,"MICROSOFT Controller PC Bluetooth, Kablolu ve Kablosuz Oyun Kolu Siyah",1,5,Retail,5000,1,Konsol Plus,,0,0,0
1814531014,IT Acc.,MOUSE,6957303896868,158077115,UGREEN,UGREEN 2400DPI 2.4Ghz Sessiz Kablosuz Mouse Pembe,1,51,Retail,661,1,Decide,,0,0,0
1751269443,SDA,TEA MAKER,8691607003697,155444284,KORKMAZ,"KORKMAZ A369 Demtez 1,7 l Çay Makinesi Inox, Siyah",2,2,Retail,3870.43,1,RAST ENTERPRISE,,0,0,0
1768982147,GSM HW,SMARTPHONES,8806097867258,172942203,SAMSUNG,SAMSUNG Galaxy S26 Ultra 5G 12 GB 256 GB Akıllı Telefon Gök Mavisi,4,8,Retail,91399,1,CepHane Teknoloji,,0,0,0
1843315684,GSM HW,SMARTPHONES,8806097866411,172942193,SAMSUNG,SAMSUNG Galaxy S26 Ultra 5G 12 GB 512 GB Akıllı Telefon Beyaz,4,10,Retail,98329,2,Reyontek,,0,3,3
1817379098,SDA,WATER-PIK AND AIR FLOSS,8720689046831,171971550,PHILIPS,PHILIPS Sonicare HX3333/24 Ağız Duşu,1,1,Retail,5457,1,RAST ENTERPRISE,,0,0,0
1784105285,Smart Home,SMART PLUGS,4897098682562,153908858,TP-LINK,TP-LINK Tapo S220 Uzaktan Kumanda Akıllı Işık Anahtarı,2,9,Retail,1204.6,1,Lucky Trend,,0,0,0
1828563473,IT Acc.,BLUETOOTH ADAPTER,4897098683446,123023127,TP-LINK,TP-LINK UB500 Bluetooth 5.4 Nano PC Laptop Masaüstü Windows Uyumlu Plug Play USB Adaptör Siyah,4,20,Retail,1040.05,4,Yedigün Bilişim,,0,0,0
1779201735,MDA,REFRIGERATOR,8806095500454,169760138,SAMSUNG,SAMSUNG RT47CG6636S9TR Üstten Donduruculu No-Frost  Wi-Fi E Enerji Sınıfı Üstten Donduruculu Buzdolabı Inox,1,5,Retail,47699,1,Smartevim,,0,0,0
1762358745,GSM HW,SMARTPHONES,0195950643541,166347553,APPLE,APPLE iPhone 17 8 GB 256 GB Akıllı Telefon Siyah,2,2,Retail,104999,2,Beşken elektronik,,0,243,6
1650593794,GSM HW,SMARTPHONES,4894947070952,166448659,TECNO,TECNO Camon 40 Pro 5G 8 GB 256 GB Akıllı Telefon Kozmik Siyah,1,1,Retail,25099,1,CepHane Teknoloji,,0,0,0
1845552880,SDA,EPILATOR & OTHER HAIR REMOVAL,8720689031301,180173390,PHILIPS,PHILIPS BRE228/05 Epilasyon Cihazı Mavi,3,5,Retail,1299,1,Koycebine,,0,0,0
1842865981,GSM Acc.,SMART WATCHES,4894461981062,168935593,TCL,TCL Movetime Family Watch MT46X Akıllı Çocuk Saati Siyah,1,33,Retail,6349,1,Teknorya,,0,0,0
1839198230,SDA,STEAM CLEANER,5035048737804,164830469,BLACK & DECKER,BLACK & DECKER BHSM168DSM-QS Gen 3.5 Steam Mop 8in1 Buharlı Temizleyici Beyaz-Mavi,1,18,Retail,6499,1,Decide,,0,0,0
1699683449,SDA,ESPRESSO MAKER & COFFEE MAKER,8720389032325,162680232,PHILIPS,PHILIPS EP5544/80 Espresso Tam Otomatik Kahve Makinesi Bronz-Siyah,4,1,Retail,39999,4,TAŞARAVM,,0,1,1
1782855428,IT HW,MONITOR,0824142373552,173907171,MSI,"MSI Pro MP242A E2 1920x1080 120Hz HDMI VGA DP Adaptive Sync IPS 23,8 inç Full-HD 1 ms 120 Hz Monitör Siyah",1,52,Retail,6269,1,BETA PLUS TEKNOLOJİ,,0,0,0
1829751306,SDA,DENTAL ACCESSORIES,8700216447591,172458804,ORAL B,ORAL B iO Radiant 4'lü Diş Fırçası Yedek Başlığı,1,44,Retail,1899,1,Braun Shop,,0,0,0
1824498449,IT HW,ALL IN ONE PC,0195949596995,172600792,APPLE,APPLE iMac Retina 4.5K Chip 10 Core CPU ve 10 Core GPU 512GB SSD M4 Çip 16 GB 256 GB 24 inç Retina 4.5K display macOS All In One Bilgisayar Yeşil,1,1,Retail,134999,1,Teknopoint,,0,13,0
1812225556,Floor care,COMBI WET/DRY CLEANER,3221616142299,171378171,TEFAL,TEFAL X-Clean 10 GF7540 Şarjlı Dikey Süpürge Beyaz,2,5,Retail,24199,1,Smartevim,,0,0,0
1826346709,IT Acc.,BLUETOOTH ADAPTER,4897098683446,123023127,TP-LINK,TP-LINK UB500 Bluetooth 5.4 Nano PC Laptop Masaüstü Windows Uyumlu Plug Play USB Adaptör Siyah,4,25,Retail,984.5,3,Yedigün Bilişim,,0,0,0
1757445055,SDA,TEA MAKER,4242002906119,172369779,BOSCH,"BOSCH TTA5603 1,7 l Çay Makinesi Siyah",1,1,Retail,5498.9,1,Güreller,,0,0,0
1770234340,IT Acc.,KEYBOARD,5099206112285,171643776,LOGITECH,LOGITECH MX Keys S Gelişmiş Kablosuz Klavye Siyah,6,10,Retail,8052.74,3,UzmanlarPC,,0,0,0
1812214805,SDA,WATER DISPENSER,4242005161348,172536110,BOSCH,BOSCH RDW1572 Gizli Damacanalı Antrasit Su Sebili,2,1,Retail,19024.6,1,RAST ENTERPRISE,,0,0,0
1760901928,IT Acc.,KEYBOARD + MOUSE SETS,5099206039315,171235994,LOGITECH,LOGITECH MK270 Kablosuz Klavye Mouse Seti Siyah,6,20,Retail,1478.3,1,netsiparis,,0,0,0
1842044951,SDA,EPILATOR & OTHER HAIR REMOVAL,8720689031301,180173390,PHILIPS,PHILIPS BRE228/05 Epilasyon Cihazı Mavi,3,4,Retail,1999.99,3,Elektrotoptan,,0,0,0
1831992055,GSM Acc.,SMART WATCHES,8806097416593,168935899,SAMSUNG,SAMSUNG Galaxy Watch 8 Classic Akıllı Saat Beyaz,5,1,Retail,14899,3,ACCPAZAR,,0,1,1
1842829776,SDA,ICE-CREAM MACHINE,0622356294072,154112101,NINJA,NINJA SLUSHi™ Frozen Makinesi Gümüş-Siyah,2,1,Retail,14750,1,BiTechnology,,0,0,0
1761375623,Gaming Acc.,GAME PADS,0711719577676,153634397,SONY,SONY Playstation 5 Dualsense Kobalt Mavisi PC Kablolu ve Kablosuz Oyun Kolu Kobalt Mavisi,4,3,Retail,6459,2,BETA PLUS TEKNOLOJİ,,0,0,0
1720205342,IT HW,TABLETS,0195950086539,166015109,APPLE,APPLE iPad (A16) Wi-Fi (MD4A4TU/A) 11 inç 6 GB 128 GB Tablet Mavi,1,5,Retail,27799,1,Bittibitiyor,,0,3,3
1795396615,CE Acc.,CHARGERS,6941876228713,158457631,UGREEN,UGREEN 25871 Nexode Pro 65W GaN USB-C QC PD 2xUSB-C 1xUSB-A Hızlı Şarj Aleti Gri,1,11,Retail,3199,1,Decide,,0,0,0
1826349098,IT Acc.,KEYBOARD + MOUSE SETS,5099206077485,156391968,LOGITECH,LOGITECH MK540 Kablosuz Kablosuz Klavye ve Mouse Siyah,6,25,Retail,4145.52,5,Yedigün Bilişim,,0,0,0
1845303606,SDA,EPILATOR & OTHER HAIR REMOVAL,8720689031301,180173390,PHILIPS,PHILIPS BRE228/05 Epilasyon Cihazı Mavi,3,40,Retail,1499,2,Aypa Teknoloji,,0,0,0
1843068103,SDA,EPILATOR & OTHER HAIR REMOVAL,8700216962940,183129415,BRAUN,"BRAUN Silk·épil 3 Kablolu, Kalıcı Pürüzsüz Cilt, 3-033 Epilatör Beyaz",1,26,Retail,2649,1,Braun Shop,,0,0,0
1808262506,GSM HW,SMARTPHONES,8806097867241,172942202,SAMSUNG,SAMSUNG Galaxy S26 Ultra 5G 12 GB 512 GB Akıllı Telefon Gök Mavisi,5,1,Retail,109999,4,ÇARŞI MOBİLE,,0,2,2
1769944304,GSM HW,SMARTPHONES,8806097865353,172942190,SAMSUNG,SAMSUNG Galaxy S26+ 5G 12 GB 256 GB Akıllı Telefon Gök Mavisi,2,1,Retail,98998.9,2,Güreller,,0,0,0
1783077786,SDA,ESPRESSO MAKER & COFFEE MAKER,8693184917671,172727217,ARZUM,ARZUM OK0028 Okka Espresso Pro M Espresso Makinesi Siyah,1,2,Retail,19788,1,RAST ENTERPRISE,,0,,
1818321387,MDA,COOLING COMBI,8059019097565,162660219,HOOVER,HOOVER HOCG5T718EW1 No Frost E Enerji Sınıfı 442 l No Frost Alttan Donduruculu Buzdolabı Beyaz,3,2,Retail,42500,2,Etinova,,0,0,0
1645885099,GSM HW,SMARTPHONES,0195950627404,166347638,APPLE,APPLE iPhone 17 Pro 12 GB 256 GB Akıllı Telefon Turuncu,3,8,Retail,120699,1,CepHane Teknoloji,,0,2,2
1826343691,IT Acc.,WLAN ADAPTER & CARDS,0840030707377,102200551,TP-LINK,TP-LINK TL-UE300 USB 3.0 to Ethernet Dönüştürücü Siyah,2,10,Retail,1439.71,2,Yedigün Bilişim,,0,0,0
1828859986,IT Acc.,MEMORY CARD,0740617348408,170488068,KINGSTON,KINGSTON Canvas Select Plus Gen3 100MB/s A1 microSDXC 64 GB Hafıza Kartı,2,20,Retail,1946.66,2,Yedigün Bilişim,,0,0,1
1745511122,MDA,HOBS,8690842595882,165184648,ALTUS,ALTUS ALA 159 DB Wok Gözlü Ankastre Ocak Siyah,3,2,Retail,11912,1,Jettekno,,0,0,0
1827719296,Floor care,VACUUM CLEANER RECHARGEABLE,3221616163515,170240077,TEFAL,TEFAL X-Force Flex 16.60 Animal Aqua Şarjlı Dikey Süpürge Pembe,1,5,Retail,26499,1,Smartevim,,0,0,0
1784451504,SDA,IPL HAIR REMOVAL SYSTEMS,8700216938051,174674788,BRAUN,BRAUN PL5351 IPL Silk·expert Pro 5 Evde Lazerle Tüy Alma Çanta Gillette Venus 3 Başlık IPL Lazer Epilasyon Cihazı Beyaz,1,199,Retail,26999,1,Braun Shop,,0,1,1
1771655181,IT Acc.,INK CARTRIDGE & TONER,4549292041767,152927829,CANON,CANON GI-490M Mürekkep baskı Magenta,4,1,Retail,704.4,1,Kraft Online,,0,0,1
1760900627,IT Acc.,INK CARTRIDGE & TONER,4549292041767,152927829,CANON,CANON GI-490M Mürekkep baskı Magenta,4,92,Retail,713.6,2,netsiparis,,0,0,1
1746664408,SDA,ESPRESSO MAKER & COFFEE MAKER,4063676608365,162146025,TCHIBO,TCHIBO Cafissimo Pure Plus Kapsüllü Kahve Makinesi Kırmızı,1,2,Retail,8890,1,RAST ENTERPRISE,,0,0,0
1780554787,IT HW,MONITOR,4711636121200,173727618,ASUS,"ASUS ROG Strix XG27ACMES 255Hz Adaptive Sync Fast IPS Pivot 27 inç 2K UltraWide QHD 0,3 ms 255 Hz Gaming Monitör Siyah",2,165,Retail,15729,1,BETA PLUS TEKNOLOJİ,,0,2,1
1789302383,CE Acc.,USB CABLE,8801643993566,147200181,SAMSUNG,SAMSUNG EP-DA705 Type-C Şarj Kablosu Siyah,1,188,Retail,949,1,ScHitec,,0,1,1
1828884674,IT Acc.,WLAN ROUTER,6935364088804,117004347,TP-LINK,TP-LINK TL-MR100 300Mbps 4G LTE Wireless 2 Port 300 Mbit/s MIMO Router,3,25,Retail,4432.54,3,Yedigün Bilişim,,0,0,0
1761200839,SDA,BEARD TRIMMER,8700216429016,172815516,BRAUN,"BRAUN AIO7540 Hepsi Bir Arada Series 7 11'i 1 Arada Tıraş Kiti Siyah, Lacivert",2,97,Retail,3299,2,Braun Shop,,0,1,1
1834100291,IT Acc.,WLAN ROUTER,6935364088804,117004347,TP-LINK,TP-LINK TL-MR100 300Mbps 4G LTE Wireless 2 Port 300 Mbit/s MIMO Router,3,20,Retail,4432.54,2,Yedigün Bilişim,,0,0,0
1755472706,Household,PANS,8680215492016,171870268,LAVA,LAVA Döküm Dikdörtgen Döküm Demir Yekpare Çift Kulplu Ölçü 26x32 CM 30 inç Izgara Tava Siyah,2,8,Retail,2199,2,fitfiyathome,,0,63,3
1774403343,IT Acc.,BAGS FOR NOTEBOOKS,0198122966899,154139627,HP,"HP A2CE1AA Travel Plus 16,1 inç Laptop Çantası Mavi - Grafit",1,7,Retail,2652.77,1,İndeo Kurumsal,,0,0,0
1821429479,IT Acc.,SWITCHES,6935364089085,135053124,TP-LINK,TP-LINK LS1008 8 Switch Beyaz,4,5,Retail,1065.12,3,Yedigün Bilişim,,0,,
1761377892,IT Acc.,PC CHASSIS / HOUSING,4711377365758,168287486,MSI,MSI MAG PANO 130R PZ Bilgisayar Kasası,3,3,Retail,5339,2,BETA PLUS TEKNOLOJİ,,0,0,0
1834059213,Photo,DRONES,6937224131774,166790202,DJI,DJI NEO 2 FLY MORE COMBO Drone Gri,4,7,Retail,25999,1,Nova Fotoğraf,,0,0,0
1821423772,Innovations,POWER STATIONS,6937224115156,158331565,DJI,DJI Power 1000 V2 Taşınabilir Güç Kaynağı Siyah,2,1,Retail,48499,2,DFN,,0,,
1736921550,CE Acc.,TRUE WIRELESS HEADPHONES,8887910060902,160713155,RAZER,"RAZER Barracuda X Chroma Phantom Edition Kablolu ve Kablosuz, Bluetooth Kulak Üstü Kulaklık Yeşil",2,2,Retail,9499,2,Teknorya,,0,0,0
1770234252,IT HW,MONITOR,4711387984710,161071125,ASUS,"ASUS TUF Gaming VG259QMR5A IPS LED 24,5 inç Full-HD 0,3 ms 60 Hz Monitör Siyah",4,20,Retail,14218.43,4,UzmanlarPC,,0,0,0
1727041022,Floor care,OTHER FLOOR CARE DEVICES,5011423085975,160808446,PHILIPS,PHILIPS XV5113/01 OneUp 5000 Serisi Elektrikli Mop,4,1,Retail,19499,4,ONETRADE,,0,0,0
1840723291,Floor care,ROBOT VACUUM CLEANERS,5025155121962,169082699,DYSON,DYSON Spot+Scrub Ai Islak ve Kuru Temizleme Özellikli Robot Süpürge Siyah,1,55,Retail,89999,1,BiTechnology,,0,0,0
1770235503,IT Acc.,INK CARTRIDGE & TONER,0196548611102,168512857,HP,HP 938 Orijinal Toner Fused Deposition Modeling (FDM) Toner Cam Göbeği,4,10,Retail,2074.29,4,UzmanlarPC,,0,0,0
1827721045,Floor care,VACUUM CLEANER,3221616106864,173220026,TEFAL,TEFAL TW7976 Toz Torbasız Elektrikli Süpürge Siyah,1,5,Retail,14299,1,Smartevim,,0,0,0
1821429478,IT Acc.,SWITCHES,6935364089085,135053124,TP-LINK,TP-LINK LS1008 8 Switch Beyaz,4,20,Retail,1016.8,2,Yedigün Bilişim,,0,,
1834026526,SDA,IPL HAIR REMOVAL SYSTEMS,8720689047692,171748928,PHILIPS,"PHILIPS Lumea BRI950/02 IPL Epilasyon Aleti Beyaz, Rose",7,2,Retail,19999,4,Ab-Store,,0,0,0
1846377362,GSM HW,SMARTPHONES,6932554491543,169130258,XIAOMI,XIAOMI Redmi Note 15 Pro 5G 8 GB 256 GB Akıllı Telefon Buz Mavisi,2,5,Retail,28699,1,Bittibitiyor,,0,0,0
1832731983,SDA,EPILATOR & OTHER HAIR REMOVAL,7500435225038,155704540,BRAUN,BRAUN SE 5050 SILK-ÉPIL 5 Epilatör Islak ve Kuru Epilasyon Cihazı Pembe,2,343,Retail,3999,2,Braun Shop,,0,2,2
1836190128,GSM Acc.,SMART WATCHES,8694470005034,168981996,TTEC,TTEC 2KSW03P Kidi Pro Amoled Ekranlı GPS 4G Sim Kartlı Akıllı Saat Pembe,1,1000,Retail,8499,1,BlueGo,,0,0,0
1824350038,Smart Home,SMART HOME IP CAMERAS,6941545639260,154137702,EZVIZ,EZVIZ CS-HB8C/SP 4MP Evet Güvenlik Kamerası Beyaz,1,81,Retail,5099,1,Just Original,,0,0,0
1840724812,SDA,HAIR STRAIGHTENER & CRIMPER,0622356360074,166759019,SHARK,SHARK Glam 5 Başlıklı Düz Dalgalı ve Bukleli Çok Amaçlı Saç Şekillendirici Altın,1,1,Retail,29999,1,BiTechnology,,0,0,0
1792493575,SDA,HAIR DRYER,8690842554803,153591727,GRUNDIG,GRUNDIG HD 2261 Seyahat Tipi 1600 W Saç Kurutma Makinesi Yeşil,1,13,Retail,2850,1,ADA BEYAZ ESYA,,0,0,0
1820549632,SDA,IPL HAIR REMOVAL SYSTEMS,8700216938341,174674774,BRAUN,"BRAUN PL5251 IPL Silk·expert Pro 5 Evde Lazerle Tüy Alma Çanta, Gillette Venus 2 Başlık IPL Lazer Epilasyon Cihazı Beyaz",2,1,Retail,31999,2,Göksu Teknoloji,,0,3,3
1760892572,IT HW,PRINTERS,4549292242140,168010845,CANON,CANON i-SENSYS MF664Cdw Çok Fonksiyonlu Lazer Yazıcı,5,5,Retail,19619.6,1,netsiparis,,0,2,2
1774326566,IT HW,PRINTERS,4549292245998,155838660,CANON,CANON Maxify BX110 Wi-Fi Mürekkep Püskürtmeli Taşınabilir Yazıcı,4,7,Retail,19937.9,2,Kraft Online,,0,3,0
1771169410,IT Acc.,MOUSE,4058154125274,153344959,LOGITECH,LOGITECH M330 Silent Plus Kablosuz Mouse Kırmızı,5,1,Retail,1290.5,2,Kraft Online,,0,0,0
1782628264,SDA,ESPRESSO MAKER & COFFEE MAKER,8720389064807,170668325,PHILIPS,PHILIPS 8000 Serisi LatteGo Pro Café Aromis EP8757/20 Tam Otomatik Kahve Makinesi Gri,2,2,Retail,50999,1,RAST ENTERPRISE,,0,0,0
1794262731,MDA,REFRIGERATOR,6901018098161,173294096,HAIER,HAIER HDR5818DNSS 640 L No Frost D Enerji Sınıfı Alttan Donduruculu Buzdolabı Inox,1,5,Retail,64899,1,Smartevim,,0,0,0
1770235877,IT Acc.,INK CARTRIDGE & TONER,4549292016970,171581994,CANON,CANON PG-46 Kartuş Mürekkep baskı Siyah,5,20,Retail,1122.5,3,UzmanlarPC,,0,0,0
1774813097,Floor care,VACUUM CLEANER RECHARGEABLE,4066529122827,172621966,KÄRCHER,KÄRCHER KVA 2 Şarjlı Dikey Süpürge Beyaz,2,2,Retail,15644,2,RAST ENTERPRISE,,0,0,0
1834002624,IT Acc.,PC POWER SUPPLY,4711377126632,164023547,MSI,MSI MAG A550BNL 550W 80+ 550 W Güç Kaynağı Siyah,3,15,Retail,3734.75,3,Yedigün Bilişim,,0,20,3
1836452168,IT Acc.,SWITCHES,6935364089085,135053124,TP-LINK,TP-LINK LS1008 8 Switch Beyaz,4,18,Retail,1074.42,4,Yedigün Bilişim,,0,,
1770235453,IT Acc.,MEMORY CARD,0740617348507,161621594,KINGSTON,KINGSTON Canvas Select Plus Gen3 A1 microSDXC 256 GB Hafıza Kartı,2,20,Retail,3225.04,1,UzmanlarPC,,0,0,0
1699585958,SDA,HAND MIXER & HAND BLENDER,8682511901315,162143498,FAKIR,FAKIR Mr.Chef Quadro 1000 W Blender Seti Gri,2,3,Retail,4999,1,TAŞARAVM,,0,1,1
1844127401,SDA,HAIR STRAIGHTENER & CRIMPER,8720689000185,153635551,PHILIPS,PHILIPS BHH885/00 Saç Düzleştirici Fırça Siyah,4,20,Retail,3299,1,Makroreyon,,0,0,0
1812219000,Floor care,VACUUM CLEANER RECHARGEABLE,3221616112582,159336386,TEFAL,TEFAL TY9AC X Force Flex 13.60 Allergy Aqua Aerospin Şarjlı Dikey Süpürge Mavi,1,5,Retail,15999,1,Smartevim,,0,0,0
1844442374,Floor care,VACUUM CLEANER,8710103904168,165148812,PHILIPS,PHILIPS Marathon Ultimate XB9185/07 899 W Toz Torbasız Süpürge Yeşil,6,1,Retail,18990,3,RAST ENTERPRISE,,0,4,4
1826224554,IT Acc.,WLAN ROUTER,4251877271772,143918914,TP-LINK,TP-LINK Archer VX1800V 1800 Mbps VDSL2 Modem 4 Port 1800 Mbit/s MU-MIMO Router,6,10,Retail,7182.33,6,Yedigün Bilişim,,0,0,0
1755329181,TV,TELEVISION,8682655704230,170715005,ONVO,ONVO 75VQ90F3UA Google 75 inç 190 cm Dahili Uydu Alıcılı 4K UHD SMART TV TV,5,50,Retail,43139,2,Yörük Toptan,,0,0,0
1829958353,SDA,WATER KETTLE,8697975601145,153593180,TEFAL,TEFAL Magic Tea XL 1650 W 1.8 l Çay Makinesi Inox,2,15,Retail,7999,2,BiggShop,,0,0,0
1756707509,IT Acc.,KEYBOARD,8887910073698,172383141,RAZER,RAZER Huntsman V3X TNKY Kablolu Klavye Siyah,2,17,Retail,5489,2,BETA PLUS TEKNOLOJİ,,0,,
1808261749,GSM HW,SMARTPHONES,8806097867234,172942208,SAMSUNG,SAMSUNG Galaxy S26 Ultra 5G 16 GB 1 TB Akıllı Telefon Gök Mavisi,2,1,Retail,129999,1,ÇARŞI MOBİLE,,0,0,0
1826349148,IT Acc.,WLAN ROUTER,6935364089689,143586909,TP-LINK,"TP-LINK Archer VR400 Kablosuz 4 Port 1000 Mbit/s MU-MIMO, MIMO Router",3,5,Retail,4825.04,3,Yedigün Bilişim,,0,0,0
1827709696,IT Acc.,WLAN ADAPTER & CARDS,0840030701047,123746477,TP-LINK,TP-LINK Archer T3U Plus 1300 Mbps Kablosuz USB Adaptör Siyah,1,10,Retail,1942.3,1,Yedigün Bilişim,,0,0,0
1748164084,GSM HW,SMARTPHONES,8806097660842,166767228,SAMSUNG,SAMSUNG Galaxy A17 5G 8 GB 256 GB Akıllı Telefon Siyah,5,19,Retail,18999,3,Güreller,,0,2,2
1843254326,Pet Care,PET HYGIENE / SANITARY PROTECTION,6975069304892,158199499,PETKIT,PETKIT Purobot Ultra İçin Etkili Koku Kontrolü 3'lü Yedek Halka Seti Bej,1,10,Retail,1499,1,FırsatKurdu,,0,0,0
1821322144,Photo,GIMBALS,6937224126817,166784248,DJI,DJI Osmo Mobile 8 Gimbal Siyah,2,1,Retail,9999,2,DFN,,0,1,0
1811333535,GSM Acc.,SMART WATCHES,4894461901121,168934940,TCL,TCL MT42X Movetime Çocuk Saati Pembe,1,91,Retail,7999,1,Teknorya,,0,,
1747350909,IT HW,MONITOR,8806095535388,164560936,SAMSUNG,SAMSUNG Odyssey G3 LS27DG302EUXUF FHD (HDMI+DP) Pivot 27 inç Full-HD 1 ms 180 Hz Gaming Monitör Siyah,3,875,Retail,6699,1,TechBurada,,0,0,0
1760907065,TV,VIDEO PROJECTOR,8715946738857,168422975,EPSON,EPSON TW850 Full HD Kablosuz Projeksiyon Cihazı Beyaz,2,5,Retail,43588.6,1,netsiparis,,0,0,0
1815475349,CE Acc.,POWERBANKS,0745883916191,168181947,BELKIN,BELKIN BoostCharge Dijital Ekranlı 20W Hızlı Şarj 10000 mAh Powerbank Beyaz,1,8,Retail,1799,1,Nethouse,,0,0,0
1716024678,GSM Acc.,COVER & CASE (TELECOM),6944629196116,169185616,PIILI,PIILI Knit Kevlar iPhone 17 Telefon Kılıfı Beyaz,1,10,Retail,2999,1,Piili,,0,,
1828589109,IT Acc.,CABLES & ADAPTERS,6935364072667,123432478,TP-LINK,TP-LINK Archer T3U 1300 Mbps Kablosuz USB Adaptör Siyah,3,25,Retail,1837.63,3,Yedigün Bilişim,,0,0,0
1828882394,IT Acc.,WLAN ROUTER,0810111420822,107835339,TP-LINK,TP-LINK Archer AX53 Dual Band Wi-Fi 6 Kablosuz 5 Port 2402 Mbit/s MIMO Router,5,4,Retail,4868.66,5,Yedigün Bilişim,,0,0,0
1813991818,CE Acc.,TRUE WIRELESS HEADPHONES,1200130030000,171302523,JBL,JBL Tune 530BT Multi Connect Bluetooth Kablosuz Kulak Üstü Kulaklık Mor,1,10,Retail,2890,1,Luxury Audio,,0,1,1
1790569959,GSM Acc.,"HOLDERS (HOME, CAR, SELFIE, BIKE)",6944629189118,173574487,PIILI,PIILI P-K7 Güvenli & Pratik Manyetik Araç Telefon Tutucu,1,71,Retail,2399,1,Piili,,0,0,0
1836446468,IT Acc.,HARD DISK (EXTERNAL),3660619040247,100408537,SEAGATE,SEAGATE STKM2000400 2 TB Harici Hard Disk Siyah,4,18,Retail,11323.22,4,Yedigün Bilişim,,0,0,0
1784057637,IT Acc.,BAGS FOR NOTEBOOKS,6944629199131,172296048,PIILI,PIILI Macbook Air 2022 Uyumlu Hardshell Mat Kapak 13 inç Laptop Kılıfı Siyah,1,5,Retail,2799,1,Piili,,0,0,0
1828766589,IT Acc.,MEMORY CARD,0619659185077,121698466,SANDISK,SANDISK Ultra 100MB/S SDSQUNR-064G-GN3MN microSD 64 GB Hafıza Kartı,1,20,Retail,1990.27,1,Yedigün Bilişim,,0,1,0
1761376582,IT Acc.,MAINBOARDS,4711387981016,154854210,ASUS,ASUS B850 MAX Gaming W-Fi W 8000MHz (OC) DDR5 M.2 HDMI DP B850 DDR5 ATX Anakart,1,3,Retail,13179,1,BETA PLUS TEKNOLOJİ,,0,0,0
1770235102,IT Acc.,MAINBOARDS,4711636005517,154854220,ASUS,ASUS PRIME B850M-K 8400MHz (OC) Soket AM5 M.2 HDMI DP AMD B850 DDR5 Micro ATX Anakart,4,3,Retail,9353.01,4,UzmanlarPC,,0,51,2
1798705313,Photo,DRONES,6937224131729,166790136,DJI,DJI Neo 2 Motion Fly More Combo | Türkiye Karacasulu Garantili | Drone Gri,3,1,Retail,39999,2,Aypa Teknoloji,,0,0,0
1826278808,IT Acc.,USB STICK,0619659142056,125247036,SANDISK,SANDISK UFM Ultra Dual Drive Type-C USB 3.0 64 GB USB Bellek,1,20,Retail,1988.75,1,Yedigün Bilişim,,0,,
1630500212,CE Acc.,TRUE WIRELESS HEADPHONES,8887910061152,162245483,RAZER,RAZER BLACKSHARK V3 PRO KBS. KULAKLK SYH Kablosuz Kablosuz Kulak Üstü Oyuncu Kulaklığı Siyah,3,6,Retail,18109,3,BETA PLUS TEKNOLOJİ,,0,1,0
1728492436,Floor care,ROBOT VACUUM CLEANERS,4242005525775,167867625,BOSCH,BOSCH BCRD2W Robot Süpürge Beyaz,1,8,Retail,23999,1,Tozkoparanas,,0,0,0
1755868675,Floor care,VACUUM CLEANER RECHARGEABLE,6974653813383,164383067,ROBOROCK,ROBOROCK H60 Hub Ultra Dikey Şarjlı Kablosuz Süpürge Beyaz,2,2,Retail,29089.3,2,RAST ENTERPRISE,,0,0,0
1746664025,Floor care,ROBOT VACUUM CLEANERS,6977328069641,168537141,DREAME,DREAME D20 RLD35GA Robot Süpürge Beyaz,1,10,Retail,16289,1,Koycebine,,0,0,0
1824353361,IT HW,TABLETS,8806097804215,166538182,SAMSUNG,"SAMSUNG Galaxy Tab A11 8,7 inç 4 GB 64 GB Tablet Gri",4,1,Retail,5959,1,Başaran Ticaret,,0,1,1
1716022702,GSM Acc.,COVER & CASE (TELECOM),6944629198295,169185618,PIILI,PIILI iPhone 17 Pro Kevlar Serisi Magsafe Hasır Telefon Kılıfı Mavi,1,10,Retail,2999,1,Piili,,0,0,0
1830527614,IT Acc.,INK CARTRIDGE & TONER,4549292041781,154620520,CANON,CANON GI-490Y Mürekkep baskı Sarı,3,2,Retail,704.4,1,Kraft Online,,0,0,0
1784499556,SDA,IPL HAIR REMOVAL SYSTEMS,8700216938341,174674774,BRAUN,"BRAUN PL5251 IPL Silk·expert Pro 5 Evde Lazerle Tüy Alma Çanta, Gillette Venus 2 Başlık IPL Lazer Epilasyon Cihazı Beyaz",2,519,Retail,19999,1,Braun Shop,,0,3,3
1699854185,SDA,LADY SHAVER,4210201313908,99529998,BRAUN,BRAUN FS1000 Mini Tüy Alma Cihazı Beyaz,1,3,Retail,3297,1,TAŞARAVM,,0,0,1
1843240261,SDA,ESPRESSO MAKER & COFFEE MAKER,4013833065272,156694463,GRUNDIG,GRUNDIG KVA 7230 Espresso Makinesi Tam Otomatik Espresso Makinesi Siyah,2,1,Retail,18880,1,RAST ENTERPRISE,,0,0,0
1829119314,GSM HW,SMARTPHONES,4894947092596,171577550,INFINIX,INFINIX Hot 60 Pro+ X6886 50 MP 8 GB 256 GB Akıllı Telefon Gri,1,2,Retail,18149,1,Bittibitiyor,,0,0,0
1839291252,SDA,KITCHEN MACHINE,4242005289431,172497420,BOSCH,BOSCH MUMS2VM40 900 W Mutfak Makinesi Siyah-Gümüş,1,22,Retail,19999,1,BiTechnology,,0,0,0
1813991823,CE Acc.,TRUE WIRELESS HEADPHONES,1200130029981,171302312,JBL,JBL Tune 530BT Multi Connect Bluetooth Kablosuz Kulak Üstü Kulaklık Mavi,1,10,Retail,2890,1,Luxury Audio,,0,0,0
1825849336,Photo,BINOCULAR,0050234712347,174579463,CELESTRON,CELESTRON CL 71234 Dürbün Siyah,1,1,Retail,3187.77,1,Tekno Doğa,,0,,
1844456259,Floor care,COMBI WET/DRY CLEANER,3121040096840,173220021,TEFAL,TEFAL Clean It Compact IN3020 Halı yıkama makinesi Yeşil,2,5,Retail,7799,1,Smartevim,,0,0,0
1761746859,CE Acc.,POWERBANKS,6944629191777,172941003,PIILI,PIILI Mag Ring Stand P-PB8 10.000 mAh Powerbank Gri,1,10,Retail,3999,1,Piili,,0,0,0
1759750615,CE Acc.,ADAPTERS,8806095471761,172584709,SAMSUNG,SAMSUNG EP-T4511X Type-C Süper Hızlı Şarj Adaptörü,2,2,Retail,3298.9,1,Güreller,,0,0,0
1769942859,GSM HW,SMARTPHONES,8806097867234,172942208,SAMSUNG,SAMSUNG Galaxy S26 Ultra 5G 16 GB 1 TB Akıllı Telefon Gök Mavisi,2,1,Retail,153448.9,2,Güreller,,0,0,0
1842305517,SDA,HAIR STRAIGHTENER & CRIMPER,8690842370946,171251873,GRUNDIG,GRUNDIG HS 7031 Botanika Biberiye Yağı Kaplı Plakalı Iyonik Saç Düzleştirici Yeşil,2,1,Retail,1990,2,RAST ENTERPRISE,,0,0,0
1818753228,MDA,WASHING MACHINE,8806095994000,172602108,SAMSUNG,SAMSUNG WW90DG6U25LEAH A Enerji Sınıfı 9 kg Çamaşır Makinesi Beyaz,2,1,Retail,41999,2,RAST ENTERPRISE,,0,0,0
1792851818,MDA,FREEZER & CHEST FREEZER,8690842649783,171055926,ALTUS,ALTUS AL 309 NE E Enerji Sınıfı 3 Bölmeli Derin Dondurucu Beyaz,1,5,Retail,16999,1,Makroreyon,,0,0,0
1811762875,IT Acc.,MAIN MEMORY,4713294233967,169120501,GSKILL,"GSKILL Gskıll Ripjaws S5 6000MHZ CL36  (36-36-36-96) 1,35V RAM",3,100,Retail,20249,2,Lowell Teknoloji,,0,0,0
1826659338,GSM HW,SMARTPHONES,4894947089558,163887326,TECNO,TECNO Spark Go 2 4 GB 128 GB Akıllı Telefon Siyah,4,1,Retail,9189,1,Başaran Ticaret,,0,2,2
1762315419,GSM HW,SMARTPHONES,6932554456368,164309016,XIAOMI,XIAOMI Redmi 15C 8 GB 256 GB Akıllı Telefon Siyah,3,2,Retail,14999,2,Beşken elektronik,,0,513,60
1843231398,SDA,VENTILATOR,6975061533962,168833040,JISULIFE,JISULIFE Handheld Fan Pro1S  5000mah Taşınabilir Akıllı El Fanı Gri,3,5,Retail,3299,3,NEONBİL,,0,80,2
1834516352,CE Acc.,TRUE WIRELESS HEADPHONES,0711719598275,168924067,SONY,SONY 5 Pulse Elite (Bilkom Garantili) Kılıf ve Kablolu ve Kablosuz Kulak Üstü Kulaklık Beyaz,1,19,Retail,11999,1,BLACKBOX,,0,0,1
1736921586,CE Acc.,TRUE WIRELESS HEADPHONES,8887910060926,168305970,RAZER,RAZER Barracuda X Chroma Phantom Edition Kablosuz Kulak Üstü Kulaklık Beyaz,1,8,Retail,7999,1,Teknorya,,0,0,0
1808203864,IT Acc.,STEERING WHEEL,6973137270414,170613383,MOZA,MOZA SR-P Lite Pedal Aksesuar Kiti,1,88,Retail,2999,1,BLACKBOX,,0,0,0
1828565723,IT HW,PRINTERS,4549292242140,168010845,CANON,CANON i-SENSYS MF664Cdw Çok Fonksiyonlu Lazer Yazıcı,5,20,Retail,26785.84,4,Yedigün Bilişim,,0,2,2
1735776262,Gaming Acc.,GAMING MOUSE PAD,8886419319931,170241987,RAZER,RAZER Firefly V2 Pro Phantom Edition Mousepad Beyaz,3,3,Retail,8639,1,BETA PLUS TEKNOLOJİ,,0,0,0
1813991824,CE Acc.,TRUE WIRELESS HEADPHONES,1200130029967,171301594,JBL,JBL Tune 530BT Multi Connect Bluetooth Kablosuz Kulak Üstü Kulaklık Siyah,1,10,Retail,2890,1,Luxury Audio,,0,0,0
1756221414,SDA,SHAVER,8700216554893,172294496,BRAUN,BRAUN 9675cc Series 9 Pro Islak Kuru Tıraş Makinesi Metal,1,88,Retail,25999,1,Braun Shop,,0,0,0
1826278813,IT Acc.,USB STICK,0619659115906,136782708,SANDISK,SANDISK SDCZ600-G35 Cruzer Glide USB 3.0 64 GB USB Bellek,1,20,Retail,1330.99,1,Yedigün Bilişim,,0,0,0
1761746784,CE Acc.,POWERBANKS,6944629191654,172941022,PIILI,PIILI Voltpad P-PB6 Taşınabilir Şarj 5.000 mAh Powerbank Altın,1,10,Retail,3699,1,Piili,,0,0,0
1828859982,IT Acc.,USB STICK,0619659115913,136782707,SANDISK,SANDISK SDCZ600-G35 Cruzer Glide USB 3.0 128 GB USB Bellek,1,20,Retail,1924.85,1,Yedigün Bilişim,,0,,
1830520722,IT Acc.,HARD DISK (INTERNAL),0887276429595,172905475,SAMSUNG,SAMSUNG 870 Evo MZ-77E1T0BW 560 MB/s-530 MB/s SATA 6 Gbit/s 1 TB SSD,5,3,Retail,18982.8,2,Kraft Online,,0,225,5
1798669909,SDA,AIR CONDITIONING,8806095912264,173632382,SAMSUNG,SAMSUNG Windfree Premium AR60F12C1KW/SK 12000 Btu A++ Enerji Sınıfı Inverter Duvar Tipi Klima Beyaz,1,15,Retail,29999,1,EPATeknoloji,,0,0,0
1822167520,Gaming Acc.,GAME PADS,0711719020943,173219107,SONY,"SONY Playstation 5 DualSense PC, PlayStation 5 Kablolu ve Kablosuz Oyun Kolu Mavi",3,5,Retail,6999,3,ONETRADE,,0,0,0
1836452154,IT Acc.,INK CARTRIDGE & TONER,4549292016970,171581994,CANON,CANON PG-46 Kartuş Mürekkep baskı Siyah,5,4,Retail,1658.36,5,Yedigün Bilişim,,0,0,0
1646965485,GSM HW,SMARTPHONES,0195950628807,166347666,APPLE,APPLE iPhone 17 Pro 12 GB 1 TB Akıllı Telefon Derin Mavi,1,1,Retail,142999,1,CepHane Teknoloji,,0,4373,68
1831681622,GSM HW,SMARTPHONES,8806097425007,167997743,SAMSUNG,SAMSUNG Galaxy Z Fold 7 5G 12 GB 256 GB Akıllı Telefon Gece Siyahı,2,1,Retail,111999,2,KEA Ev Aletleri,,0,0,0
1777623594,Floor care,VACUUM CLEANER,8710103904151,168803576,PHILIPS,PHILIPS XB9155/07 900 W Marathon Ultimate Toz Torbasız Süpürge Mor,3,17,Retail,16749,2,Makroreyon,,0,1,1
1775411862,Floor care,VACUUM CLEANER,8720389042096,164938546,PHILIPS,PHILIPS Aqua Trio 7000 Seri XW7263/11 Islak & Kuru Temizlik Kablosuz Şarjlı Dikey Süpürge Siyah,3,2,Retail,19895.16,1,RAST ENTERPRISE,,0,0,0
1834042101,Photo,DRONES,6937224140714,175175506,DJI,DJI RC-N3 Lito X1 Fly More Combo Drone Gri,1,4,Retail,37499,1,Nova Fotoğraf,,0,0,0
1752088734,IT Acc.,WLAN ROUTER,6957939001711,153551748,MERCUSYS,"MERCUSYS MR27BE Kablolu , Kablosuz 4 Port 1 Gbit/s MIMO Router",3,34,Retail,2799,1,Lucky Trend,,0,0,0
1755639677,Gaming Acc.,GAMING MOUSE PAD,8886419319931,170241987,RAZER,RAZER Firefly V2 Pro Phantom Edition Mousepad Beyaz,3,4,Retail,8999,2,Nethouse,,0,0,0
1843659163,Pet Care,PET TRAINING / CONTROL AIDS,6931580104069,172663320,PETKIT,PETKIT Ledli Köpek Tasması Beyaz 3 m,1,32,Retail,2099,1,FırsatKurdu,,0,,
1770236436,IT Acc.,KEYBOARD + MOUSE SETS,5099206087309,172385688,LOGITECH,LOGITECH MK470 Kablosuz Kablosuz Klavye ve Mouse Beyaz,6,10,Retail,3964.86,3,UzmanlarPC,,0,0,0
1770979909,IT Acc.,KEYBOARD + MOUSE SETS,5099206033641,172385682,LOGITECH,LOGITECH MK330 Bluetooth Klavye ve Mouse seti Siyah,8,25,Retail,2023.6,4,Kraft Online,,0,0,0
1826278811,IT Acc.,USB STICK,0619659143459,136782662,SANDISK,SANDISK SDCZ600-256G-G35 USB 3.0 256 GB USB Flash Bellek,2,20,Retail,3204.27,1,Yedigün Bilişim,,0,0,0
1814544512,GSM HW,SMARTPHONES,8806097662228,164308441,SAMSUNG,SAMSUNG Galaxy S25 FE 8 GB 256 GB Akıllı Telefon Gece Siyahı,3,1,Retail,42499,2,Başaran Ticaret,,0,7,7
1833704997,GSM Acc.,SMART WATCHES,8681705046597,168982062,BILICRA,BILICRA Connect Akıllı Çocuk Saati Siyah,1,9,Retail,8432,1,CepHane Teknoloji,,0,,
1811889787,CE Acc.,TRUE WIRELESS HEADPHONES,6941876240173,168812172,UGREEN,UGREEN HITUNE MAX2 YAPAY ZEKA DESTEKLI GURULTU ENGELLEYIC Kablosuz Bluetooth Kulak Üstü Kulaklık Beyaz,1,55,Retail,1859,1,Decide,,0,0,0
1761374912,IT HW,MONITOR,4711387959220,161775296,ASUS,ASUS TUF GAMING VG279Q5R 27 FAST IPS 27 inç Full-HD 1 ms 200 Hz Gaming Monitör Siyah,3,1,Retail,10810.5,2,netsiparis,,0,0,0
1842342769,SDA,CONTACT GRILL,8690842226083,168500721,GRUNDIG,GRUNDIG CG 7981 Delisia 2000W Tost Makinesi Koyu Inox,1,1,Retail,6890,1,RAST ENTERPRISE,,0,0,0
1822168236,Gaming Acc.,GAME PADS,0711719577676,153634397,SONY,SONY Playstation 5 Dualsense Kobalt Mavisi PC Kablolu ve Kablosuz Oyun Kolu Kobalt Mavisi,4,5,Retail,6999,4,ONETRADE,,0,0,0
1842646694,SDA,STEAM IRON,8710103923879,153566024,PHILIPS,PHILIPS GC810/20 Buharlı Dikey Ütü Siyah,2,1,Retail,6669,1,RAST ENTERPRISE,,0,155,8
1759161623,SDA,HAIR TRIMMER,8700216427906,172537632,BRAUN,"BRAUN BT3560 Sakal Düzeltici Series 3, +5 Aksesuar Tıraş Makinesi Gri",2,37,Retail,1899,1,Braun Shop,,0,1,1
1826278815,IT Acc.,USB STICK,0619659115890,136911559,SANDISK,SANDISK SDCZ600 032G G35 USB 3.0 32 GB USB Bellek,1,20,Retail,1360.34,1,Yedigün Bilişim,,0,,
1808262587,GSM HW,SMARTPHONES,8806097866411,172942193,SAMSUNG,SAMSUNG Galaxy S26 Ultra 5G 12 GB 512 GB Akıllı Telefon Beyaz,4,1,Retail,109999,3,ÇARŞI MOBİLE,,0,3,3
1770234283,IT Acc.,HARD DISK (INTERNAL),4582563859982,155067872,KIOXIA,KIOXIA Exceria Plus G4 LVD10Z002TG8 PCI-Express 5.0 M.2 2 TB SSD,5,10,Retail,22477.83,4,UzmanlarPC,,0,0,0
1826334747,IT Acc.,HARD DISK (INTERNAL),8806094215021,100234464,SAMSUNG,SAMSUNG 990 Pro Nvme 2.0 MZ-V9P1T0BW M.2 via NVMe 1 TB Dahili SSD Disk,9,10,Retail,22484.48,7,Yedigün Bilişim,,0,211,10
1842610943,GSM HW,SMARTPHONES,0195950622829,166438378,APPLE,APPLE iPhone Air 12 GB 256 GB Akıllı Telefon Bulut Beyazı,2,2,Retail,98879,1,Bittibitiyor,,0,0,0
1674441983,GSM HW,SMARTPHONES,0195950628005,166347639,APPLE,APPLE iPhone 17 Pro 12 GB 512 GB Akıllı Telefon Turuncu,2,5,Retail,140999,2,Bittibitiyor,,0,0,0
1792813963,CE Acc.,TRUE WIRELESS HEADPHONES,6941876247851,158697525,UGREEN,"UGREEN HITUNE S3 TRUE CLIP KABLOSUZ KULAK ICI KULAKLIK, S Kablolu ve Kablosuz Bluetooth Kulak İçi Kulaklık Siyah",1,55,Retail,2099,1,Decide,,0,0,0
1760900474,IT HW,MONITOR,4711387957974,158331549,ASUS,"ASUS TUF GAMING VG32VQM5B 31.5 FAST VA KAVISLI 31,5 inç Full-HD 0,5 ms 250 Hz Gaming Monitör Siyah",4,7,Retail,16042.8,2,netsiparis,,0,0,0
1743948176,MDA,HOBS,8690842595882,165184648,ALTUS,ALTUS ALA 159 DB Wok Gözlü Ankastre Ocak Siyah,3,1,Retail,13342,3,Akpa DTM,,0,0,0
1844417579,CE Acc.,CHARGING CABLE,0195949087714,153940879,APPLE,APPLE MUQW3ZM/A Lightning to USB 1 m Şarj ve Data Kablosu Beyaz,1,1,Retail,1699,1,İZİ TEKNOLOJİ,,0,0,0
1841231842,Photo,DRONES,6937224146839,175173914,DJI,DJI RC-N3 Lito 1 Fly More Combo Drone Gri,1,2,Retail,31999,1,Nova Fotoğraf,,0,0,0
1698117973,SDA,SHAVER,8720689008105,156474568,PHILIPS,PHILIPS Shaver Series 5000 S5445/03 Tıraş Makinesi Koyu Mavi,3,5,Retail,6999,3,TAŞARAVM,,0,0,0
1714723444,Photo,CAR CAMERAS,6971669784713,169120728,70MAI,70MAI Dashcam A800SE Ön Kamera +RC22 Arka Araç Kamerası,1,20,Retail,6499,1,70mai Türkiye,,0,43,1
1760901226,IT Acc.,INK CARTRIDGE & TONER,0193905429462,157835875,HP,HP 653 Orijinal Kartuş Mürekkep baskı Toner Siyah,1,100,Retail,1039.2,1,netsiparis,,0,0,1
1764701108,IT HW,TABLETS,0195950395471,172796543,APPLE,"APPLE Apple iPad Pro M5 Wi-Fi 256GB 11"" Standart Cam - Uzay Siyahı MDWK4TU/A 11,0 inç 12 GB 256 GB Tablet Space Black",1,1,Retail,72999,1,Directsales,,0,,
1762914228,IT HW,TABLETS,8806097860136,171971990,SAMSUNG,"SAMSUNG Tab A11+ SM-X230NZSPTUR 11,0 inç 8 GB 256 GB Tablet Gümüş",1,1,Retail,13999,1,Beşken elektronik,,0,0,0
1760907016,IT HW,PRINTERS,8715946702926,171270356,EPSON,EPSON L8050 EcoTank Renkli Tanklı Fotoğraf Yazıcısı,1,94,Retail,23154.8,1,netsiparis,,0,0,0
1759801038,SDA,WATER DISPENSER,4242005161348,172536110,BOSCH,BOSCH RDW1572 Gizli Damacanalı Antrasit Su Sebili,2,16,Retail,19789,2,Güreller,,0,0,0
1842306965,SDA,HAIR STRAIGHTENER & CRIMPER,8690842425356,173512087,GRUNDIG,GRUNDIG HS 7034 İyonik Seramik Saç Düzleştirici Siyah,1,1,Retail,1890,1,RAST ENTERPRISE,,0,0,0
1617765551,IT Acc.,PC POWER SUPPLY,4711377126632,164023547,MSI,MSI MAG A550BNL 550W 80+ 550 W Güç Kaynağı Siyah,3,100,Retail,2380,1,Tekramarket,,0,20,3
1630397582,GSM HW,SMARTPHONES,0195950051223,154846417,APPLE,APPLE iPhone 16E 8 GB 128 GB Akıllı Telefon Beyaz,3,10,Retail,54399,1,CepHane Teknoloji,,0,2,22
1808240121,GSM HW,SMARTPHONES,6932554454869,167803942,XIAOMI,XIAOMI Redmi 15 8 GB 256 GB Akıllı Telefon Titan Grisi,4,1,Retail,16899,2,Güzel Teknoloji,,0,0,0
1596457851,IT HW,MONITOR,4711387957974,158331549,ASUS,"ASUS TUF GAMING VG32VQM5B 31.5 FAST VA KAVISLI 31,5 inç Full-HD 0,5 ms 250 Hz Gaming Monitör Siyah",4,16,Retail,13239,1,BETA PLUS TEKNOLOJİ,,0,0,0
1756329713,Floor care,VACUUM CLEANER,8710103904168,165148812,PHILIPS,PHILIPS Marathon Ultimate XB9185/07 899 W Toz Torbasız Süpürge Yeşil,6,53,Retail,18599,2,Premiumsepet,,0,4,4
1813612490,SDA,MULTIGROOMER,3121040092859,159493724,ROWENTA,ROWENTA TN9444E0 Multigroomer 15'i 1 Arada Tıraş Makinesi Yeşil-Gri,1,20,Retail,2649,1,Smartevim,,0,0,0
1755348826,SDA,SHAVER,8700216735940,165624507,BRAUN,BRAUN 3 Serisi 310BT 3'ü 1 Arada Tıraş Makinesi Mavi/siyah,2,24,Retail,3999,1,Braun Shop,,0,0,0
1757372333,MDA,WASHING MACHINE,8806091646804,160175119,LG,LG F4V3VYW3WE B Enerji Sınıfı 9 kg Çamaşır Makinesi Beyaz,2,1,Retail,43989,2,Güreller,,0,68,0
1770235925,IT Acc.,KEYBOARD + MOUSE SETS,5099206077485,156391968,LOGITECH,LOGITECH MK540 Kablosuz Kablosuz Klavye ve Mouse Siyah,6,20,Retail,3514.01,3,UzmanlarPC,,0,0,0
1844398862,GSM HW,SMARTPHONES,8806097865353,172942190,SAMSUNG,SAMSUNG Galaxy S26+ 5G 12 GB 256 GB Akıllı Telefon Gök Mavisi,2,5,Retail,73719,1,Reyontek,,0,0,0
1827720416,Floor care,VACUUM CLEANER,6221064039711,173220039,TEFAL,TEFAL TW37B1TR Compact Power Cyclonic Toz Torbasız Elektrikli Süpürge Gri-Beyaz,2,5,Retail,6259,2,Smartevim,,0,0,0
1770907003,Gaming Acc.,OTHER COMPUTER ACCESSORIES,6944629184151,173699714,PIILI,PIILI TYPE-C Ethernet JT-HUB094 Dönüştürücü Adaptör Siyah,2,10,Retail,1299,2,Piili,,0,,
1757368738,IT HW,TABLETS,8806097654919,172368279,SAMSUNG,"SAMSUNG Galaxy Tab S10 Lite SM-X400 256 GB 10.9"" Tablet Mercan 2 Yıl Samsung Türkiye Garantili 10,9 inç 8 GB 2256 GB Tablet Coralred",1,3,Retail,19999,1,Güreller,,0,765,19
1803670452,SDA,AIR CONDITIONING,8806097251552,173632368,SAMSUNG,SAMSUNG AR40F12C0AM/SK 12000 Btu A++ Enerji Sınıfı Inverter Klima Beyaz,3,2,Retail,34490,2,RAST ENTERPRISE,,0,1,1
1745351615,MDA,FITTED OVENS,8690842580185,170575945,ALTUS,ALTUS ALA 310 I 65 l Ankastre Fırın Inox,2,1,Retail,14081,2,Özdijitek,,0,0,0
1646965480,GSM HW,SMARTPHONES,0195950639056,166347554,APPLE,APPLE iPhone 17 Pro Max 12 GB 256 GB Akıllı Telefon Turuncu,4,1,Retail,135099,1,CepHane Teknoloji,,0,4,4
1834239759,MDA,DRYER,8806097064206,168131754,SAMSUNG,SAMSUNG DV10DB8440GHAH C Enerji Sınıfı 10 kg Kurutma Makinesi Beyaz,1,5,Retail,45999,1,Smartevim,,0,0,0
1842306884,Photo,DRONES,6937224142701,175182773,DJI,DJI Lito X1 Fly More Combo RC 2 Drone Gri,1,3,Retail,45999,1,Nova Fotoğraf,,0,0,0
1760724671,Hi-Fi,HIFI PHONO,8711902091271,169988856,LENCO,LENCO LS-200 Ahşap Harici Hoparlörlü Bluetooth Pikap Kahverengi,1,5,Retail,12499,1,Desibela,,0,0,0
1792981635,SDA,WATER DISPENSER,8690842296871,170715015,ALTUS,ALTUS AL-1127 Su Sebili,4,11,Retail,7999,1,Makroreyon,,0,0,0
1751269426,SDA,TEA MAKER,8691607341041,155442637,KORKMAZ,KORKMAZ A341-04 Çaykolik Paslanmaz Demlik 3 l Çay Makinesi Siyah,2,2,Retail,5361.62,2,RAST ENTERPRISE,,0,0,0
1839738813,Photo,DRONES,6937224142756,175814771,DJI,DJI Lito X1 Fly More Combo Plus (DJI RC 2) Drone Gri,2,1,Retail,49999,1,Nova Fotoğraf,,0,0,0
1784438695,GSM HW,SMARTPHONES,8806097867241,172942202,SAMSUNG,SAMSUNG Galaxy S26 Ultra 5G 12 GB 512 GB Akıllı Telefon Gök Mavisi,5,5,Retail,98499,3,Bittibitiyor,,0,2,2
1845517404,IT HW,TABLETS,0195950395693,172796540,APPLE,"APPLE MDWL4TU/A IPAD PRO 11 7.NSL M5 WIFI 256GB SLVR 11,0 inç 12 GB 256 GB Tablet Silver",1,1,Retail,77999,1,ACCPAZAR,,0,,
1834098978,IT Acc.,KEYBOARD + MOUSE SETS,5099206063945,173003259,LOGITECH,LOGITECH MK235 920-007925 Bluetooth Klavye ve Mouse Seti Siyah,8,20,Retail,2225.77,8,Yedigün Bilişim,,0,0,0
1741841323,MDA,FITTED OVENS,8690842580826,170575882,ALTUS,ALTUS ALA 322 B T3412 65 l Ankastre Fırın Siyah,2,1,Retail,19730,1,Akpa DTM,,0,0,0
1770234454,IT Acc.,PC CHASSIS / HOUSING,4711377293181,156594995,MSI,MSI MAG PANO 110R PZ Gaming Bilgisayar Kasası,3,3,Retail,6492.65,2,UzmanlarPC,,0,0,0
1826490658,IT Acc.,HARD DISK (INTERNAL),8806094215021,100234464,SAMSUNG,SAMSUNG 990 Pro Nvme 2.0 MZ-V9P1T0BW M.2 via NVMe 1 TB Dahili SSD Disk,9,3,Retail,22749.55,8,Yedigün Bilişim,,0,211,10
1825598194,GSM HW,SMARTPHONES,6932554454845,164330584,XIAOMI,XIAOMI Redmi 15 8 GB 256 GB Akıllı Telefon Siyah,4,1,Retail,16999,3,Başaran Ticaret,,0,248,13
1792966726,MDA,FREEZER & CHEST FREEZER,8690842650215,170597422,ALTUS,ALTUS AL 2104 E E Enerji Sınıfı 104 l 1 Bölmeli Sandık Tipi Derin Dondurucu Beyaz,3,1,Retail,16899,1,Makroreyon,,0,367,12
1813991836,CE Acc.,TRUE WIRELESS HEADPHONES,1200130027888,168872572,JBL,JBL Soundgear Clips True Wireless Kulak İçi Kulaklık Bakır,1,10,Retail,8790,1,Luxury Audio,,0,0,0
1789738830,Floor care,ROBOT VACUUM CLEANERS,6977328066114,168505837,DREAME,DREAME L40 Ultra CE Robot Süpürge Beyaz,1,1,Retail,42999,1,Aypa Teknoloji,,0,0,0
1752514164,IT HW,TABLETS,8699247375761,170446481,CASPER,"CASPER Kalem+Kılıf ve PAD H10 Pen Oled 12,6 inç 8 GB 256 GB Tablet Grafit Gri",1,100,Retail,18999,1,Casper Excalibur,,0,,
1840928928,TV,TELEVISION,8690842825392,168979847,GRUNDIG,GRUNDIG 75 GQ 750A SS7 75 inç 189 cm Dahili Uydu Alıcılı 4K UHD SMART TV QLED TV,2,2,Retail,52099,1,Airyshop,,0,,
1813991822,CE Acc.,TRUE WIRELESS HEADPHONES,1200130029851,171302225,JBL,JBL Tune 730 BT Bluetooth Kulak Üstü Kulaklık Mavi,1,10,Retail,4290,1,Luxury Audio,,0,0,0
1834101580,IT Acc.,HARD DISK (INTERNAL),8806094215021,100234464,SAMSUNG,SAMSUNG 990 Pro Nvme 2.0 MZ-V9P1T0BW M.2 via NVMe 1 TB Dahili SSD Disk,9,20,Retail,23185.67,9,Yedigün Bilişim,,0,211,10
1828580967,IT Acc.,HARD DISK (INTERNAL),8806094215038,100234396,SAMSUNG,SAMSUNG 990 PRO MZ-V9P2T0BW M.2 via NVMe 2 TB SSD,6,5,Retail,46474.45,5,Yedigün Bilişim,,0,0,0
1745477341,MDA,FITTED OVENS,8690842580390,171071456,ALTUS,ALTUS ALA 321 B Elektroturbo 65 l Ankastre Fırın Beyaz,3,1,Retail,17518,2,Akpa DTM,,0,0,0
1834800793,IT Acc.,HARD DISK (INTERNAL),8806094215038,100234396,SAMSUNG,SAMSUNG 990 PRO MZ-V9P2T0BW M.2 via NVMe 2 TB SSD,6,12,Retail,50835.64,6,Yedigün Bilişim,,0,0,0
1803866885,Photo,DRONES,6937224142756,175814771,DJI,DJI Lito X1 Fly More Combo Plus (DJI RC 2) Drone Gri,2,1,Retail,59999,2,Birtek Teknoloji,,0,0,0
1748167748,GSM Acc.,SMART WATCHES,8806097416593,168935899,SAMSUNG,SAMSUNG Galaxy Watch 8 Classic Akıllı Saat Beyaz,5,5,Retail,19798.9,5,Güreller,,0,1,1
1774374838,SDA,AIR PURIFIER,4062321594749,160281429,BOSCH,BOSCH Air 4000 Hava Temizleme Cihazı Beyaz,2,25,Retail,13500,2,Tozkoparanas,,0,0,0
1726959527,IT HW,MONITOR,4711387942826,161095218,ASUS,ASUS Tuf VG279QM5A 27 inç Full-HD 1 ms 240 Hz Gaming Monitör Siyah,5,128,Retail,9329,1,BETA PLUS TEKNOLOJİ,,0,0,0
1717409489,IT HW,MONITOR,8699247378687,168980428,CASPER,"CASPER Excalibur M.E315QVC-C 2K QHD Pivot Curved HDR10 300NIT 31,5 inç QHD 1 ms Gaming Monitör Siyah",1,100,Retail,11999,1,Casper Excalibur,,0,0,1
1748156534,IT HW,MONITOR,8806095535388,164560936,SAMSUNG,SAMSUNG Odyssey G3 LS27DG302EUXUF FHD (HDMI+DP) Pivot 27 inç Full-HD 1 ms 180 Hz Gaming Monitör Siyah,3,19,Retail,8798.9,3,Güreller,,0,0,0
1818370472,Software,GAMES & SOFTWARE,5026555431842,169501861,TAKE 2,TAKE 2 GTA 5 PlayStation 5 Oyun,2,100,Retail,1499,1,Kontorland,,0,0,0
1830241446,Floor care,COMBI WET/DRY CLEANER,0011120277302,170627344,BISSELL,BISSELL CrossWave OmniForce Edge Pro Kablosuz Dikey Islak Kuru Süpürge Siyah,1,11,Retail,21649,1,Premiumsepet,,0,0,0
1729911982,Floor care,VACUUM CLEANER,8720389042096,164938546,PHILIPS,PHILIPS Aqua Trio 7000 Seri XW7263/11 Islak & Kuru Temizlik Kablosuz Şarjlı Dikey Süpürge Siyah,3,15,Retail,19899,2,TAŞARAVM,,0,0,0
1814532486,CE Acc.,HDMI CABLE,6957303884056,164558939,UGREEN,UGREEN 8K 60 Hz Ultra HD 2.1 5 Metre 80405 Görüntü Aktarma Siyah,1,14,Retail,1999,1,Decide,,0,0,0
1764016511,TV,TELEVISION,8690842825392,168979847,GRUNDIG,GRUNDIG 75 GQ 750A SS7 75 inç 189 cm Dahili Uydu Alıcılı 4K UHD SMART TV QLED TV,2,5,Retail,54959,2,Smartevim,,0,,
1834099589,IT Acc.,MOUSE,4058154125274,153344959,LOGITECH,LOGITECH M330 Silent Plus Kablosuz Mouse Kırmızı,5,20,Retail,1990.27,5,Yedigün Bilişim,,0,0,0
1824312548,IT Acc.,MOUSE,5099206130074,162759411,LOGITECH,LOGITECH GPROX SUPERLIGHT 2C OYUNCU MOUSE-SIYAH 910-007532 Kablosuz raporlama hızı 1khz (1ms) Kablosuz Oyuncu Mouse Siyah,2,30,Retail,6799,1,GpnTeknoloji,,0,0,0
1596779753,IT Acc.,MOUSE,5099206130074,162759411,LOGITECH,LOGITECH GPROX SUPERLIGHT 2C OYUNCU MOUSE-SIYAH 910-007532 Kablosuz raporlama hızı 1khz (1ms) Kablosuz Oyuncu Mouse Siyah,2,18,Retail,7589,2,BETA PLUS TEKNOLOJİ,,0,0,0
1813991819,CE Acc.,TRUE WIRELESS HEADPHONES,1200130029837,171302327,JBL,JBL Tune 730 BT Bluetooth Kulak Üstü Kulaklık Siyah,1,10,Retail,4290,1,Luxury Audio,,0,0,1
1782644420,SDA,IPL HAIR REMOVAL SYSTEMS,8700216938235,174517465,BRAUN,BRAUN PL7432 Skin I·Expert Evde Tüy Alma App ile + Mini Yüz Tüy Alma Cihazı 4 Başlıklı IPL Lazer Epilasyon Aleti Beyaz,1,67,Retail,35999,1,Braun Shop,,0,4,4
1760908748,SDA,IPL HAIR REMOVAL SYSTEMS,8720689047692,171748928,PHILIPS,"PHILIPS Lumea BRI950/02 IPL Epilasyon Aleti Beyaz, Rose",7,1,Retail,21369,6,CepHane Teknoloji,,0,0,0
1812231394,Floor care,VACUUM CLEANER RECHARGEABLE,6221064026995,172297401,TEFAL,TEFAL TY6A35TR X Pert 7.60 Şarjlı Dikey Süpürge Mor,2,10,Retail,7999,1,Smartevim,,0,1,1
1784714541,MDA,WASHER DRYER,8806096073407,172614171,LG,LG F4Y9LDP2Z.APBPLTK A Enerji Sınıfı 13 kg Kurutmalı Çamaşır Makinesi Platinum Siyah,1,5,Retail,64199,1,Smartevim,,0,0,0
1846366881,GSM Acc.,COVER & CASE (TELECOM),6944629195416,173334732,PIILI,PIILI iPhone 17 Pro Uyumlu Leather Magsafe Telefon Kılıfı Siyah,1,226,Retail,1799,1,Piili,,0,,
1765727700,GSM Acc.,COVER & CASE (TELECOM),6944629197854,173334730,PIILI,PIILI iPhone 17 Pro Max Uyumlu Gradient Magsafe Telefon Kılıfı Beyaz,1,10,Retail,2599,1,Piili,,0,0,0
1764613247,CE Acc.,POWERBANKS,6944629189132,173218165,PIILI,PIILI Standlı MagSafe Kablosuz & Kompakt 5.000 mAh Taşınabilir Şarj Cihazı Gri,1,15,Retail,2999,1,Piili,,0,0,0
1834100342,IT Acc.,HARD DISK (INTERNAL),0887276429601,135262642,SAMSUNG,SAMSUNG 870 Evo MZ-77E500BW SATA 6 Gbit/s 500 GB SSD,6,20,Retail,16556.66,6,Yedigün Bilişim,,0,0,0
1838586504,IT Acc.,INK CARTRIDGE & TONER,4549292222357,171581979,CANON,CANON 6287C001 GI-45 Y EMB Kartuş Mürekkep baskı Mürekkep Sarı,2,16,Retail,1056.1,1,netsiparis,,0,0,0
1774844634,IT Acc.,KEYBOARD + MOUSE SETS,5099206063945,173003259,LOGITECH,LOGITECH MK235 920-007925 Bluetooth Klavye ve Mouse Seti Siyah,8,20,Retail,1623.6,4,Kraft Online,,0,0,0
1836449241,IT Acc.,HARD DISK (INTERNAL),0887276429601,135262642,SAMSUNG,SAMSUNG 870 Evo MZ-77E500BW SATA 6 Gbit/s 500 GB SSD,6,25,Retail,16382.21,5,Yedigün Bilişim,,0,0,0
1774851088,Floor care,VACUUM CLEANER RECHARGEABLE,8692341134906,172808383,ARNICA,ARNICA ET13490 Solara Tower Otomatik Toz Boşaltma İstasyonlu Şarjlı Dikey Süpürge Antrasit-Beyaz,1,2,Retail,29989.52,1,RAST ENTERPRISE,,0,0,0
1755893974,Floor care,ROBOT VACUUM CLEANERS,6936905903792,171485673,ROBOROCK,ROBOROCK Qrevo C Pro 18.500 Pa İstasyonlu Akıllı Robot Süpürge Beyaz,1,2,Retail,71999,1,RAST ENTERPRISE,,0,2,1
1822167511,Gaming Acc.,GAME PADS,0711719020677,173219103,SONY,"SONY Playstation 5 DualSense PC, PlayStation 5 Kablolu ve Kablosuz Oyun Kolu Kırmızı",3,5,Retail,6999,3,ONETRADE,,0,1,1
1828576654,IT Acc.,MAINBOARDS,4711377337977,161024527,MSI,MSI 7E64-001R H810 DDR5 ATX Anakart,4,10,Retail,8095.94,3,Yedigün Bilişim,,0,,
1770235523,IT Acc.,GRAPHICS CARDS,4711636057851,157947530,ASUS,ASUS Prime OC GDDR7 128Bit HDMI/DP GeForce RTX™ 5060 8 GB Ekran Kartı,4,5,Retail,35115.2,3,UzmanlarPC,,0,0,0
1834113424,SDA,HAIR DRYER,3121040075654,126296030,ROWENTA,ROWENTA CV6930 Compact Pro+ 2200 W Saç Kurutma Makinesi Siyah,3,19,Retail,3295.23,3,Yedigün Bilişim,,0,0,0
1751924022,GSM HW,SMARTPHONES,0195950639254,166347726,APPLE,APPLE iPhone 17 Pro Max 12 GB 256 GB Akıllı Telefon Derin Mavi,3,1,Retail,149999,3,Beşken elektronik,,0,6951,190
1646965496,GSM HW,SMARTPHONES,0195950644340,166347562,APPLE,APPLE iPhone 17 8 GB 256 GB Akıllı Telefon Adaçayı,1,2,Retail,100599,1,CepHane Teknoloji,,0,0,0
1799347386,GSM HW,SMARTPHONES,8683411891966,168178867,OMIX,OMIX O1 Icon 8 GB 256 GB Akıllı Telefon Yeşil,3,8,Retail,11400,2,Birtane Telekom,,0,0,0
1837942176,GSM HW,SMARTPHONES,6932554484484,179010603,XIAOMI,XIAOMI 17T Pro 5G 12 GB 512 GB Akıllı Telefon Siyah,1,4,Retail,63299,1,FırsatKurdu,,0,7,7
1804343190,Gaming Acc.,GAME PADS,0711719582267,165529543,SONY,SONY Playstation Portal PlayStation 5 Kablosuz Oyun Konsolu Beyaz,2,10,Retail,19999,1,Kavastech,,0,1,1
1707830642,SDA,HAIR CURLER ( CURLING IRON / HOT AIR BRUSH),5025155117187,161462028,DYSON,DYSON Airwrap i.d.™ Saç Şekillendirme Ve Kurutma Seti Ceramic Pink Rose Gold,1,1,Retail,42999,1,TAŞARAVM,,0,1,1
1771700445,TV,TELEVISION,8806095980522,168948963,SAMSUNG,"SAMSUNG QE75QN70FAUXTK SS7 75 inç 189,3 cm Dahili Uydu Alıcılı 4K UHD SMART TV QLED TV",2,5,Retail,85999,1,Smartevim,,0,0,0
1842234929,IT Acc.,INK CARTRIDGE & TONER,4549292041767,152927829,CANON,CANON GI-490M Mürekkep baskı Magenta,4,4,Retail,1321.52,4,Yedigün Bilişim,,0,0,1
1774326588,IT HW,PRINTERS,4549292242140,168010845,CANON,CANON i-SENSYS MF664Cdw Çok Fonksiyonlu Lazer Yazıcı,5,18,Retail,22891.3,3,Kraft Online,,0,2,2
1760673150,IT HW,ALL IN ONE PC,0195950076387,172600761,APPLE,APPLE iMac Retina 4.5K Chip 10 Core CPU ve 10 Core GPU MD2U4TU/A M4 Çip 24 GB 512 GB 24 inç Retina 4.5K display macOS All In One Bilgisayar Pembe,1,3,Retail,144999,1,Teknopoint,,0,0,0
1784054263,GSM Acc.,COVER & CASE (TELECOM),6944629204033,174503515,PIILI,PIILI iPhone 17 Pro Max Metal Stand Grip MagSafe Telefon Kılıfı Turuncu,1,5,Retail,2599,1,Piili,,0,0,0
1834112921,IT Acc.,MAINBOARDS,4711377337977,161024527,MSI,MSI 7E64-001R H810 DDR5 ATX Anakart,4,20,Retail,8968.18,4,Yedigün Bilişim,,0,,
1845791405,GSM HW,SMARTPHONES,4894947069222,166441356,TECNO MOBILE,TECNO MOBILE Mobile Camon 40 5G 8 GB 256 GB Akıllı Telefon Siyah,1,20,Retail,17199,1,Miks Elektronik,,0,1,1
1689336540,SDA,RADIATOR / FAN HEATER / CONVECTOR,6941812795293,163216746,XIAOMI,XIAOMI Masaüstü EU 600 W Isıtıcı Beyaz,2,200,Retail,1299,1,Bittibitiyor,,0,34,0
1635783597,IT HW,MONITOR,4711387984710,161071125,ASUS,"ASUS TUF Gaming VG259QMR5A IPS LED 24,5 inç Full-HD 0,3 ms 60 Hz Monitör Siyah",4,93,Retail,9329,1,BETA PLUS TEKNOLOJİ,,0,0,0
1769419476,TV,VIDEO PROJECTOR,8715946738857,168422975,EPSON,EPSON TW850 Full HD Kablosuz Projeksiyon Cihazı Beyaz,2,5,Retail,50380.2,2,Kraft Online,,0,0,0
1774300930,Floor care,ROBOT VACUUM CLEANERS,8720389064999,154904957,PHILIPS,PHILIPS XU2100/25 İstasyonlu Robot Süpürge Beyaz,1,2,Retail,26210,1,RAST ENTERPRISE,,0,0,0
1760908779,IT Acc.,TRACKERS,8806095405667,169007400,SAMSUNG,SAMSUNG EI-T5600 2 SmartTag,1,20,Retail,1730,1,CepHane Teknoloji,,0,0,0
1612945776,SDA,MULTIGROOMER,8698758834576,164830555,GOLDMASTER,GOLDMASTER Assist GM-8167 Kablosuz Erkek Bakım Kiti Siyah,1,149,Retail,1599,1,BiggShop,,0,0,0
1824295812,IT Acc.,KEYBOARD,5099206065987,156319297,LOGITECH,LOGITECH G G213 PRODIGY OYUNCU KLAVYESI   SIYAH Kablolu Işıklı Klavye Siyah,5,129,Retail,2899,2,GpnTeknoloji,,0,0,0
1762329101,IT Acc.,USB HUBS,8680096142642,172993052,S-LINK,S-LINK SW-U317 USB 3.0 7 Port Hub Çevirici Adaptör,1,9,Retail,1359,1,BETA PLUS TEKNOLOJİ,,0,0,0
1770891793,SDA,TOOTHBRUSH ELECTRICAL,8006530054102,172369878,ORAL B,ORAL B IO 10 Şarjlı Diş Fırçası Altın,1,78,Retail,19999,1,Braun Shop,,0,0,0
1769944416,GSM HW,SMARTPHONES,8806097869610,172942212,SAMSUNG,SAMSUNG Galaxy S26 5G 12 GB 256 GB Akıllı Telefon Beyaz,2,1,Retail,87998.9,2,Güreller,,0,3,3
1770236471,IT Acc.,KEYBOARD + MOUSE SETS,5099206039315,171235994,LOGITECH,LOGITECH MK270 Kablosuz Klavye Mouse Seti Siyah,6,20,Retail,1868.17,3,UzmanlarPC,,0,0,0
1742072302,MDA,FREEZER & CHEST FREEZER,8690842650215,170597422,ALTUS,ALTUS AL 2104 E E Enerji Sınıfı 104 l 1 Bölmeli Sandık Tipi Derin Dondurucu Beyaz,3,1,Retail,21599,2,Akpa DTM,,0,367,12
1834798460,SDA,AIR PURIFIER,0810043375214,158794487,LEVOIT,LEVOIT Core 600S Hava Temizleme Cihazı Beyaz,2,5,Retail,21999,1,Nethouse,,0,0,0
1757141620,CE Acc.,TRUE WIRELESS HEADPHONES,5099206125575,168709132,LOGITECH,LOGITECH G PRO X SE 7.1 Surround Kablolu Gaming Kulaklık Siyah,1,236,Retail,5539,1,BETA PLUS TEKNOLOJİ,,0,0,0
1699707608,SDA,CURLERS & HAIR DRESSING SET,8720689002776,162826955,PHILIPS,PHILIPS BHA301/00 Argan Yağı Seramik Kaplama-3 Aparat-3 Isı Ayarı Saç Şekillendirme ve Kurutma Seti Siyah,3,2,Retail,3999,3,TAŞARAVM,,0,0,0
1757266031,SDA,SHAVER,8700216429030,168830914,BRAUN,BRAUN Series 7 ProBlade AutoSense AIO7560 13'ü 1 Arada Tıraş Kiti Siyah,1,120,Retail,4299,1,Braun Shop,,0,76,1
1774844631,IT Acc.,KEYBOARD,5099206099968,156381645,LOGITECH,LOGITECH K580 ULTRA INCE MULTI-DEVICE BLUETOOTH(R) KLAVYE S Kablosuz Klavye Siyah,4,20,Retail,3058.8,2,Kraft Online,,0,0,0
1596782236,IT Acc.,KEYBOARD,8887910073117,156383257,RAZER,"RAZER ORNATA V3 TNKY KBL.KLAVYE,TR Kablolu-Ekli Klavye Siyah",1,95,Retail,3449,1,BETA PLUS TEKNOLOJİ,,0,0,0
1742478162,SDA,ESPRESSO MAKER & COFFEE MAKER,8720389032325,162680232,PHILIPS,PHILIPS EP5544/80 Espresso Tam Otomatik Kahve Makinesi Bronz-Siyah,4,2,Retail,29990,2,RAST ENTERPRISE,,0,1,1
1843447971,IT HW,TABLETS,0198155958205,172906459,LENOVO,"LENOVO ZAE40185T Idea Tab Pro 3K 400nits 144Hz JBL Hoparlörlü Kılıf + Kalem + 12,7 inç 8 GB 256 GB Tablet Gri",1,1,Retail,29999,1,BiTechnology,,0,,
1832231648,SDA,TOOTHBRUSH ELECTRICAL,8001090915061,172369828,ORAL B,ORAL B PRO 1 İkili Paket Elektrikli Diş Fırçası Siyah-Mavi,1,16,Retail,5499,1,Braun Shop,,0,0,0
1748167877,IT HW,MONITOR,8806097322344,171376858,SAMSUNG,SAMSUNG 32 LS32FM700UUXUF 32 inç 4K UHD 4 ms 60 Hz Smart Monitör Gri,2,22,Retail,13990,1,Güreller,,0,,
1837934783,GSM HW,SMARTPHONES,6932554492021,180405974,XIAOMI,XIAOMI 17T Pro 5G 12 GB 512 GB Akıllı Telefon Koyu Mavi,2,9,Retail,63299,1,FırsatKurdu,,0,3,3
1844876680,SDA,TOOTHBRUSH ELECTRICAL,8700216932479,172369796,ORAL B,ORAL B IO Çocuk 6 Stitch Elektrikli Diş Fırçası Mavi,2,2,Retail,3999,2,Bolkur,,0,0,0
1812791134,MDA,FITTED OVENS,8690842580390,171071456,ALTUS,ALTUS ALA 321 B Elektroturbo 65 l Ankastre Fırın Beyaz,3,3,Retail,13299,1,Galeri Beyaz,,0,0,0
1821344526,MDA,FITTED OVENS,8690842580390,171071456,ALTUS,ALTUS ALA 321 B Elektroturbo 65 l Ankastre Fırın Beyaz,3,1,Retail,17519,3,NOVAELECTRONICS,,0,0,0
1830520607,IT Acc.,BAGS FOR TABLETS,5051794031164,92605440,TARGUS,"TARGUS Versavu Ipad Air  13"" M2 Pro 12.9"" Uyumlu Tablet Kılıfı Siyah",1,1,Retail,3202.7,1,Kraft Online,,0,0,0
1709756975,IT Acc.,MAINBOARDS,4711636005517,154854220,ASUS,ASUS PRIME B850M-K 8400MHz (OC) Soket AM5 M.2 HDMI DP AMD B850 DDR5 Micro ATX Anakart,4,10,Retail,8639,2,BETA PLUS TEKNOLOJİ,,0,51,2
1808261231,GSM Acc.,SMART WATCHES,8806097416272,168935093,SAMSUNG,SAMSUNG Galaxy Watch 8 Akıllı Saat Gümüş,2,1,Retail,13999,1,ÇARŞI MOBİLE,,0,0,0
1812181262,GSM Acc.,SMART WATCHES,8806097416593,168935899,SAMSUNG,SAMSUNG Galaxy Watch 8 Classic Akıllı Saat Beyaz,5,10,Retail,13699,1,Bittibitiyor,,0,1,1
1755860577,SDA,WATER DISPENSER,4242002832159,154105768,BOSCH,BOSCH RDW1571 Gizli Damacanalı Su Sebili,1,1,Retail,20999,1,RAST ENTERPRISE,,0,0,0
1826334754,IT Acc.,MOUSE,5099206133082,166253836,LOGITECH,LOGITECH MX Master 4 Performans Kablosuz Mouse Siyah,1,25,Retail,10070.03,1,Yedigün Bilişim,,0,0,0
1795397186,CE Acc.,POWERBANKS,6941876236060,173306069,UGREEN,UGREEN Uno MagSafe Wireless 20W Hızlı Şarj  35606 5.000 mAh Powerbank Mor,1,26,Retail,2899,1,Decide,,0,0,0
1773816194,Gaming Acc.,GAME PADS,0711719022350,171369439,SONY,SONY Playstation Dualsense PlayStation 5 Kablosuz Kontrol Cihazı Beyaz,6,91,Retail,4699,1,FırsatKurdu,,0,3,3
1763210536,Floor care,COMBI WET/DRY CLEANER,3221616142299,171378171,TEFAL,TEFAL X-Clean 10 GF7540 Şarjlı Dikey Süpürge Beyaz,2,4,Retail,34999,2,TAŞARAVM,,0,0,0
1808262387,GSM HW,SMARTPHONES,8806097867159,172942205,SAMSUNG,SAMSUNG Galaxy S26 Ultra 5G 12 GB 512 GB Akıllı Telefon Kobalt Mor,5,1,Retail,109999,4,ÇARŞI MOBİLE,,0,4,4
1762219218,IT HW,PRINTERS,4549292066258,172919898,CANON,CANON Pixma E414 Tarayıcı + Fotokopi Çok Fonksiyonlu Renkli Mürekkep Püskürtmeli Yazıcı,4,21,Retail,2746.8,1,netsiparis,,0,1,1
1838589597,IT Acc.,WLAN ROUTER,1210002600842,172897338,TP-LINK,"TP-LINK Archer BE220 Wi-Fi 7 Kablolu - Kablosuz 5 Port 3,6 Gbit/s MU-MIMO, MIMO Router",3,10,Retail,4705.2,3,Kraft Online,,0,0,0
1835911495,Photo,DRONES,6937224123090,168539365,DJI,DJI Mını 5 Pro Fly More Combo (Rc-N3) | Türkiye Karacasulu Garantili | Drone Gri,2,1,Retail,65999,2,DFN,,0,0,0
1843661456,Pet Care,PET HYGIENE / SANITARY PROTECTION,6975069305240,158199706,PETKIT,PETKIT N60 Evcil Hayvan Koku Giderici Beyaz,1,20,Retail,1499,1,FırsatKurdu,,0,0,0
1834915615,SDA,VENTILATOR,8682511907331,160017837,FAKIR,FAKIR TVL 120 S Uzaktan Kumandalı Kule Tipi Vantilatör Beyaz,3,57,Retail,8999,3,Hepsiphone,,0,0,0
1742460385,MDA,DRYER,7333394056487,168131673,ELECTROLUX,ELECTROLUX EW8D795MCT C Enerji Sınıfı 9 kg WİFİ Isı Pompalı Kurutma Makinesi Beyaz,1,1,Retail,63499,1,Tıklakapında,,0,0,0
1596520879,IT HW,MONITOR,4711636007108,161775410,ASUS,"ASUS TUF GAMING VG279Q5A 27 27 inç Full-HD 0,3 ms 200 Hz Monitör Siyah",2,125,Retail,7589,1,BETA PLUS TEKNOLOJİ,,0,,
1828576655,IT Acc.,MAINBOARDS,4711377002660,116920155,MSI,MSI PRO H610M-E Intel H610 DDR4 Micro ATX Anakart,4,6,Retail,6003.09,4,Yedigün Bilişim,,0,154,6
1716024687,GSM Acc.,COVER & CASE (TELECOM),6944629198196,169185601,PIILI,PIILI iPhone 17 Kevlar Serisi Magsafe Hasır Telefon Kılıfı Turuncu,1,10,Retail,2999,1,Piili,,0,0,0
1813513651,IT Acc.,MOUSE,6941876227525,158342069,UGREEN,UGREEN 4.000 DPI Ergonomik Sessiz Optik Kablosuz Mouse Kırmızı,1,101,Retail,841,1,Decide,,0,0,0
1756276459,SDA,ESPRESSO MAKER & COFFEE MAKER,8720389032325,162680232,PHILIPS,PHILIPS EP5544/80 Espresso Tam Otomatik Kahve Makinesi Bronz-Siyah,4,1,Retail,34999,3,Kavastech,,0,1,1
1842043617,CE Acc.,POWERBANKS,6941876269983,172903508,UGREEN,"UGREEN Nexode 45 W Dahili Kablolu Hızlı Şarj , 55988B 20000 mAh Powerbank Gri",1,15,Retail,3599,1,Decide,,0,0,0
1771730874,TV,TELEVISION,8806097122180,173775699,SAMSUNG,SAMSUNG QE65Q7F5AUXTK SS6 65 inç 164 cm Dahili Uydu Alıcılı 4K UHD SMART TV QLED TV,2,5,Retail,52899,1,Smartevim,,0,2,2
1834104046,IT Acc.,MAINBOARDS,4711377125147,134660417,MSI,MSI PRO H610M-E H610 DDR5 ATX Anakart,8,20,Retail,6438.69,7,Yedigün Bilişim,,0,0,0
1842330307,IT HW,MONITOR,4711636157612,173879342,ASUS,"ASUS ROG Strix OLED XG27AQDMES 26,5 inç QHD 0,03 ms 240 Hz Gaming Monitör Siyah",2,20,Retail,34340.8,2,netsiparis,,0,0,0
1830520600,IT Acc.,KEYBOARD,5099206033078,174083182,LOGITECH,LOGITECH K270 Kablosuz Klavye Siyah,5,20,Retail,1435.1,1,Kraft Online,,0,0,0
1838149643,IT Acc.,BAGS FOR NOTEBOOKS,5414847720635,173279712,SAMSONITE,"SAMSONITE 16N-01-001 Qibyte 14,1 inç Laptop Çantası Mavi",2,21,Retail,4955.3,2,Kraft Online,,0,0,0
1742459015,IT HW,TABLETS,0195950086768,166015482,APPLE,APPLE iPad (A16) Wi-Fi (MD4D4TU/A) 11 inç 6 GB 128 GB Tablet Sarı,1,2,Retail,27059,1,Bittibitiyor,,0,0,0
1832226764,SDA,TOOTHBRUSH ELECTRICAL,8700216344784,162929833,ORAL B,ORAL B IO 2 Serisi + Seyahat Kabı Şarjlı Diş Fırçası Siyah,2,54,Retail,3699,1,Braun Shop,,0,0,0
1760907120,IT Acc.,GRAPHICS CARDS,4711636057899,159027703,ASUS,ASUS Dual OC GDDR7 128Bit HDMI/DP GeForce RTX™ 5060 8 GB Ekran Kartı,6,20,Retail,26836.5,1,netsiparis,,0,0,0
1843318641,GSM HW,SMARTPHONES,8683411891966,168178867,OMIX,OMIX O1 Icon 8 GB 256 GB Akıllı Telefon Yeşil,3,7,Retail,11199,1,CepHane Teknoloji,,0,0,0
1764015154,TV,TELEVISION,8690842824074,168948887,GRUNDIG,GRUNDIG 65 GQ 750A SS6 65 inç 164 cm Dahili Uydu Alıcılı 4K UHD SMART TV QLED TV,1,5,Retail,44199,1,Smartevim,,0,0,0
1760901289,IT Acc.,INK CARTRIDGE & TONER,0193905429493,155816855,HP,HP 653 3YM75AE Siyah Kartuş Mürekkep baskı Orjinal Siyah,1,100,Retail,1172.1,1,netsiparis,,0,0,2
1746664359,SDA,ESPRESSO CAPSULE MACHINES,4063676448800,162144530,TCHIBO,TCHIBO Cafissimo Pure Plus Kapsüllü Kahve Makinesi Siyah,1,2,Retail,7999,1,RAST ENTERPRISE,,0,1,1
1841492997,SDA,WATER KETTLE,8697975601145,153593180,TEFAL,TEFAL Magic Tea XL 1650 W 1.8 l Çay Makinesi Inox,2,2,Retail,5299,1,Derka Shop,,0,0,0
1826488554,IT Acc.,MAINBOARDS,4711377125147,134660417,MSI,MSI PRO H610M-E H610 DDR5 ATX Anakart,8,5,Retail,5130.33,6,Yedigün Bilişim,,0,0,0
1826488538,IT Acc.,MAINBOARDS,4711377125147,134660417,MSI,MSI PRO H610M-E H610 DDR5 ATX Anakart,8,3,Retail,6438.69,8,Yedigün Bilişim,,0,0,0
1836042797,Photo,DRONES,6937224131729,166790136,DJI,DJI Neo 2 Motion Fly More Combo | Türkiye Karacasulu Garantili | Drone Gri,3,2,Retail,39999,3,Birtek Teknoloji,,0,0,0
1846745732,GSM Acc.,SMART WATCHES,0195950471724,168935818,APPLE,APPLE MF8T4TU/A  Watch Series 11 GPS + Cellular  Slate Titanium Case with Black Sport Band - M/L Akıllı Saat Gümüş,1,1,Retail,39999,1,KAFKASDA,,0,,
1811825213,CE Acc.,TRUE WIRELESS HEADPHONES,1200130030444,170292476,JBL,JBL Tune 680 BT NC Bluetooth Kulak Üstü Kulaklık Siyah,1,2,Retail,4299,1,İZİ TEKNOLOJİ,,0,0,0
1828857658,IT Acc.,PC CHASSIS / HOUSING,4719072676414,135340553,MSI,MSI MAG Forge 100M Gaming Bilgisayar Kasası,5,5,Retail,4083.64,4,Yedigün Bilişim,,0,1,0
1818776166,IT HW,MONITOR,4711387984710,161071125,ASUS,"ASUS TUF Gaming VG259QMR5A IPS LED 24,5 inç Full-HD 0,3 ms 60 Hz Monitör Siyah",4,9,Retail,11868.5,2,netsiparis,,0,0,0
1707830164,SDA,HAIR STRAIGHTENER & CRIMPER,8720689000185,153635551,PHILIPS,PHILIPS BHH885/00 Saç Düzleştirici Fırça Siyah,4,3,Retail,7198.8,4,TAŞARAVM,,0,0,0
1784064442,CE Acc.,ADAPTERS,6957939002053,168540079,MERCUSYS,MERCUSYS MA20N Wi-Fi 5 Nano  | AC650 Mbps | Dual-Band | Kompakt | Tak-Çalıştır | WPA3 | Windows 10/11 Adaptör,1,12,Retail,549,1,Lucky Trend,,0,0,1
1760900402,IT Acc.,WLAN ROUTER,6932849424515,157489811,TENDA,TENDA TE6L Pro BE5100 Dual Band Wifi 7 Kablosuz 4 Port 5100 Mbit/s MU-MIMO Router,3,10,Retail,4753.2,1,netsiparis,,0,0,0
1843315675,GSM HW,SMARTPHONES,8806097867241,172942202,SAMSUNG,SAMSUNG Galaxy S26 Ultra 5G 12 GB 512 GB Akıllı Telefon Gök Mavisi,5,10,Retail,98329,2,Reyontek,,0,2,2
1760902624,IT Acc.,KEYBOARD,5099206110755,171643749,LOGITECH,LOGITECH K380S Pebble Keys 2 Çoklu Cihaz Özellikli Bluetooth Türkçe Q Kablosuz Klavye Gri,6,25,Retail,1850.1,1,netsiparis,,0,0,0
1783337009,SDA,HAND MIXER & HAND BLENDER,4242005561582,173897523,BOSCH,BOSCH MSM6M974 Serie 6 Ergomaster 1600 W El Blender Seti Siyah,3,1,Retail,10998.9,2,Güreller,,0,564,29
1840015049,IT Acc.,KEYBOARD,5099206112285,171643776,LOGITECH,LOGITECH MX Keys S Gelişmiş Kablosuz Klavye Siyah,6,25,Retail,8001.9,2,Kraft Online,,0,0,0
1838246732,IT Acc.,PC CHASSIS / HOUSING,4719072676414,135340553,MSI,MSI MAG Forge 100M Gaming Bilgisayar Kasası,5,8,Retail,5479.22,5,Yedigün Bilişim,,0,1,0
1674441952,GSM HW,SMARTPHONES,0195950639056,166347554,APPLE,APPLE iPhone 17 Pro Max 12 GB 256 GB Akıllı Telefon Turuncu,4,5,Retail,139999,2,Bittibitiyor,,0,4,4
1837985129,GSM HW,SMARTPHONES,6932554492021,180405974,XIAOMI,XIAOMI 17T Pro 5G 12 GB 512 GB Akıllı Telefon Koyu Mavi,2,1,Retail,69899,2,ACCPAZAR,,0,3,3
1633745866,GSM HW,SMARTPHONES,8806097662259,164308107,SAMSUNG,SAMSUNG Galaxy S25 FE 8 GB 256 GB Akıllı Telefon Lacivert,5,11,Retail,40799,1,CepHane Teknoloji,,0,548,30
1804342677,Gaming Acc.,GAME PADS,0711719575962,153634384,PLAYSTATION,"PLAYSTATION Dualsense Controller Android, iOS, MAC, PC, PlayStation 5 Kablolu ve Kablosuz Oyun Kolu Nova Pink",1,100,Retail,6599,1,Kavastech,,0,0,0
1842610187,Floor care,ROBOT VACUUM CLEANERS,4242005525461,167867630,BOSCH,BOSCH BCRC2W Robot Süpürge Beyaz,2,1,Retail,19899,2,RAST ENTERPRISE,,0,0,0
1775918177,Floor care,OTHER FLOOR CARE DEVICES,5011423085975,160808446,PHILIPS,PHILIPS XV5113/01 OneUp 5000 Serisi Elektrikli Mop,4,2,Retail,7999,2,Derka Shop,,0,0,0
1836394300,CE Acc.,CHARGERS,0194644085919,158470115,ANKER,ANKER 543 65 W Çoklu Şarj Cihazı Siyah,1,5,Retail,2599,1,Bittibitiyor,,0,0,0
1834050284,IT Acc.,PC CHASSIS / HOUSING,4711377121576,141467790,MSI,MSI MAG FORGE 120A AIRFLOW Bilgisayar Kasası,4,11,Retail,6351.46,4,Yedigün Bilişim,,0,0,0
1769943013,GSM HW,SMARTPHONES,8806097866626,172942210,SAMSUNG,SAMSUNG Galaxy S26 Ultra 5G 12 GB 512 GB Akıllı Telefon Kobalt Siyah,6,1,Retail,142998.9,6,Güreller,,0,6,6
1822166436,Gaming Acc.,GAME PADS,0711719022381,171269895,PLAYSTATION,"PLAYSTATION Playstation Dualsense PlayStation 5, PC Kablosuz Kontrol Cihazı Siyah",4,5,Retail,6999,4,ONETRADE,,0,1,1
1826224054,IT Acc.,KEYBOARD + MOUSE SETS,5099206020641,174537474,LOGITECH,LOGITECH MK120 USB Tam Boyutlu Türkçe Q Kablolu Klavye ve Mouse Seti Renkli,5,20,Retail,1657.26,3,Yedigün Bilişim,,0,0,0
1834136740,IT Acc.,KEYBOARD + MOUSE SETS,5099206087309,172385688,LOGITECH,LOGITECH MK470 Kablosuz Kablosuz Klavye ve Mouse Beyaz,6,10,Retail,4563.37,4,Yedigün Bilişim,,0,0,0
1846351041,IT Acc.,USB STICK,0740617348699,173573218,KINGSTON,KINGSTON DataTraveler Exodia S USB 3.2 128 GB USB Bellek,2,100,Retail,1099,2,Teknomevo,,0,,
1745327046,MDA,DISHWASHER,8690842434693,170625232,ALTUS,ALTUS AL 445 NX E Enerji Sınıfı 5 Programlı Bulaşık Makinesi Beyaz,2,1,Retail,29097,2,Özdijitek,,0,343,11
1647130535,GSM HW,SMARTPHONES,0195950622829,166438378,APPLE,APPLE iPhone Air 12 GB 256 GB Akıllı Telefon Bulut Beyazı,2,1,Retail,100099,2,CepHane Teknoloji,,0,0,0
1646965484,GSM HW,SMARTPHONES,0195950639650,166347622,APPLE,APPLE iPhone 17 Pro Max 12 GB 512 GB Akıllı Telefon Turuncu,4,2,Retail,142999,1,CepHane Teknoloji,,0,0,0
1707002899,GSM HW,SMARTPHONES,4894947070938,168873054,TECNO,TECNO Camon 40 Pro 5G 8 GB 256 GB Akıllı Telefon Buz Beyazı,1,1,Retail,25099,1,CepHane Teknoloji,,0,0,0
1832129173,IT Acc.,PC CHASSIS / HOUSING,4719072932220,149007012,MSI,MSI MAG  Forge M100R Bilgisayar Kasası,4,3,Retail,4258.09,3,Yedigün Bilişim,,0,0,0
1779351994,SDA,VENTILATOR,8682511907331,160017837,FAKIR,FAKIR TVL 120 S Uzaktan Kumandalı Kule Tipi Vantilatör Beyaz,3,2,Retail,8990,2,RAST ENTERPRISE,,0,0,0
1830302607,SDA,VENTILATOR,8682511907331,160017837,FAKIR,FAKIR TVL 120 S Uzaktan Kumandalı Kule Tipi Vantilatör Beyaz,3,227,Retail,7799,1,Güreller,,0,0,0
1811889788,CE Acc.,TRUE WIRELESS HEADPHONES,6941876240180,168812260,UGREEN,UGREEN HITUNE MAX2 YAPAY ZEKA DESTEKLI GURULTU ENGELLEYI Kablosuz Bluetooth Kulak Üstü Kulaklık Siyah,1,31,Retail,1889.1,1,Decide,,0,0,0
1758859606,Gaming Acc.,GAME PADS,0711719577317,153634380,SONY,SONY DualSense PS5 PC Kablolu ve Kablosuz Oyun Kolu Volkanik Kırmızı,2,14,Retail,6459,1,BETA PLUS TEKNOLOJİ,,0,0,0
1841288126,Floor care,VACUUM CLEANER,8720389027796,156682948,PHILIPS,PHILIPS XB7151/07 Marathon Daily Toz Torbasız Elektrikli Süpürge Pembe-Altın,2,1,Retail,14990,2,Güreller,,0,89,4
1716024690,GSM Acc.,COVER & CASE (TELECOM),6944629197373,169185617,PIILI,PIILI Knit Kevlar iPhone 17 Pro Telefon Kılıfı Lacivert,1,10,Retail,2999,1,Piili,,0,,
1763946357,TV,TELEVISION,8690842802423,168948747,GRUNDIG,GRUNDIG 65 GKU 750A SS6 65 inç 165 cm Dahili Uydu Alıcılı 4K UHD SMART TV LED TV,1,5,Retail,41959,1,Smartevim,,0,,
1838595787,IT Acc.,INK CARTRIDGE & TONER,0190780132517,155284885,HP,HP M0H54AE GT52 Şişe Kartuş Mürekkep baskı Cyan,1,100,Retail,748.2,1,netsiparis,,0,16,1
1828566562,IT Acc.,KEYBOARD + MOUSE SETS,5099206077485,156391968,LOGITECH,LOGITECH MK540 Kablosuz Kablosuz Klavye ve Mouse Siyah,6,20,Retail,4083.64,4,Yedigün Bilişim,,0,0,0
1764618681,Gaming Acc.,GAME PADS,0711719020677,173219103,SONY,"SONY Playstation 5 DualSense PC, PlayStation 5 Kablolu ve Kablosuz Oyun Kolu Kırmızı",3,127,Retail,6990,2,Nethouse,,0,1,1
1839306158,SDA,HAND MIXER & HAND BLENDER,4242005561582,173897523,BOSCH,BOSCH MSM6M974 Serie 6 Ergomaster 1600 W El Blender Seti Siyah,3,1,Retail,13399,3,BiTechnology,,0,564,29
1795397241,CE Acc.,TRUE WIRELESS HEADPHONES,6941876245857,173291474,UGREEN,UGREEN HITUNE T6S Hibrıt Aktif Gürültü Engelleyici Kablosuz Kulak İçi Kulaklık Beyaz,1,3,Retail,3899,1,Decide,,0,0,0
1743277917,IT Acc.,KEYBOARD + MOUSE SETS,8680096128639,170737828,EVEREST,EVEREST KM-6284 WHISKER RENKLI TUSLU MAVI KABLOSUZ Q KLAVY wireless Kablosuz Q Klavye Mouse Set Mavi,1,100,Retail,1249,1,Dossimo,,0,20,0
1834101518,IT Acc.,PC CHASSIS / HOUSING,4719072932220,149007012,MSI,MSI MAG  Forge M100R Bilgisayar Kasası,4,5,Retail,4345.31,4,Yedigün Bilişim,,0,0,0
1762351484,IT HW,TABLETS,8806097654964,172579728,SAMSUNG,"SAMSUNG Galaxy Tab S10 Lite 10,9 inç 6 GB 128 GB Tablet Gri",2,1,Retail,16999,1,Beşken elektronik,,0,3,3
1770235117,IT Acc.,KEYBOARD,5099206110755,171643749,LOGITECH,LOGITECH K380S Pebble Keys 2 Çoklu Cihaz Özellikli Bluetooth Türkçe Q Kablosuz Klavye Gri,6,20,Retail,2593.22,3,UzmanlarPC,,0,0,0
1843596762,SDA,TOOTHBRUSH ELECTRICAL,4210201427087,172369869,ORAL B,ORAL B Vitality Pro Cross Action Elektrikli Diş Fırçası Siyah,4,1,Retail,2199,2,ACCPAZAR,,0,0,0
1831078875,IT Acc.,USB STICK,0740617348651,173573229,KINGSTON,KINGSTON DataTraveler Exodia S USB 3.2 64 GB USB Bellek,2,6,Retail,730.78,2,BRL Teknoloji,,0,,
1837926592,GSM HW,SMARTPHONES,6932554492052,180770100,XIAOMI,XIAOMI 17T Pro 12 GB 512 GB Akıllı Telefon Mor,2,9,Retail,63499,1,FırsatKurdu,,0,0,0
1837985165,GSM HW,SMARTPHONES,6932554492052,180770100,XIAOMI,XIAOMI 17T Pro 12 GB 512 GB Akıllı Telefon Mor,2,1,Retail,69899,2,ACCPAZAR,,0,0,0
1735352460,Floor care,VACUUM CLEANER RECHARGEABLE,7333394037431,170193577,ELECTROLUX,ELECTROLUX EP82AB25UG 800 Animal Şarjlı Dikey Süpürge Gri,1,45,Retail,23499,1,Anatoptan,,0,,
1759800330,CE Acc.,CHARGERS,0745883921621,170360976,BELKIN,"BELKIN BoostCharge Pro 2 Bağlantı Noktalı USB-C GaN 67 W, 2x USB-C Şarj Cihazı Siyah",1,86,Retail,1599,1,Nethouse,,0,0,0
1756534918,SDA,SHAVER,8700216735667,160724102,BRAUN,BRAUN 310S Series 3 Islak ve Kuru Elektrikli Tıraş Makinesi Mavi,1,28,Retail,3499,1,Braun Shop,,0,0,0
1843297574,SDA,SHAVER,8720689024594,156473917,PHILIPS,PHILIPS S3144/00 Tıraş  Makinesi Koyu Mavi,2,15,Retail,2699,1,Makroreyon,,0,0,0
1839291280,SDA,KITCHEN MACHINE,4242005501106,172497423,BOSCH,BOSCH MUM58359 1000 W Mutfak Şefi Gümüş,1,55,Retail,29999,1,BiTechnology,,0,240,15
1770235590,IT Acc.,KEYBOARD,5099206110977,171643728,LOGITECH,LOGITECH Pebble Keys2 K380S Çoklu Cihaz Bluetooth Kablosuz Klavye Beyaz,5,25,Retail,2259.99,3,UzmanlarPC,,0,0,0
1774844636,IT Acc.,KEYBOARD + MOUSE SETS,5099206087293,172905491,LOGITECH,LOGITECH MK470 920-009435 Kablosuz Klavye ve Mouse Seti Siyah,6,25,Retail,3701.3,2,Kraft Online,,0,0,0
1804342314,Gaming Acc.,GAME PADS,0711719022381,171269895,PLAYSTATION,"PLAYSTATION Playstation Dualsense PlayStation 5, PC Kablosuz Kontrol Cihazı Siyah",4,100,Retail,6599,3,Kavastech,,0,1,1
1789164470,CE Acc.,POWERBANKS,8806095287263,172298149,SAMSUNG,SAMSUNG EB-P4520X 20000 mAh Powerbank Bej,5,80,Retail,3699,5,ScHitec,,0,3,3
1834098933,IT Acc.,KEYBOARD + MOUSE SETS,5099206039315,171235994,LOGITECH,LOGITECH MK270 Kablosuz Klavye Mouse Seti Siyah,6,20,Retail,2426.39,5,Yedigün Bilişim,,0,0,0
1821776454,IT Acc.,KEYBOARD + MOUSE SETS,5099206092471,172905487,LOGITECH,LOGITECH MK295 kablosuz Klavye ve Mouse Seti Siyah,8,26,Retail,1699,2,TNG Bilişim,,0,0,0
1820541800,IT Acc.,KEYBOARD + MOUSE SETS,5099206053700,172385701,LOGITECH,LOGITECH MK345 Kablosuz Kablosuz Klavye ve Mouse Seti Siyah,7,43,Retail,2199,2,TNG Bilişim,,0,0,0
1835980223,IT Acc.,WLAN REPEATER,6957939001094,171030510,MERCUSYS,MERCUSYS ME80X 3000 Mbps Menzil Genişletici,1,28,Retail,2399,1,TNG Bilişim,,0,0,0
1819004549,Gaming Acc.,GAME PADS,0711719022350,171369439,SONY,SONY Playstation Dualsense PlayStation 5 Kablosuz Kontrol Cihazı Beyaz,6,100,Retail,4999,2,Kontorland,,0,3,3
1826348384,IT Acc.,HARD DISK (INTERNAL),0887276429595,172905475,SAMSUNG,SAMSUNG 870 Evo MZ-77E1T0BW 560 MB/s-530 MB/s SATA 6 Gbit/s 1 TB SSD,5,10,Retail,25017.37,4,Yedigün Bilişim,,0,225,5
1799489541,Household,PRESSURE COOKERS,4009209419701,174377215,FISSLER,FISSLER Vitaquick Premium Buharda Pişirme Aparatı 6 + 3.5 l Düdüklü Tencere Inox,1,41,Retail,22899,1,Digithome,,0,0,0
1760900711,IT Acc.,GRAPHICS CARDS,4711636057851,157947530,ASUS,ASUS Prime OC GDDR7 128Bit HDMI/DP GeForce RTX™ 5060 8 GB Ekran Kartı,4,5,Retail,29953.7,1,netsiparis,,0,0,0
1825506200,GSM HW,SMARTPHONES,8806097660859,166767255,SAMSUNG,SAMSUNG Galaxy A17 5G 8 GB 256 GB Akıllı Telefon Gri,4,2,Retail,19999,4,Beşken elektronik,,0,899,28
1838935714,Photo,DRONES,6937224123212,162770959,DJI,DJI Mini 5 Pro Fly More Combo (RC 2) | Türkiye Karacasulu Garantili | Drone Gri,1,4,Retail,81999,1,Nova Fotoğraf,,0,0,0
1829999178,SDA,VENTILATOR,0810123675470,155300423,LEVOIT,LEVOIT LPF-R432 Uzaktan Kumandalı Ayaklı Vantilatör Siyah,2,16,Retail,9999,1,Nethouse,,0,,
1747739088,SDA,DEEP FRYER,8720389035791,153727854,PHILIPS,PHILIPS 5000 series HD9285/96 Fritöz Siyah,1,2,Retail,8979.08,1,RAST ENTERPRISE,,0,3,3
1756580817,SDA,WATER DISPENSER,4242005157358,168446909,BOSCH,BOSCH RDW1576 Gizli Damacanalı Su Sebili,2,10,Retail,28598.9,2,Güreller,,0,0,0
1751445401,IT HW,TABLETS,8806097804192,166538181,SAMSUNG,"SAMSUNG Galaxy Tab A11 8,7 inç 4 GB 64 GB Tablet Gümüş",5,1,Retail,6499,5,Beşken elektronik,,0,0,0
1760900442,IT HW,PRINTERS,4549292205800,167534229,CANON,CANON Pixma G4470 Doldurulabilir Mürekkep Tanklı Yazıcı,1,5,Retail,16277.4,1,netsiparis,,0,,
1759799773,CE Acc.,CHARGERS,0745883921614,172099970,BELKIN,"BELKIN BoostCharge Pro 2 Portlu USB-C GaN 67 W, 2M USB-C Kablo Dahil Şarj Cihazı Beyaz",1,112,Retail,1799,1,Nethouse,,0,0,2
1843315527,GSM HW,SMARTPHONES,8806097867159,172942205,SAMSUNG,SAMSUNG Galaxy S26 Ultra 5G 12 GB 512 GB Akıllı Telefon Kobalt Mor,5,10,Retail,98329,2,Reyontek,,0,4,4
1759634701,IT HW,TABLETS,8806097654964,172579728,SAMSUNG,"SAMSUNG Galaxy Tab S10 Lite 10,9 inç 6 GB 128 GB Tablet Gri",2,16,Retail,19798.9,2,Güreller,,0,3,3
1842045471,GSM HW,SMARTPHONES,6932554443016,180770096,XIAOMI,XIAOMI 17T 12 GB 256 GB Akıllı Telefon Beyaz,2,7,Retail,54999,2,Lucky Trend,,0,0,0
1725586571,IT HW,TABLETS,0195950086300,166015595,APPLE,APPLE iPad (A16) Wi-Fi (MD3Y4TU/A) 11 inç 6 GB 128 GB Tablet Gümüş,1,5,Retail,27059,1,Bittibitiyor,,0,4,4
1770893457,SDA,TOOTHBRUSH ELECTRICAL,4210201415558,165259820,ORAL-B,ORAL-B Seyahat Kabı +IO 5 Şarjlı Diş Fırçası Siyah,2,22,Retail,8499,1,Braun Shop,,0,0,0
1751404879,SDA,TOOTHBRUSH ELECTRICAL,4210201439868,168539228,ORAL-B,ORAL-B iO 10 Manyetik Şarj - Seyahat Kabı Şarjlı Diş Fırçası Siyah,3,2,Retail,18883.13,1,RAST ENTERPRISE,,0,0,0
1826348503,IT Acc.,SWITCHES,6935364072551,101425663,MERCUSYS,MERCUSYS MS108G 8 Switch Siyah,3,25,Retail,1550.21,3,Yedigün Bilişim,,0,4,0
1770235799,IT Acc.,PC POWER SUPPLY,4711377126632,164023547,MSI,MSI MAG A550BNL 550W 80+ 550 W Güç Kaynağı Siyah,3,3,Retail,3219.84,2,UzmanlarPC,,0,20,3
1617765988,IT Acc.,PC CHASSIS / HOUSING,4711377293181,156594995,MSI,MSI MAG PANO 110R PZ Gaming Bilgisayar Kasası,3,100,Retail,5428,1,Tekramarket,,0,0,0
1821751129,SDA,IPL HAIR REMOVAL SYSTEMS,6974667823958,164546290,ULIKE,ULIKE Air 3 IPL Lazer Epilasyon Cihazı Beyaz,1,7,Retail,25499,1,Prolet,,0,0,0
1755860007,SDA,WATER DISPENSER,8690842296871,170715015,ALTUS,ALTUS AL-1127 Su Sebili,4,2,Retail,8857.67,2,RAST ENTERPRISE,,0,0,0
1826349153,IT Acc.,SWITCHES,0849439000386,101425659,MERCUSYS,MERCUSYS MS108 8-Port Desktop 8 Switch Beyaz,7,25,Retail,986.47,7,Yedigün Bilişim,,0,0,0
1838935851,GSM HW,SMARTPHONES,6932554443016,180770096,XIAOMI,XIAOMI 17T 12 GB 256 GB Akıllı Telefon Beyaz,2,11,Retail,44599,1,CepHane Teknoloji,,0,0,0
1838156480,Photo,MIRRORLESS SYSTEM CAMERAS,4960759915702,158292175,NIKON,NIKON Z 50II + Nikkor Z DX 16-50 VR + 50-250 VR APS-C Sensör Aynasız Fotoğraf Makinesi,3,17,Retail,79999,1,Nova Fotoğraf,,0,0,0
1828101541,Photo,DIGITAL COMPACT CAMERA,4960759916617,154981143,NIKON,NIKON CoolPix P1100 Dijital Fotoğraf Makinesi Siyah,3,2,Retail,74399,3,BLACKBOX,,0,0,0
1830908816,IT Acc.,MOUSE,0195892091356,159939793,LENOVO,LENOVO M210 RGB GY51M74265 Kablolu Gaming Mouse Siyah,1,3,Retail,695,1,ACCPAZAR,,0,0,3
1828635861,IT Acc.,VIDEO STREAMING,6941948704916,165116014,XIAOMI,XIAOMI S 3rd Gen TV Box,1,50,Retail,4349,1,TVSHOOP,,0,3,3
1784640270,MDA,WASHING MACHINE,8806091646804,160175119,LG,LG F4V3VYW3WE B Enerji Sınıfı 9 kg Çamaşır Makinesi Beyaz,2,5,Retail,36699,1,Smartevim,,0,68,0
1736655461,MDA,WASHER DRYER,8806095669472,169760141,SAMSUNG,SAMSUNG WD11DG5B15BE 1400 Devir D Enerji Sınıfı 11 kg Kurutmalı Çamaşır Makinesi Beyaz,1,10,Retail,50399,1,Smartevim,,0,0,0
1782992489,GSM HW,SMARTPHONES,8806097867159,172942205,SAMSUNG,SAMSUNG Galaxy S26 Ultra 5G 12 GB 512 GB Akıllı Telefon Kobalt Mor,5,5,Retail,98499,3,Bittibitiyor,,0,4,4
1793531328,TV,TELEVISION,8806097122180,173775699,SAMSUNG,SAMSUNG QE65Q7F5AUXTK SS6 65 inç 164 cm Dahili Uydu Alıcılı 4K UHD SMART TV QLED TV,2,1,Retail,70167.9,2,Güreller,,0,2,2
1770237050,IT Acc.,KEYBOARD + MOUSE SETS,5099206053700,172385701,LOGITECH,LOGITECH MK345 Kablosuz Kablosuz Klavye ve Mouse Seti Siyah,7,20,Retail,2481.64,4,UzmanlarPC,,0,0,0
1788835302,MDA,REFRIGERATOR,8059019119809,173294103,HOOVER,HOOVER HONCQ2T818EX 640 L No Frost E Enerji Sınıfı Alttan Donduruculu Buzdolabı Inox,1,69,Retail,57419,1,Airyshop,,0,,
1837995726,GSM HW,SMARTPHONES,8806097869689,172942185,SAMSUNG,SAMSUNG Galaxy S26 5G 12 GB 256 GB Akıllı Telefon Kobalt Siyah,4,1,Retail,69899,3,ACCPAZAR,,0,2,2
1828566559,IT Acc.,KEYBOARD,5099206033078,174083182,LOGITECH,LOGITECH K270 Kablosuz Klavye Siyah,5,20,Retail,2099.3,4,Yedigün Bilişim,,0,0,0
1828566557,IT Acc.,KEYBOARD + MOUSE SETS,5099206033641,172385682,LOGITECH,LOGITECH MK330 Bluetooth Klavye ve Mouse seti Siyah,8,20,Retail,2644.45,7,Yedigün Bilişim,,0,0,0
1803544399,Floor care,VACUUM CLEANER,6221064039711,173220039,TEFAL,TEFAL TW37B1TR Compact Power Cyclonic Toz Torbasız Elektrikli Süpürge Gri-Beyaz,2,18,Retail,5999,1,Digithome,,0,0,0
1831991720,Floor care,ROBOT VACUUM CLEANERS,6936905905000,174504306,ROBOROCK,ROBOROCK Qrevo Edge 2 Pro Akıllı Robot Süpürge Beyaz,2,1,Retail,89999,2,ACCPAZAR,,0,1,1
1788835741,MDA,HOBS,8059019021713,173585733,HOOVER,HOOVER HVW6MW Cam Ankastre Gazlı Ocak Beyaz,1,19,Retail,7739,1,Airyshop,,0,1,1
1752692476,Smart Home,SMART HOME LIGHTS,6974316990246,171888094,GOVEE,GOVEE RGBICWW 2 Pro x JBL Hoparlörlü Bluetooth Masa Lambası,1,25,Retail,11999,1,Lucky Trend,,0,113,1
1750052851,GSM HW,SMARTPHONES,4894947092527,168221646,TECNO,TECNO Spark 40C 4 GB 128 GB Akıllı Telefon Titanyum Gri,2,5,Retail,11079,2,Reyontek,,0,0,0
1650940730,GSM HW,SMARTPHONES,4894947102912,166702022,TECNO MOBILE,TECNO MOBILE Spark Slim 5G 8 GB 256 GB Akıllı Telefon Beyaz,1,2,Retail,21799,1,CepHane Teknoloji,,0,1,1
1788912028,CE Acc.,TRUE WIRELESS HEADPHONES,6941876256143,166890034,UGREEN,"UGREEN HITUNE MAX6 STUDIO PRO KULAKLIK, BEYAZ Kablosuz Bluetooth Kulak Üstü Kulaklık Beyaz",1,10,Retail,5999,1,Decide,,0,0,0
1760900625,IT HW,MONITOR,4711387906835,158331763,ASUS,ASUS TUF GAMING VG27AQ5A 27 FAST IPS 27 inç WQHD 1 ms 210 Hz Gaming Monitör Siyah,5,20,Retail,14429.3,2,netsiparis,,0,0,0
1842831345,SDA,ICE-CREAM MACHINE,0622356350907,161461057,NINJA,NINJA Creami Deluxe NC502EU Dondurma Makinesi Gri,2,1,Retail,16925,1,BiTechnology,,0,0,0
1822168180,Gaming,GAME CONSOLE,0711719020844,166110788,SONY PLAYSTATION,SONY PLAYSTATION Playstation 5 Digital 825 GB Oyun Konsolu Beyaz,2,5,Retail,45999,1,ONETRADE,,0,4,4
1812291294,Gaming Acc.,GAMING MOUSE PAD,0197498446783,158825330,HP,HP 8X596AA 200 Dezenfekte Edilebilir Masa Matı Oyuncu Mouse Pad Gri,1,313,Retail,799,1,GpnTeknoloji,,0,0,0
1822168021,Gaming Acc.,GAME PADS,0711719576013,153528804,PLAYSTATION,PLAYSTATION PLAYSTATION DUALSENSE/STARLIGHT BLUE PlayStation 5 Kablosuz Oyun Kolu Starlight Blue,1,5,Retail,6999,1,ONETRADE,,0,90,2
1768272705,Floor care,ROBOT VACUUM CLEANERS,4242005525805,168503357,BOSCH HAUSGERÄTE,BOSCH HAUSGERÄTE BCRDW3BX Robot Süpürge Siyah,1,8,Retail,41999,1,Tozkoparanas,,0,0,0
1844906040,Floor care,VACUUM CLEANER,8682511902954,169874684,FAKIR,FAKIR Freelander RC7081 Kumandalı Toz Torbasız Süpürge Siyah,1,1,Retail,12240,1,RAST ENTERPRISE,,0,0,0
1777611392,Floor care,VACUUM CLEANER,8710103904168,165148812,PHILIPS,PHILIPS Marathon Ultimate XB9185/07 899 W Toz Torbasız Süpürge Yeşil,6,3,Retail,20899,4,Makroreyon,,0,4,4
1825356160,CE Acc.,USB CABLE,6957303861637,157935959,UGREEN,UGREEN 60163 Lightning - USB-A Örgülü MFi Sertifikalı iPhone 2 m Hızlı Şarj Kablosu Beyaz,1,17,Retail,1079.1,1,Decide,,0,0,0
1796527512,IT HW,PRINTERS,0195908303244,154463457,HP,HP Smart Tank 6UU48A 670 Wi-Fi Renkli Çok Fonksiyonlu Yazıcı,2,2,Retail,24685.5,2,netsiparis,,0,0,0
1777184129,IT HW,PRINTERS,4549292242140,168010845,CANON,CANON i-SENSYS MF664Cdw Çok Fonksiyonlu Lazer Yazıcı,5,10,Retail,27671.97,5,Yedigün Bilişim,,0,2,2
1770234939,IT HW,PRINTERS,4549292242140,168010845,CANON,CANON i-SENSYS MF664Cdw Çok Fonksiyonlu Lazer Yazıcı,5,20,Retail,22643.11,2,UzmanlarPC,,0,2,2
1828873596,IT HW,PRINTERS,4549292245998,155838660,CANON,CANON Maxify BX110 Wi-Fi Mürekkep Püskürtmeli Taşınabilir Yazıcı,4,5,Retail,25619.94,4,Yedigün Bilişim,,0,3,0
1814531812,SDA,TEA MAKER,8691607341041,155442637,KORKMAZ,KORKMAZ A341-04 Çaykolik Paslanmaz Demlik 3 l Çay Makinesi Siyah,2,16,Retail,5350,1,Burak Züccaciye,,0,0,0
1761746788,GSM HW,SMARTPHONES,8806097868545,172942207,SAMSUNG,SAMSUNG Galaxy S26 5G 12 GB 256 GB Akıllı Telefon Gök Mavisi,3,5,Retail,64319,2,Reyontek,,0,2,2
1832518823,IT Acc.,MAINBOARDS,4711377360166,158057810,MSI,MSI PRO B840M-B B840 DDR5 MATX Anakart,6,4,Retail,6673,2,Tekramarket,,0,44,0
1834114115,IT Acc.,MAINBOARDS,4711377397216,165828693,MSI,MSI 7E36-001R A620 DDR5 MATX Anakart,5,20,Retail,7136.48,4,Yedigün Bilişim,,0,6,0
1828874827,IT Acc.,GRAPHICS CARDS,4711636057851,157947530,ASUS,ASUS Prime OC GDDR7 128Bit HDMI/DP GeForce RTX™ 5060 8 GB Ekran Kartı,4,5,Retail,40543.22,4,Yedigün Bilişim,,0,0,0
1674442796,GSM HW,SMARTPHONES,0195950639650,166347622,APPLE,APPLE iPhone 17 Pro Max 12 GB 512 GB Akıllı Telefon Turuncu,4,5,Retail,154539,2,Bittibitiyor,,0,0,0
1646965499,GSM HW,SMARTPHONES,0195950643541,166347553,APPLE,APPLE iPhone 17 8 GB 256 GB Akıllı Telefon Siyah,2,15,Retail,99499,1,CepHane Teknoloji,,0,243,6
1814553285,GSM HW,SMARTPHONES,4894947092527,168221646,TECNO,TECNO Spark 40C 4 GB 128 GB Akıllı Telefon Titanyum Gri,2,1,Retail,9999,1,Başaran Ticaret,,0,0,0
1825598181,GSM HW,SMARTPHONES,6932554454869,167803942,XIAOMI,XIAOMI Redmi 15 8 GB 256 GB Akıllı Telefon Titan Grisi,4,1,Retail,16999,3,Başaran Ticaret,,0,0,0
1834041954,Photo,DRONES,6937224123205,170061543,DJI,DJI Mini 5 Fly Pro Combo Plus RC 2 Drone Gri,3,16,Retail,73999,2,Nova Fotoğraf,,0,3,2
1825401475,Smart Home,SMART HOME IP CAMERAS,1210002602723,170430571,TP-LINK,TP-LINK Tapo C246D Evet Güvenlik Kamerası Beyaz,2,6,Retail,4499,2,Teknorya,,0,0,0
1818321388,CE Acc.,TRUE WIRELESS HEADPHONES,1200130015380,165205235,SPECK,SPECK Wave Buds2 KI /M True Wireless Kulak İçi Kulaklık Beyaz,1,2,Retail,3499,1,Başaran Ticaret,,0,0,0
1587572608,CE Acc.,TRUE WIRELESS HEADPHONES,8887910061152,162245483,RAZER,RAZER BLACKSHARK V3 PRO KBS. KULAKLK SYH Kablosuz Kablosuz Kulak Üstü Oyuncu Kulaklığı Siyah,3,25,Retail,17590,2,Nethouse,,0,1,0
1830004882,IT HW,MONITOR,8699247368398,170579823,CASPER,"CASPER Excalibur M.E236FVC-D 350NIT Fast VA Curved HDR10 23,6 inç Full-HD 1 ms Gaming Monitör Siyah",1,470,Retail,5499,1,Casper Excalibur,,0,0,0
1731534582,Floor care,VACUUM CLEANER,7332543773039,168501230,ELECTROLUX,ELECTROLUX EUFC8ALRGY Ultra Flex 650 W Toz Torbasız Süpürge Beyaz,4,3,Retail,10999,4,TAŞARAVM,,0,2,2
1650593800,IT HW,TABLETS,8806097804208,166537910,SAMSUNG,"SAMSUNG Galaxy Tab A11 8,7 inç 8 GB 128 GB Tablet Gri",2,1,Retail,9011,2,CepHane Teknoloji,,0,0,0
1716021233,GSM Acc.,COVER & CASE (TELECOM),6944629195690,169185570,PIILI,PIILI iPhone 17 Pro Kevlar Serisi Magsafe Telefon Kılıfı Siyah,1,10,Retail,2999,1,Piili,,0,0,0
1756956568,SDA,BEARD TRIMMER,8700216427715,168873070,BRAUN,BRAUN BT9520 Series 9 +7 Berber Ekipman Sakal Düzeltme Makinesi Gri,1,88,Retail,5449,1,Braun Shop,,0,0,0
1770236316,IT Acc.,MOUSE,4058154125274,153344959,LOGITECH,LOGITECH M330 Silent Plus Kablosuz Mouse Kırmızı,5,1,Retail,1420.03,3,UzmanlarPC,,0,0,0
1821355445,IT Acc.,MOUSE,6957303895502,158077062,UGREEN,UGREEN 90550 2400DPI 2.4GHz Sessiz Kablosuz Mouse Mavi,1,35,Retail,799,1,Decide,,0,0,0
1706007320,SDA,STEAM STATION,8720389021879,168739897,PHILIPS,"PHILIPS 6000 Serisi Perfectcare Güçlü Buhar 1,8 Lt Çıkarılabilir Su Haznesi PSG6024/30 Buhar Kazanlı Ütü Mor",2,1,Retail,9999,2,TAŞARAVM,,0,0,0
1796563155,CE Acc.,POWERBANKS,6941876269907,172903510,UGREEN,UGREEN Nexode 67W USB-C Dahili Kablolu Hızlı Şarj  55996B 20.000 mAh Powerbank Gri,1,17,Retail,3849.3,1,Decide,,0,1,1
1760497128,IT Acc.,BAGS FOR NOTEBOOKS,6944629199230,172757807,PIILI,"PIILI Macbook Air 15"" 2023 Uyumlu Hardshell Kapak 15 inç Laptop Kılıfı Şeffaf",1,5,Retail,2999,1,Piili,,0,0,0
1760900943,IT Acc.,KEYBOARD,5099206112285,171643776,LOGITECH,LOGITECH MX Keys S Gelişmiş Kablosuz Klavye Siyah,6,25,Retail,6938.7,1,netsiparis,,0,0,0
1834924819,SDA,HAIR STRAIGHTENER & CRIMPER,8690842577284,171409672,GRUNDIG,GRUNDIG HS 8331 Saç Şekillendirici Rose,1,10,Retail,2510,1,ADA BEYAZ ESYA,,0,0,0
1843594220,SDA,TOOTHBRUSH ELECTRICAL,4210201427087,172369869,ORAL B,ORAL B Vitality Pro Cross Action Elektrikli Diş Fırçası Siyah,4,1,Retail,2199,4,ACCPAZAR,,0,0,0
1826484467,IT Acc.,KEYBOARD,5099206112285,171643776,LOGITECH,LOGITECH MX Keys S Gelişmiş Kablosuz Klavye Siyah,6,6,Retail,9447.91,4,Yedigün Bilişim,,0,0,0
1814475094,Floor care,VACUUM CLEANER RECHARGEABLE,5025155108963,171983556,DYSON,DYSON PencilVac Fluffycones Şarjlı Dikey Süpürge Siyah,1,25,Retail,21999,1,Aypa Teknoloji,,0,0,0
1771550792,MDA,FITTED OVENS,8690842582394,171071563,ALTUS,ALTUS ALA 322 W Elektroturbo 72 l Ankastre Fırın Beyaz,2,1,Retail,19650,2,Yörük Toptan,,0,0,0
1834100347,IT Acc.,KEYBOARD + MOUSE SETS,5099206087293,172905491,LOGITECH,LOGITECH MK470 920-009435 Kablosuz Klavye ve Mouse Seti Siyah,6,20,Retail,4737.82,6,Yedigün Bilişim,,0,0,0
1795240206,Floor care,VACUUM CLEANER RECHARGEABLE,0011120281163,172297418,BISSELL,BISSELL FurGuard Pro 2'si 1 Arada Kablosuz Şarjlı Dikey Süpürge Mavi,2,75,Retail,12999,1,Btpeak,,0,0,1
1820555028,SDA,IPL HAIR REMOVAL SYSTEMS,8720689047692,171748928,PHILIPS,"PHILIPS Lumea BRI950/02 IPL Epilasyon Aleti Beyaz, Rose",7,1,Retail,22999,7,Göksu Teknoloji,,0,0,0
1752692431,Smart Home,SMART HOME LIGHTS,6974316990383,171888078,GOVEE,GOVEE AI Sync Box Kit 2 27-34 İnç Bluetooth Led Aydınlatma,1,20,Retail,17999,1,Lucky Trend,,0,0,0
1825869709,Smart Home,SMART HOME LIGHTS,4895252502763,159355142,TP-LINK,TP-LINK L535E 1055 L Bluetooth Akıllı Ampul,1,1955,Retail,899,1,Nethouse,,0,2,2
1620638940,IT Acc.,GRAPHICS CARDS,4711377342544,155816142,MSI,MSI V537-005R GeForce RTX™ 5060 8 GB Ekran Kartı,7,14,Retail,28179,1,BETA PLUS TEKNOLOJİ,,0,12,0
1756705329,IT Acc.,GRAPHICS CARDS,4711636057899,159027703,ASUS,ASUS Dual OC GDDR7 128Bit HDMI/DP GeForce RTX™ 5060 8 GB Ekran Kartı,6,325,Retail,28179,2,BETA PLUS TEKNOLOJİ,,0,0,0
1674443226,GSM HW,SMARTPHONES,0195950639858,166347655,APPLE,APPLE iPhone 17 Pro Max 12 GB 512 GB Akıllı Telefon Derin Mavi,1,5,Retail,154539,1,Bittibitiyor,,0,0,0
1754430619,GSM HW,SMARTPHONES,6932554491536,169130256,XIAOMI,XIAOMI Redmi Note 15 Pro 5G 8 GB 256 GB Akıllı Telefon Siyah,2,5,Retail,28699,1,Bittibitiyor,,0,1,1
1663304811,GSM HW,SMARTPHONES,8806097660842,166767228,SAMSUNG,SAMSUNG Galaxy A17 5G 8 GB 256 GB Akıllı Telefon Siyah,5,2,Retail,18499,2,CepHane Teknoloji,,0,2,2
1605337520,GSM HW,SMARTPHONES,8806097662228,164308441,SAMSUNG,SAMSUNG Galaxy S25 FE 8 GB 256 GB Akıllı Telefon Gece Siyahı,3,5,Retail,42599,3,Bittibitiyor,,0,7,7
1835986613,Photo,DRONES,6937224123090,168539365,DJI,DJI Mını 5 Pro Fly More Combo (Rc-N3) | Türkiye Karacasulu Garantili | Drone Gri,2,3,Retail,62999,1,BLACKBOX,,0,0,0
1735750476,SDA,AIR PURIFIER,8720389064678,170231979,PHILIPS,PHILIPS AC2220/10 PureProtect Quiet 2200 Serisi Akıllı Hava Temizleme Cihazı Beyaz,2,10,Retail,20999,2,ONETRADE,,0,1,1
1840015044,IT HW,MONITOR,4711387984710,161071125,ASUS,"ASUS TUF Gaming VG259QMR5A IPS LED 24,5 inç Full-HD 0,3 ms 60 Hz Monitör Siyah",4,9,Retail,13676.6,3,Kraft Online,,0,0,0
1821452354,IT Acc.,SWITCHES,0849439000386,101425659,MERCUSYS,MERCUSYS MS108 8-Port Desktop 8 Switch Beyaz,7,20,Retail,960.69,6,Yedigün Bilişim,,0,0,0
1830527585,IT Acc.,INK CARTRIDGE & TONER,0196548611102,168512857,HP,HP 938 Orijinal Toner Fused Deposition Modeling (FDM) Toner Cam Göbeği,4,100,Retail,1813.5,3,Kraft Online,,0,0,0
1770235155,IT HW,PRINTERS,4549292245998,155838660,CANON,CANON Maxify BX110 Wi-Fi Mürekkep Püskürtmeli Taşınabilir Yazıcı,4,2,Retail,19965.75,3,UzmanlarPC,,0,3,0
1832520517,IT Acc.,PC CHASSIS / HOUSING,4711377373302,172533708,MSI,MSI AG PANO 130R PZ White 4x120mm ARGB Fan Temperli Cam Mid Tower ATX Gaming Bilgisayar Kasası,3,20,Retail,5428,1,Tekramarket,,0,1,0
1836395002,Hi-Fi,PORTABLE SPEAKER,0194644174095,173232344,ANKER,ANKER Soundcore Glow Taşınabilir Hoparlör Mavi,1,1,Retail,4799,1,Bittibitiyor,,0,0,0
1793567290,SDA,HAND MIXER & HAND BLENDER,8697975601435,173573241,TEFAL,TEFAL Powelix Activflow Expert 1500 W Blender Seti Siyah,3,1,Retail,7478.9,2,Güreller,,0,0,0
1774844629,IT Acc.,KEYBOARD + MOUSE SETS,5099206039315,171235994,LOGITECH,LOGITECH MK270 Kablosuz Klavye Mouse Seti Siyah,6,186,Retail,1627.2,2,Kraft Online,,0,0,0
1774844633,IT Acc.,KEYBOARD + MOUSE SETS,5099206087309,172385688,LOGITECH,LOGITECH MK470 Kablosuz Kablosuz Klavye ve Mouse Beyaz,6,10,Retail,3685.5,2,Kraft Online,,0,0,0
1830520893,IT Acc.,KEYBOARD,5099206099081,174083185,LOGITECH,LOGITECH MX Keys Mini Kablosuz Klavye Siyah,5,11,Retail,7406.4,1,Kraft Online,,0,0,0
1821347506,IT Acc.,SWITCHES,6935364072582,133570107,MERCUSYS,MERCUSYS MS105 10/100Mbps 5 Switch Beyaz,4,5,Retail,919.22,4,Yedigün Bilişim,,0,0,0
1780707405,SDA,IPL HAIR REMOVAL SYSTEMS,8720689017404,171649586,PHILIPS,PHILIPS BRI 921/00 Lumea IPL Lazer Epilasyon Cihazı Beyaz,2,10,Retail,15219,2,Dükkan35,,0,3,2
1826349602,IT Acc.,KEYBOARD + MOUSE SETS,5099206039315,171235994,LOGITECH,LOGITECH MK270 Kablosuz Klavye Mouse Seti Siyah,6,25,Retail,2514.67,6,Yedigün Bilişim,,0,0,0
1826224056,IT Acc.,KEYBOARD,5099206099081,174083185,LOGITECH,LOGITECH MX Keys Mini Kablosuz Klavye Siyah,5,25,Retail,9002.75,5,Yedigün Bilişim,,0,0,0
1844898970,IT HW,TABLETS,8806097196587,172368259,SAMSUNG,"SAMSUNG Samsung Galaxy Tab S10 FE+ SM-X620 BLUE 12/256GB 2 Yıl Kapalı Kutu Türkiye Garantili 10,9 inç 12 GB 128 GB Tablet Mavi",1,1,Retail,49999,1,ACCPAZAR,,0,124,2
1826348488,IT Acc.,CABLES & ADAPTERS,6957939003586,173637627,MERCUSYS,MERCUSYS MU6H AC650 Mbps High Gain Wireless Dual Band Usb Adaptör Siyah,1,10,Retail,1248.87,1,Yedigün Bilişim,,0,0,0
1837994950,GSM HW,SMARTPHONES,8806097868484,172942206,SAMSUNG,SAMSUNG Galaxy S26 5G 12 GB 256 GB Akıllı Telefon Kobalt Mor,2,1,Retail,69899,1,ACCPAZAR,,0,1,1
1820901442,Smart Home,SMART HOME IP CAMERAS,8885020624984,172785980,TP-LINK,TP-LINK Tapo C530WS 360° Dış Mekan Kablosuz 3K Evet IP Kamera Beyaz,2,5,Retail,3999,2,Lucky Trend,,0,0,0
1768683771,SDA,ESPRESSO CAPSULE MACHINES,7630428744793,173508789,NESPRESSO,NESPRESSO F541 White Gran Lattissima Kahve Makinesi Beyaz,1,858,Retail,18999,1,Beros,,0,0,0
1743084717,MDA,HOODS,8690842642999,170714971,ALTUS,ALTUS ALA 522 I İNOX DAVLUMBAZ A4 Duvar Tipi Piramit Oval Davlumbaz Inox,3,1,Retail,8764,2,Akpa DTM,,0,,
1828564029,Hi-Fi,HIFI SPEAKERS,5099206093263,134321509,LOGITECH,LOGITECH Z407 Subwoofer 2.1 Hoparlör Siyah,2,13,Retail,9351.94,2,Yedigün Bilişim,,0,1,1
1828875463,IT Acc.,GRAPHICS CARDS,4711636057899,159027703,ASUS,ASUS Dual OC GDDR7 128Bit HDMI/DP GeForce RTX™ 5060 8 GB Ekran Kartı,6,10,Retail,38362.63,6,Yedigün Bilişim,,0,0,0
1683476844,GSM HW,SMARTPHONES,4894947089558,163887326,TECNO,TECNO Spark Go 2 4 GB 128 GB Akıllı Telefon Siyah,4,27,Retail,10099,3,CepHane Teknoloji,,0,2,2
1840878008,GSM HW,SMARTPHONES,6932169383844,170556917,OPPO,OPPO A6 Pro 5G 8 GB 256 GB Akıllı Telefon Gül Kızılı,1,1,Retail,29999,1,Başaran Ticaret,,0,1,1
1633745938,GSM HW,SMARTPHONES,6932554456368,164309016,XIAOMI,XIAOMI Redmi 15C 8 GB 256 GB Akıllı Telefon Siyah,3,13,Retail,14699,1,CepHane Teknoloji,,0,513,60
1836479514,SDA,AIR PURIFIER,0810043375214,158794487,LEVOIT,LEVOIT Core 600S Hava Temizleme Cihazı Beyaz,2,1,Retail,33500,2,BiTechnology,,0,0,0
1584099215,SDA,RADIATOR / FAN HEATER / CONVECTOR,6941812795293,163216746,XIAOMI,XIAOMI Masaüstü EU 600 W Isıtıcı Beyaz,2,9,Retail,1499,2,NF BİLİŞİM,,0,34,0
1789110374,Floor care,VACUUM CLEANER,7332543773039,168501230,ELECTROLUX,ELECTROLUX EUFC8ALRGY Ultra Flex 650 W Toz Torbasız Süpürge Beyaz,4,50,Retail,9999,3,Sizin Reyon,,0,2,2
1834098473,IT Acc.,WLAN ROUTER,6932849424676,157489770,TENDA,TENDA TE3L Dual-Band BE3600 Gigabit Wi-Fi 7 Kablosuz 3 Port 1 Gbit/s MU-MIMO Router,3,5,Retail,5392,3,Yedigün Bilişim,,0,0,0
1826160098,SDA,STEAM STATION,3121040092651,157278505,TEFAL,TEFAL AeroSteam DT9814 Portatif Buharlı Dikey Düzleştirici Beyaz,2,5,Retail,5999,1,Smartevim,,0,0,0
1824291897,Floor care,VACUUM ACCESSORIES,4054278315928,172084117,KÄRCHER,KÄRCHER Buhar Temizleyici için Yuvarlak Fırça Seti - 2.863-264.0 Sarı-Antrasit,1,2,Retail,769.33,1,Premiumsepet,,0,0,0
1770761656,IT Acc.,KEYBOARD + MOUSE SETS,5099206063945,173003259,LOGITECH,LOGITECH MK235 920-007925 Bluetooth Klavye ve Mouse Seti Siyah,8,20,Retail,1471.2,2,netsiparis,,0,0,0
1771145157,IT Acc.,CARD READER,8885020626940,172051351,TP-LINK,TP-LINK UA430C USB 3.0 Type-C SD Kart Okuyucu Gri,1,1,Retail,1048.8,1,Kraft Online,,0,0,0
1775041017,Floor care,VACUUM CLEANER RECHARGEABLE,8720389077159,171736718,PHILIPS,PHILIPS 6000 Serisi XC6456/10 Şarjlı Dikey Süpürge Siyah,1,2,Retail,15985.36,1,RAST ENTERPRISE,,0,0,0
1799951831,IT Acc.,KEYBOARD,8887910073698,172383141,RAZER,RAZER Huntsman V3X TNKY Kablolu Klavye Siyah,2,164,Retail,4499,1,Teknorya,,0,,
1834098930,IT Acc.,KEYBOARD + MOUSE SETS,5099206053700,172385701,LOGITECH,LOGITECH MK345 Kablosuz Kablosuz Klavye ve Mouse Seti Siyah,7,20,Retail,2949.73,7,Yedigün Bilişim,,0,0,0
1842922091,SDA,TOOTHBRUSH ELECTRICAL,8720689042987,171748106,PHILIPS,PHILIPS Sonicare HX4021/01 Şarjlı Diş Fırçası Beyaz,2,1,Retail,2499,1,Aypa Teknoloji,,0,0,0
1833770463,IT Acc.,KEYBOARD,5099206098374,171643676,LOGITECH,LOGITECH G G413 SE Mekanik Kablolu Klavye Siyah,4,3,Retail,3299,1,Teknomevo,,0,0,0
1745477331,MDA,FITTED OVENS,8690842585944,171071536,ALTUS,ALTUS ALA 322 G 72 l Ankastre Fırın Gri,3,1,Retail,21070,2,Akpa DTM,,0,0,1
1822055325,SDA,BLENDER,8720389068126,171866860,PHILIPS,PHILIPS HR2672/00 3000 Serisi 350 W Smoothie Blender Siyah,2,1,Retail,3999,2,BakserLTD,,0,0,0
1820545740,IT Acc.,WLAN ROUTER,1210002600842,172897338,TP-LINK,"TP-LINK Archer BE220 Wi-Fi 7 Kablolu - Kablosuz 5 Port 3,6 Gbit/s MU-MIMO, MIMO Router",3,528,Retail,2599,1,Gamers Arena,,0,0,0
1831995726,SDA,HAIR DRYER,8720689036238,171747513,PHILIPS,PHILIPS BHD350/06 2100 W Saç Kurutma Makinesi Siyah,1,1,Retail,1995,1,ACCPAZAR,,0,0,0
1834100336,IT Acc.,KEYBOARD + MOUSE SETS,5099206092471,172905487,LOGITECH,LOGITECH MK295 kablosuz Klavye ve Mouse Seti Siyah,8,20,Retail,2683.7,8,Yedigün Bilişim,,0,0,0
1842323138,SDA,MULTIGROOMER,8720689040020,171730604,PHILIPS,PHILIPS BG3480/15 Vücut Bakım Seti Gri,2,3,Retail,3888,2,Derka Shop,,0,0,0
1752692861,CE Acc.,CHARGERS,6932172628666,171834913,BASEUS,BASEUS Cube Pro USB-C 30W Hızlı Şarj Adaptörü Siyah,1,41,Retail,999,1,Lucky Trend,,0,0,0
1843596831,SDA,TOOTHBRUSH ELECTRICAL,4210201426981,172369811,ORAL B,ORAL B Vitality Pro Cross Action Elektrikli Diş Fırçası Lila,5,1,Retail,2189,2,ACCPAZAR,,0,0,0
1826223940,IT Acc.,INK CARTRIDGE & TONER,4549292016970,171581994,CANON,CANON PG-46 Kartuş Mürekkep baskı Siyah,5,6,Retail,1536.68,4,Yedigün Bilişim,,0,0,0
1828564031,Hi-Fi,HIFI SPEAKERS,5099206048799,112684388,LOGITECH,LOGITECH Z150 2.0 Beyaz Multimedya Hoparlör Beyaz,3,15,Retail,2811.82,3,Yedigün Bilişim,,0,0,0
1789738908,SDA,AIR PURIFIER,5025155136140,172070677,DYSON,DYSON HushJet Kompakt Hava Temizleme Cihazı Beyaz,2,5,Retail,26999,2,Aypa Teknoloji,,0,0,0
1819004700,Gaming Acc.,GAME PADS,0711719022381,171269895,PLAYSTATION,"PLAYSTATION Playstation Dualsense PlayStation 5, PC Kablosuz Kontrol Cihazı Siyah",4,100,Retail,4999,1,Kontorland,,0,1,1
1745477345,MDA,FREEZER & CHEST FREEZER,8690842650260,171071486,ALTUS,ALTUS AL 2205 JE Sandık Tipi E Enerji Sınıfı 1 Bölmeli Derin Dondurucu Beyaz,2,1,Retail,31613,1,Akpa DTM,,0,42,0
1789300382,IT Acc.,BAGS FOR TABLETS,8806095906188,172536143,SAMSUNG,SAMSUNG Ultra Klavyeli Mousepadli Tab S10 / S9 Tablet Kılıfı Siyah,2,1,Retail,14999,1,ScHitec,,0,0,0
1826484480,IT Acc.,KEYBOARD,5099206110755,171643749,LOGITECH,LOGITECH K380S Pebble Keys 2 Çoklu Cihaz Özellikli Bluetooth Türkçe Q Kablosuz Klavye Gri,6,25,Retail,2688.06,4,Yedigün Bilişim,,0,0,0
1828564030,Hi-Fi,HIFI SPEAKERS,5099206004023,101313051,LOGITECH,LOGITECH S150 2.0 Hoparlör Siyah,5,20,Retail,2261.79,5,Yedigün Bilişim,,0,0,0
1789111424,CE Acc.,CHARGERS,8806097039716,174091361,SAMSUNG,SAMSUNG Type C Çıkışlı   EP-T4511NBEGWW (Super Fast Charging 2.0 / PD 3.0 / PPS Destekli) Şarj Adaptörü Siyah,1,4,Retail,2999,1,ScHitec,,0,0,0
1843602120,CE Acc.,POWERBANKS,8806095287263,172298149,SAMSUNG,SAMSUNG EB-P4520X 20000 mAh Powerbank Bej,5,1,Retail,3175,3,ACCPAZAR,,0,3,3
1837991745,GSM HW,SMARTPHONES,8806097869610,172942212,SAMSUNG,SAMSUNG Galaxy S26 5G 12 GB 256 GB Akıllı Telefon Beyaz,2,1,Retail,69899,1,ACCPAZAR,,0,3,3
1752103204,CE Acc.,CHARGERS,8806092669987,171827615,SAMSUNG,SAMSUNG EP-T6530N Üçlü Şarj Aleti Siyah,2,1,Retail,2599,1,Lucky Trend,,0,0,0
1826484483,IT Acc.,KEYBOARD,5099206112285,171643776,LOGITECH,LOGITECH MX Keys S Gelişmiş Kablosuz Klavye Siyah,6,25,Retail,9491.52,5,Yedigün Bilişim,,0,0,0
1834109010,IT Acc.,KEYBOARD,5099206111387,171643707,LOGITECH,LOGITECH Pebble Keys 2 K380S Çoklu Cihaz Bluetooth Kablosuz Klavye Pembe,4,14,Retail,3407.66,4,Yedigün Bilişim,,0,0,0
1827748056,GSM HW,SMARTPHONES,4894947105296,180018653,TECNO,TECNO Spark Go 3 4 GB 128 GB Akıllı Telefon Titanyum,1,5,Retail,11999,1,NEONBİL,,0,0,0
1788830800,MDA,HOODS,8059019071367,173280555,HOOVER,HOOVER HDG6C1GBTK H2 Yatık Davlumbaz Siyah,1,20,Retail,7029,1,Airyshop,,0,8,2
1811825667,SDA,HAIR STRAIGHTENER & CRIMPER,8710103888406,171576626,PHILIPS,"PHILIPS BHS375/00 Saç Düzleştirici Siyah, Pembe",3,3,Retail,2049,2,Airyshop,,0,0,0
1816206920,CE Acc.,TRUE WIRELESS HEADPHONES,6953156299290,171554195,BASEUS,BASEUS Bass BH1 Lite Bluetooth Kablosuz Kulak Üstü Kulaklık Beyaz,1,22,Retail,1499,1,erka,,0,0,0
1821344533,MDA,FITTED OVENS,8690842585944,171071536,ALTUS,ALTUS ALA 322 G 72 l Ankastre Fırın Gri,3,1,Retail,21070,3,NOVAELECTRONICS,,0,0,1
1756652282,GSM Acc.,"HOLDERS (HOME, CAR, SELFIE, BIKE)",6932172670030,172103422,BASEUS,BASEUS PrimeTrip C02 Manyetik Araç İçi Telefon Tutucu,1,7,Retail,1099,1,Lucky Trend,,0,0,0
1788835743,MDA,HOBS,8059019021515,173290971,HOOVER,HOOVER HVW6MBB H2 Cam Ankastre Gazlı Ocak Siyah,1,100,Retail,6289,1,Airyshop,,0,26,2
1782438263,IT Acc.,WLAN ADAPTER & CARDS,0840030702600,173699613,TP-LINK,TP-LINK Archer T2UB Nano AC600 Wi-Fi Bluetooth 4.2 U Adaptör Siyah,2,48,Retail,899,1,Lucky Trend,,0,0,0
1828856157,IT Acc.,KEYBOARD + MOUSE SETS,5099206092471,172905487,LOGITECH,LOGITECH MK295 kablosuz Klavye ve Mouse Seti Siyah,8,20,Retail,2644.45,7,Yedigün Bilişim,,0,0,0
1836452170,IT Acc.,HARD DISK (INTERNAL),0887276429595,172905475,SAMSUNG,SAMSUNG 870 Evo MZ-77E1T0BW 560 MB/s-530 MB/s SATA 6 Gbit/s 1 TB SSD,5,17,Retail,25279.05,5,Yedigün Bilişim,,0,225,5
1845307897,SDA,TOOTHBRUSH ELECTRICAL,8720689042161,171830041,PHILIPS,"PHILIPS Sonicare HX4022/03 Şarjlı Diş Fırçası Beyaz, Pembe",2,15,Retail,2999,2,Aypa Teknoloji,,0,0,0
1834098917,IT Acc.,KEYBOARD,5099206033078,174083182,LOGITECH,LOGITECH K270 Kablosuz Klavye Siyah,5,20,Retail,1964.1,3,Yedigün Bilişim,,0,0,0
1774080714,IT HW,PRINTERS,4549292066258,172919898,CANON,CANON Pixma E414 Tarayıcı + Fotokopi Çok Fonksiyonlu Renkli Mürekkep Püskürtmeli Yazıcı,4,25,Retail,4364.21,4,Yedigün Bilişim,,0,1,1
1831906798,SDA,ESPRESSO CAPSULE MACHINES,7630428744519,174305785,NESPRESSO,NESPRESSO F541 Gran Latissima Süt Çözümlü Kahve Makinesi Siyah,1,315,Retail,18999,1,Beros,,0,0,0
1826223941,IT Acc.,INK CARTRIDGE & TONER,4549292016963,171582010,CANON,CANON CL-56 Kartuş Mürekkep baskı Çok Renkli,6,7,Retail,1920.76,5,Yedigün Bilişim,,0,0,4
1773605578,TV,VIDEO PROJECTOR,6939119093617,171852778,HAVIT,HAVIT MA304 360 Derece Tavan Projeksiyon Askı Aparatı Siyah,1,1,Retail,1999,1,Lucky Trend,,0,0,0
1791958592,CE Acc.,CHARGERS,8806092669987,171827615,SAMSUNG,SAMSUNG EP-T6530N Üçlü Şarj Aleti Siyah,2,11,Retail,3999,2,ScHitec,,0,0,0
1821796184,IT Acc.,KEYBOARD + MOUSE SETS,5099206063945,173003259,LOGITECH,LOGITECH MK235 920-007925 Bluetooth Klavye ve Mouse Seti Siyah,8,80,Retail,1599,3,TNG Bilişim,,0,0,0
1782950485,SDA,HAIR STRAIGHTENER & CRIMPER,8690842370946,171251873,GRUNDIG,GRUNDIG HS 7031 Botanika Biberiye Yağı Kaplı Plakalı Iyonik Saç Düzleştirici Yeşil,2,4,Retail,1400,1,ADA BEYAZ ESYA,,0,0,0
1836452149,Hi-Fi,HIFI SPEAKERS,5099206004023,101313051,LOGITECH,LOGITECH S150 2.0 Hoparlör Siyah,5,10,Retail,2257.5,4,Yedigün Bilişim,,0,0,0
1843594247,SDA,TOOTHBRUSH ELECTRICAL,4210201426981,172369811,ORAL B,ORAL B Vitality Pro Cross Action Elektrikli Diş Fırçası Lila,5,1,Retail,2199,5,ACCPAZAR,,0,0,0
1827755683,GSM HW,SMARTPHONES,4894947105272,180018657,TECNO,TECNO Spark Go 3 4 GB 128 GB Akıllı Telefon Siyah,1,4,Retail,11999,1,NEONBİL,,0,0,0
1834535897,SDA,AIR CONDITIONING,8690842501784,173576432,GRUNDIG,"GRUNDIG GAC 09002 Split A++ Enerji Sınıfı 9,000 BTU/h Inverter Klima Beyaz",1,9,Retail,32199,1,ankastrezone,,0,,
1784053010,IT Acc.,WLAN ROUTER,6957939002589,172585391,MERCUSYS,MERCUSYS Mr25be Be3600 D.b Wi-fi 7  Kablosuz + Kablolu 4 Port 1900 Mbit/s MU-MIMO Router,4,5,Retail,2986.41,2,Lucky Trend,,0,0,0
1820068322,Hi-Fi,HIFI SPEAKERS,5099206004023,101313051,LOGITECH,LOGITECH S150 2.0 Hoparlör Siyah,5,25,Retail,2227.4,3,Yedigün Bilişim,,0,0,0
1811810764,IT HW,MONITOR,4711636236980,173727566,ASUS,"ASUS TUF Gaming VG27AQE5A 165Hz 2K Adaptive Sync IPS 27 inç QHD 0,30 ms 165 Hz Gaming Monitör Siyah",3,20,Retail,10749,3,Lowell Teknoloji,,0,46,0
1828881879,IT Acc.,MOUSE,5099206110410,117003016,LOGITECH,LOGITECH Pebble 2 M350S Bluetooth Kablosuz Mouse Pudra-Pembe,4,25,Retail,1990.27,3,Yedigün Bilişim,,0,1,1
1791781519,CE Acc.,ADAPTERS,8806095471761,172584709,SAMSUNG,SAMSUNG EP-T4511X Type-C Süper Hızlı Şarj Adaptörü,2,14,Retail,3899,2,ScHitec,,0,0,0
1843599003,SDA,TOOTHBRUSH ELECTRICAL,4210201427087,172369869,ORAL B,ORAL B Vitality Pro Cross Action Elektrikli Diş Fırçası Siyah,4,1,Retail,2199,3,ACCPAZAR,,0,0,0
1836606931,GSM HW,SMARTPHONES,8806099228316,181804447,SAMSUNG,SAMSUNG Galaxy Z Flip 8 5G (Türkiye Garantili) 12 GB 512 GB Akıllı Telefon Siyah,1,1,Retail,79699,1,CepHane Teknoloji,,0,0,0
1826349583,IT Acc.,KEYBOARD,5099206033078,174083182,LOGITECH,LOGITECH K270 Kablosuz Klavye Siyah,5,25,Retail,2126.68,5,Yedigün Bilişim,,0,0,0
1834137350,IT Acc.,KEYBOARD + MOUSE SETS,5099206092471,172905487,LOGITECH,LOGITECH MK295 kablosuz Klavye ve Mouse Seti Siyah,8,25,Retail,2635.73,6,Yedigün Bilişim,,0,0,0
1828765333,IT Acc.,KEYBOARD + MOUSE SETS,5099206087293,172905491,LOGITECH,LOGITECH MK470 920-009435 Kablosuz Klavye ve Mouse Seti Siyah,6,20,Retail,4589.54,4,Yedigün Bilişim,,0,0,0
1836258250,CE Acc.,POWERBANKS,8806095287263,172298149,SAMSUNG,SAMSUNG EB-P4520X 20000 mAh Powerbank Bej,5,2,Retail,2989,2,BlueGo,,0,3,3
1826224053,IT Acc.,KEYBOARD + MOUSE SETS,5099206020641,174537474,LOGITECH,LOGITECH MK120 USB Tam Boyutlu Türkçe Q Kablolu Klavye ve Mouse Seti Renkli,5,25,Retail,1658.82,4,Yedigün Bilişim,,0,0,0
1834108096,IT Acc.,MOUSE,5099206110410,117003016,LOGITECH,LOGITECH Pebble 2 M350S Bluetooth Kablosuz Mouse Pudra-Pembe,4,20,Retail,2238.86,4,Yedigün Bilişim,,0,1,1
1756526655,Gaming Acc.,GAME PADS,0711719022350,171369439,SONY,SONY Playstation Dualsense PlayStation 5 Kablosuz Kontrol Cihazı Beyaz,6,29,Retail,5799,3,OverGame,,0,3,3
1828881369,IT Acc.,KEYBOARD,5099206110977,171643728,LOGITECH,LOGITECH Pebble Keys2 K380S Çoklu Cihaz Bluetooth Kablosuz Klavye Beyaz,5,25,Retail,2688.06,4,Yedigün Bilişim,,0,0,0
1834924854,SDA,HAIR STRAIGHTENER & CRIMPER,8690842370977,170860243,GRUNDIG,GRUNDIG HS 7033 Saç Düzleştirici Sarı,2,10,Retail,1350,1,ADA BEYAZ ESYA,,0,0,0
1817368509,GSM HW,SMARTPHONES,8806099044787,174893155,SAMSUNG,SAMSUNG Galaxy A57 8 GB 256 GB Akıllı Telefon Lila,5,4,Retail,35249,4,Güzel Teknoloji,,0,1,0
1828765335,IT Acc.,KEYBOARD + MOUSE SETS,5099206087293,172905491,LOGITECH,LOGITECH MK470 920-009435 Kablosuz Klavye ve Mouse Seti Siyah,6,25,Retail,4721.77,5,Yedigün Bilişim,,0,0,0
1834013723,IT Acc.,KEYBOARD,5099206099081,174083185,LOGITECH,LOGITECH MX Keys Mini Kablosuz Klavye Siyah,5,12,Retail,8968.18,4,Yedigün Bilişim,,0,0,0
1836222786,SDA,AIR CONDITIONING,8690842501791,173576386,GRUNDIG,GRUNDIG GAC 12004 A+ Duvar Tipi Inverter A++ Enerji Sınıfı 12000 BTU/h Klima Beyaz,1,10,Retail,35199,1,ankastrezone,,0,0,0
1846430497,Floor care,ROBOT VACUUM CLEANERS,6936905905376,174504318,ROBOROCK,ROBOROCK Saros 20 Sonic Akıllı Robot Süpürge Beyaz,2,1,Retail,99999,1,Bolkur,,0,2,1
1826484473,IT Acc.,KEYBOARD,5099206110755,171643749,LOGITECH,LOGITECH K380S Pebble Keys 2 Çoklu Cihaz Özellikli Bluetooth Türkçe Q Kablosuz Klavye Gri,6,18,Retail,2853.79,5,Yedigün Bilişim,,0,0,0
1836444110,Floor care,COMBI WET/DRY CLEANER,5025155139257,172502127,DYSON,DYSON Pencilwash Islak Zemin Temizleyici Bakır,1,1,Retail,10999,1,BlueGo,,0,0,0
1826484478,IT Acc.,MOUSE,5099206110427,117001386,LOGITECH,LOGITECH Pebble 2 M350S Bluetooth Kablosuz Mouse Grafit,7,25,Retail,1990.27,5,Yedigün Bilişim,,0,0,0
1836179547,GSM HW,SMARTPHONES,8806099044787,174893155,SAMSUNG,SAMSUNG Galaxy A57 8 GB 256 GB Akıllı Telefon Lila,5,1,Retail,34999,3,Beşken elektronik,,0,1,0
1836222785,SDA,AIR CONDITIONING,8690842501814,173576396,GRUNDIG,GRUNDIG GAC 18002 Duvar Tipi Inverter A++ Enerji Sınıfı 18000 BTU/h Klima Beyaz,1,16,Retail,50899,1,ankastrezone,,0,0,0
1822773227,Household,PANS,8680215491750,173286034,LAVA,LAVA Döküm Kare Döküm Demir Yekpare Saplı 26 cm Izgara Tava Kırmızı,1,8,Retail,2499,1,Burak Züccaciye,,0,0,0
1843599015,SDA,TOOTHBRUSH ELECTRICAL,4210201426981,172369811,ORAL B,ORAL B Vitality Pro Cross Action Elektrikli Diş Fırçası Lila,5,1,Retail,2199,4,ACCPAZAR,,0,0,0
1834108100,IT Acc.,MOUSE,5099206110427,117001386,LOGITECH,LOGITECH Pebble 2 M350S Bluetooth Kablosuz Mouse Grafit,7,20,Retail,2217.05,7,Yedigün Bilişim,,0,0,0
1826484471,IT Acc.,MOUSE,5099206110427,117001386,LOGITECH,LOGITECH Pebble 2 M350S Bluetooth Kablosuz Mouse Grafit,7,20,Retail,2155.99,6,Yedigün Bilişim,,0,0,0
1837992286,GSM HW,SMARTPHONES,8806097868545,172942207,SAMSUNG,SAMSUNG Galaxy S26 5G 12 GB 256 GB Akıllı Telefon Gök Mavisi,3,1,Retail,69899,3,ACCPAZAR,,0,2,2
1780075849,Floor care,ROBOT VACUUM CLEANERS,8720389065064,171747355,PHILIPS,PHILIPS XU2000/27 2000 Serisi Robot Süpürge Beyaz,2,5,Retail,18139,1,Airyshop,,0,0,0
1834126254,IT Acc.,KEYBOARD + MOUSE SETS,5099206087309,172385688,LOGITECH,LOGITECH MK470 Kablosuz Kablosuz Klavye ve Mouse Beyaz,6,20,Retail,4589.54,5,Yedigün Bilişim,,0,0,0
1816208281,CE Acc.,TRUE WIRELESS HEADPHONES,6953156299320,171554173,BASEUS,BASEUS Bass BH1 Lite Bluetooth Kablosuz Kulak Üstü Kulaklık Siyah,1,13,Retail,1499,1,erka,,0,0,0
1820546169,SDA,IPL HAIR REMOVAL SYSTEMS,8720689047708,171725757,PHILIPS,"PHILIPS Lumea BRI951/03 IPL Lazer Epilasyon Cihazı Beyaz, Rose",2,1,Retail,28999,2,Göksu Teknoloji,,0,0,0
1828856825,CE Acc.,ADAPTERS,8885020622263,171164525,TP-LINK,TP-LINK UE330C Type-C to Ethernet Dönüştürücü,3,5,Retail,1513,2,Lucky Trend,,0,0,0
1782945236,SDA,HAIR STRAIGHTENER & CRIMPER,8690842370960,171251947,GRUNDIG,GRUNDIG HS 7032 Saç Düzleştirici Mor,1,11,Retail,1350,1,ADA BEYAZ ESYA,,0,0,0
1826349080,CE Acc.,ADAPTERS,8885020622263,171164525,TP-LINK,TP-LINK UE330C Type-C to Ethernet Dönüştürücü,3,5,Retail,2492.06,3,Yedigün Bilişim,,0,0,0
1842898754,SDA,IPL HAIR REMOVAL SYSTEMS,8720689047692,171748928,PHILIPS,"PHILIPS Lumea BRI950/02 IPL Epilasyon Aleti Beyaz, Rose",7,1,Retail,18999,3,Derka Shop,,0,0,0
1836184362,Floor care,COMBI WET/DRY CLEANER,3121040096840,173220021,TEFAL,TEFAL Clean It Compact IN3020 Halı yıkama makinesi Yeşil,2,6,Retail,8899.9,2,Digithome,,0,0,0
1751908411,Smart Home,SMART HOME LIGHTS,6974316995098,160656799,GOVEE,GOVEE RGBIC Wi-Fi Bluetooth Flow Plus Bar 2'li Bluetooth Akıllı Ev Aydınlatması,1,54,Retail,5499,1,Lucky Trend,,0,0,0
1770235376,IT Acc.,MAINBOARDS,4711377397216,165828693,MSI,MSI 7E36-001R A620 DDR5 MATX Anakart,5,20,Retail,5899.43,2,UzmanlarPC,,0,6,0
1832131854,IT Acc.,MOUSE,5099206124547,146722964,LOGITECH,LOGITECH MX Ergo S Gelişmiş - 910-007260 Kablosuz Mouse Siyah,1,5,Retail,8802.45,1,Yedigün Bilişim,,0,6,0
1762351967,GSM HW,SMARTPHONES,8806097660842,166767228,SAMSUNG,SAMSUNG Galaxy A17 5G 8 GB 256 GB Akıllı Telefon Siyah,5,1,Retail,18999,4,Beşken elektronik,,0,2,2
1842866110,GSM Acc.,SMART WATCHES,4894461901138,168935004,TCL,TCL MT42X Movetime Çocuk Saati Mavi,1,97,Retail,7999,1,Teknorya,,0,,
1807680753,SDA,VENTILATOR,6975061533962,168833040,JISULIFE,JISULIFE Handheld Fan Pro1S  5000mah Taşınabilir Akıllı El Fanı Gri,3,34,Retail,3299,2,TEKNOLOM,,0,80,2
1818762004,IT HW,MONITOR,4711636007108,161775410,ASUS,"ASUS TUF GAMING VG279Q5A 27 27 inç Full-HD 0,3 ms 200 Hz Monitör Siyah",2,17,Retail,10810.5,2,netsiparis,,0,,
1845260471,GSM HW,SMARTPHONES,8806099044787,174893155,SAMSUNG,SAMSUNG Galaxy A57 8 GB 256 GB Akıllı Telefon Lila,5,5,Retail,34999,2,Bittibitiyor,,0,1,0
1791608730,Floor care,VACUUM CLEANER,7332543773039,168501230,ELECTROLUX,ELECTROLUX EUFC8ALRGY Ultra Flex 650 W Toz Torbasız Süpürge Beyaz,4,137,Retail,7599,1,Airyshop,,0,2,2
1824353753,IT HW,TABLETS,8806097804192,166538181,SAMSUNG,"SAMSUNG Galaxy Tab A11 8,7 inç 4 GB 64 GB Tablet Gümüş",5,1,Retail,5959,2,Başaran Ticaret,,0,0,0
1844417490,CE Acc.,CHARGING CABLE,0195949775390,152941476,APPLE,APPLE MYQT3ZM/A 240 W USB-C 2 m Şarj Kablosu Beyaz,2,1,Retail,3999,2,İZİ TEKNOLOJİ,,0,0,0
1828881885,IT Acc.,MOUSE,5099206111721,106621533,LOGITECH,LOGITECH MX Anywhere 3S Kablosuz Mouse Grafit,3,10,Retail,6558.85,3,Yedigün Bilişim,,0,0,0
1834108097,IT Acc.,MOUSE,5099206111745,106620963,LOGITECH,LOGITECH MX Anywhere 3S Kablosuz Mouse Beyaz,3,6,Retail,6578.24,3,Yedigün Bilişim,,0,0,0
1839306680,SDA,HAND MIXER & HAND BLENDER,8697975601459,173573310,TEFAL,TEFAL Powelix Activflow Expert 1500 W Blender Seti Gümüş,1,55,Retail,7899,1,BiTechnology,,0,0,0
1762808021,GSM HW,SMARTPHONES,8806097866626,172942210,SAMSUNG,SAMSUNG Galaxy S26 Ultra 5G 12 GB 512 GB Akıllı Telefon Kobalt Siyah,6,1,Retail,96799,1,CepHane Teknoloji,,0,6,6
1828881366,IT Acc.,MOUSE,5099206110441,117002337,LOGITECH,LOGITECH M350S Pebble 2 Kablosuz Mouse Beyaz,3,10,Retail,1990.27,2,Yedigün Bilişim,,0,0,0
1842330305,IT HW,MONITOR,4711636121200,173727618,ASUS,"ASUS ROG Strix XG27ACMES 255Hz Adaptive Sync Fast IPS Pivot 27 inç 2K UltraWide QHD 0,3 ms 255 Hz Gaming Monitör Siyah",2,20,Retail,18161.6,2,netsiparis,,0,2,1
1769943877,GSM HW,SMARTPHONES,8806097867258,172942203,SAMSUNG,SAMSUNG Galaxy S26 Ultra 5G 12 GB 256 GB Akıllı Telefon Gök Mavisi,4,1,Retail,131998.9,4,Güreller,,0,0,0
1785195716,SDA,TEA MAKER,8720389073793,174502846,PHILIPS,PHILIPS 5000 Serisi HD7360/00 1900 W Cam Çay Makinesi Siyah,1,14,Retail,6499,1,Makroreyon,,0,0,0
1834101383,IT Acc.,KEYBOARD + MOUSE SETS,5099206087309,172385688,LOGITECH,LOGITECH MK470 Kablosuz Kablosuz Klavye ve Mouse Beyaz,6,20,Retail,4650.6,6,Yedigün Bilişim,,0,0,0
1845258706,GSM HW,MOBILE PHONES,6438409100542,174006532,NOKIA,NOKIA 105 2023 LEDA TA-1557 DS-2G 4 MB 4 MB Tuşlu Telefon Siyah,1,3,Retail,2999,1,BlueGo,,0,0,0
1771551729,MDA,HOBS,8690842595929,171079512,ALTUS,ALTUS ALA 189 DG GRI ANKASTRE OCAK A3 Ankastre Ocak Gri,4,1,Retail,12590,2,Yörük Toptan,,0,,
1781074406,MDA,HOBS,8690842595929,171079512,ALTUS,ALTUS ALA 189 DG GRI ANKASTRE OCAK A3 Ankastre Ocak Gri,4,1,Retail,13595,4,Özdijitek,,0,,
1782945166,SDA,HAIR STRAIGHTENER & CRIMPER,8690842586897,173512084,GRUNDIG,GRUNDIG HS 9330 Elementa™ Aqua Si Saç Düzleştirici Gri,2,2,Retail,3700,2,ADA BEYAZ ESYA,,0,0,0
1830312793,SDA,BLENDER,8690842691188,172798232,GRUNDIG,GRUNDIG SM 4406 Go 350 W Smoothie Blender Antrasit,1,2,Retail,1888,1,Derka Shop,,0,0,0
1832118659,GSM HW,SMARTPHONES,8806099044787,174893155,SAMSUNG,SAMSUNG Galaxy A57 8 GB 256 GB Akıllı Telefon Lila,5,1,Retail,35899,5,CepHane Teknoloji,,0,1,0
1846348652,IT Acc.,USB STICK,0740617348651,173573229,KINGSTON,KINGSTON DataTraveler Exodia S USB 3.2 64 GB USB Bellek,2,100,Retail,699,1,Teknomevo,,0,,
1745511024,MDA,HOBS,8690842595929,171079512,ALTUS,ALTUS ALA 189 DG GRI ANKASTRE OCAK A3 Ankastre Ocak Gri,4,2,Retail,12131,1,Jettekno,,0,,
1844898824,IT HW,TABLETS,0198157033412,172796589,LENOVO,"LENOVO IDEATAB 8/128GB 11 2.5K TABLET+KYB+PEN ZAFR0284TR 11,0 inç 8 GB 128 GB Tablet Gri",1,1,Retail,16899,1,ACCPAZAR,,0,0,0
1823388549,SDA,IPL HAIR REMOVAL SYSTEMS,8720689047692,171748928,PHILIPS,"PHILIPS Lumea BRI950/02 IPL Epilasyon Aleti Beyaz, Rose",7,1,Retail,18888,2,Derka Shop,,0,0,0
1834108106,IT Acc.,MOUSE,5099206110441,117002337,LOGITECH,LOGITECH M350S Pebble 2 Kablosuz Mouse Beyaz,3,20,Retail,2208.33,3,Yedigün Bilişim,,0,0,0
1821457418,GSM HW,SMARTPHONES,8806099044787,174893155,SAMSUNG,SAMSUNG Galaxy A57 8 GB 256 GB Akıllı Telefon Lila,5,2,Retail,32999,1,Güreller,,0,1,0
1773604527,Smart Home,SMART HOME LIGHTS,6974316993100,173001511,GOVEE,GOVEE T3 Pro TV Renk Senkronizasyonu 55-65 inç TV Arkası Bluetooth Led Şerit Aydınlatma,1,22,Retail,14999,1,Lucky Trend,,0,0,0
1826349172,IT Acc.,KEYBOARD + MOUSE SETS,5099206063945,173003259,LOGITECH,LOGITECH MK235 920-007925 Bluetooth Klavye ve Mouse Seti Siyah,8,25,Retail,2068.77,6,Yedigün Bilişim,,0,0,0
1797320881,IT Acc.,KEYBOARD + MOUSE SETS,5099206033641,172385682,LOGITECH,LOGITECH MK330 Bluetooth Klavye ve Mouse seti Siyah,8,2,Retail,2279,6,Ebrar Bilgisayar,,0,0,0
1774191654,CE Acc.,CHARGERS,8806092978256,173938882,SAMSUNG,SAMSUNG P5400 Kablosuz İkili(15W) Şarj Cihazı Beyaz,1,152,Retail,1999,1,Lucky Trend,,0,0,4
1817368515,GSM HW,SMARTPHONES,8806099044831,174893156,SAMSUNG,SAMSUNG Galaxy A57 8 GB 256 GB Akıllı Telefon Lacivert,3,5,Retail,35249,2,Güzel Teknoloji,,0,1339,38
1831632704,IT Acc.,INK CARTRIDGE & TONER,4549292016963,171582010,CANON,CANON CL-56 Kartuş Mürekkep baskı Çok Renkli,6,3,Retail,1968.41,6,Yedigün Bilişim,,0,0,4
1834099585,IT Acc.,MOUSE,4058154131244,135170814,LOGITECH,LOGITECH M330 Sessiz Kablosuz Mouse Mavi,5,20,Retail,1990.27,5,Yedigün Bilişim,,0,0,0
1825399357,Smart Home,SMART HOME IP CAMERAS,8885020624984,172785980,TP-LINK,TP-LINK Tapo C530WS 360° Dış Mekan Kablosuz 3K Evet IP Kamera Beyaz,2,330,Retail,3199,1,Teknorya,,0,0,0
1846372740,GSM HW,SMARTPHONES,8806099044831,174893156,SAMSUNG,SAMSUNG Galaxy A57 8 GB 256 GB Akıllı Telefon Lacivert,3,5,Retail,35299,3,Bittibitiyor,,0,1339,38
1826349612,IT Acc.,KEYBOARD + MOUSE SETS,5099206033641,172385682,LOGITECH,LOGITECH MK330 Bluetooth Klavye ve Mouse seti Siyah,8,25,Retail,2725.82,8,Yedigün Bilişim,,0,0,0
1826349186,IT Acc.,KEYBOARD + MOUSE SETS,5099206053700,172385701,LOGITECH,LOGITECH MK345 Kablosuz Kablosuz Klavye ve Mouse Seti Siyah,7,25,Retail,2906.8,5,Yedigün Bilişim,,0,0,0
1815043220,SDA,ICE CUBE MACHINE,8682511904286,174237627,FAKIR,FAKIR Sitare Buz Yapma Makinesi,1,1,Retail,9999,1,Derka Shop,,0,0,0
1792851717,Floor care,VACUUM CLEANER RECHARGEABLE,7332543971572,172297435,ELECTROLUX,ELECTROLUX EP71B14WET Şarjlı Dikey Süpürge Mavi,1,108,Retail,15249,1,Airyshop,,0,0,0
1834108099,IT Acc.,KEYBOARD,5099206110755,171643749,LOGITECH,LOGITECH K380S Pebble Keys 2 Çoklu Cihaz Özellikli Bluetooth Türkçe Q Kablosuz Klavye Gri,6,20,Retail,3058.76,6,Yedigün Bilişim,,0,0,0
1828855294,IT Acc.,MOUSE,4058154131244,135170814,LOGITECH,LOGITECH M330 Sessiz Kablosuz Mouse Mavi,5,12,Retail,1554.15,4,Yedigün Bilişim,,0,0,0
1834098891,IT Acc.,KEYBOARD + MOUSE SETS,5099206020641,174537474,LOGITECH,LOGITECH MK120 USB Tam Boyutlu Türkçe Q Kablolu Klavye ve Mouse Seti Renkli,5,20,Retail,1706.79,5,Yedigün Bilişim,,0,0,0
1836452137,IT Acc.,INK CARTRIDGE & TONER,4549292016963,171582010,CANON,CANON CL-56 Kartuş Mürekkep baskı Çok Renkli,6,10,Retail,1918.9,4,Yedigün Bilişim,,0,0,4
1826224055,IT Acc.,KEYBOARD,5099206099081,174083185,LOGITECH,LOGITECH MX Keys Mini Kablosuz Klavye Siyah,5,3,Retail,8880.96,3,Yedigün Bilişim,,0,0,0
1807855877,Household,PANS,8680215492016,171870268,LAVA,LAVA Döküm Dikdörtgen Döküm Demir Yekpare Çift Kulplu Ölçü 26x32 CM 30 inç Izgara Tava Siyah,2,11,Retail,1999,1,Burak Züccaciye,,0,63,3
1756021752,CE Acc.,POWERBANKS,8806095287263,172298149,SAMSUNG,SAMSUNG EB-P4520X 20000 mAh Powerbank Bej,5,30,Retail,3299,4,Lucky Trend,,0,3,3
1787759555,GSM HW,SMARTPHONES,8806099044831,174893156,SAMSUNG,SAMSUNG Galaxy A57 8 GB 256 GB Akıllı Telefon Lacivert,3,1,Retail,34999,1,Beşken elektronik,,0,1339,38
1787688467,SDA,HAIR STRAIGHTENER & CRIMPER,8690842586897,173512084,GRUNDIG,GRUNDIG HS 9330 Elementa™ Aqua Si Saç Düzleştirici Gri,2,4,Retail,3539,1,Airyshop,,0,0,0
1835949885,IT HW,TABLETS,6936520882540,172140269,HONOR,"HONOR HONOR 9XA  8/128GB KLAVYELI TABLET 11,5 inç 8 GB 128 GB Tablet Gri",2,20,Retail,20669,1,Lowell Teknoloji,,0,0,0
1779744433,IT HW,TABLETS,4894461859675,172134515,TCL,"TCL TAB 10L GEN 4 10,1 inç 4 GB 128 GB Tablet Siyah",1,50,Retail,8399,1,Teknorya,,0,0,0
1831078870,IT Acc.,USB STICK,0740617348699,173573218,KINGSTON,KINGSTON DataTraveler Exodia S USB 3.2 128 GB USB Bellek,2,5,Retail,828.22,1,BRL Teknoloji,,0,,
1834106124,IT Acc.,KEYBOARD,5099206112285,171643776,LOGITECH,LOGITECH MX Keys S Gelişmiş Kablosuz Klavye Siyah,6,20,Retail,9927.64,6,Yedigün Bilişim,,0,0,0
1834116625,IT HW,TABLETS,6936520882540,172140269,HONOR,"HONOR HONOR 9XA  8/128GB KLAVYELI TABLET 11,5 inç 8 GB 128 GB Tablet Gri",2,20,Retail,27144.91,2,Yedigün Bilişim,,0,0,0
1781056434,MDA,FREEZER & CHEST FREEZER,8690842650260,171071486,ALTUS,ALTUS AL 2205 JE Sandık Tipi E Enerji Sınıfı 1 Bölmeli Derin Dondurucu Beyaz,2,1,Retail,31742,2,Özdijitek,,0,42,0
1828566561,IT Acc.,KEYBOARD + MOUSE SETS,5099206063945,173003259,LOGITECH,LOGITECH MK235 920-007925 Bluetooth Klavye ve Mouse Seti Siyah,8,20,Retail,2155.99,7,Yedigün Bilişim,,0,0,0
1838940805,Photo,DRONES,6937224137622,174000607,DJI,DJI Avata 360 Fly More Combo RC 2 Drone Gri,1,1,Retail,69999,1,Nova Fotoğraf,,0,0,0
1791654857,CE Acc.,POWERBANKS,8694470004211,174024791,TTEC,TTEC ReCharger  Taşınabilir UsbA ve Type-C Taşınabilir Hızlı Display Box 2BB263S 10000mAh Powerbank Siyah,1,179,Retail,700,1,ScHitec,,0,0,0
1828566560,IT Acc.,KEYBOARD + MOUSE SETS,5099206053700,172385701,LOGITECH,LOGITECH MK345 Kablosuz Kablosuz Klavye ve Mouse Seti Siyah,7,20,Retail,2927.93,6,Yedigün Bilişim,,0,0,0
1834106122,IT Acc.,KEYBOARD,5099206110977,171643728,LOGITECH,LOGITECH Pebble Keys2 K380S Çoklu Cihaz Bluetooth Kablosuz Klavye Beyaz,5,20,Retail,3407.66,5,Yedigün Bilişim,,0,0,0
1828856897,Smart Home,SMART HOME IP CAMERAS,6957939004606,171198626,MERCUSYS,MERCUSYS MC510 Outdoor Evet Wi-Fi Kamera Beyaz,1,1,Retail,1766,1,Lucky Trend,,0,0,0
1808240924,GSM HW,SMARTPHONES,8806099044916,174893165,SAMSUNG,SAMSUNG Galaxy A57 8 GB 256 GB Akıllı Telefon Gri,4,4,Retail,35249,4,Güzel Teknoloji,,0,2,2
1797796200,IT Acc.,CABLES & ADAPTERS,6932172631826,173911881,BASEUS,BASEUS ULTRA JOY 5 IN 1 MULTIFONKSIYONAL TYPE-C - UZAY GR Type-c Hub Gri,1,100,Retail,999,1,Slupus,,0,0,0
1823424413,GSM HW,SMARTPHONES,8806099044916,174893165,SAMSUNG,SAMSUNG Galaxy A57 8 GB 256 GB Akıllı Telefon Gri,4,5,Retail,34899,3,Bittibitiyor,,0,2,2
1782947196,SDA,AIR PURIFIER,7332543985319,172942040,ELECTROLUX,ELECTROLUX EPU73771DG Nemlendirme-Fan Hava Temizleyici Gri,2,2,Retail,16049,1,Airyshop,,0,0,0
1835926798,IT Acc.,USB HUBS,8885020625271,172051948,TP-LINK,"TP-LINK UH6120C, 1 HDMI, 1 100W Hızlı, 1 USB-C, 2 USB Hub Çevirici Adaptör",1,32,Retail,2199,1,TNG Bilişim,,0,0,0
1821457377,GSM HW,SMARTPHONES,8806099044916,174893165,SAMSUNG,SAMSUNG Galaxy A57 8 GB 256 GB Akıllı Telefon Gri,4,5,Retail,32999,2,Güreller,,0,2,2
1745477334,MDA,HOBS,8690842595929,171079512,ALTUS,ALTUS ALA 189 DG GRI ANKASTRE OCAK A3 Ankastre Ocak Gri,4,1,Retail,13595,3,Akpa DTM,,0,,
1831990360,Floor care,ROBOT VACUUM CLEANERS,6936905905376,174504318,ROBOROCK,ROBOROCK Saros 20 Sonic Akıllı Robot Süpürge Beyaz,2,1,Retail,104999,2,ACCPAZAR,,0,2,1
1828566558,IT Acc.,KEYBOARD + MOUSE SETS,5099206039315,171235994,LOGITECH,LOGITECH MK270 Kablosuz Klavye Mouse Seti Siyah,6,20,Retail,2251.94,4,Yedigün Bilişim,,0,0,0
1845274192,SDA,TOOTHBRUSH ELECTRICAL,8720689042161,171830041,PHILIPS,"PHILIPS Sonicare HX4022/03 Şarjlı Diş Fırçası Beyaz, Pembe",2,5,Retail,2699,1,Professor,,0,0,0
1834105455,IT Acc.,MOUSE,5099206108783,151196420,LOGITECH,LOGITECH M171 Kablosuz Mouse Gül,6,20,Retail,1309.92,6,Yedigün Bilişim,,0,0,0
1820629432,SDA,ESPRESSO MAKER & COFFEE MAKER,8004399029064,150501910,DELONGHI,"DELONGHI La Specialista EC9455.M Espresso Makinesi Siyah, Gri",2,4,Retail,49999,1,Premiumsepet,,0,28,0
1842873902,SDA,STEAM CLEANER,4054278975771,144495450,KÄRCHER,KÄRCHER SC 2 Deluxe Buharlı Temizlik Makinesi Beyaz,2,2,Retail,9699,1,Premiumsepet,,0,0,0
1846087871,SDA,STEAM CLEANER,4054278991818,136198238,KÄRCHER,KÄRCHER SC 4 EasyFix Buharlı Temizlik Makinesi Beyaz,5,3,Retail,15999,2,Premiumsepet,,0,0,0
1768235338,CE Acc.,POWERBANKS,0745883881161,144266985,BELKIN,"BELKIN 15W USB-A, USB-C Hızlı Şarj 10000 mAh Powerbank Gri",1,32,Retail,1599,1,Nethouse,,0,,
1815475946,CE Acc.,POWERBANKS,0745883887064,152091413,BELKIN,BELKIN BPB020BTBK BoostCharge Pro 65W 3-Port 20000 mAh Powerbank Siyah,1,11,Retail,4199,1,Nethouse,,0,0,0
1768236664,CE Acc.,POWERBANKS,0745883891801,150932802,BELKIN,BELKIN BoostCharge Entegre Kablolu 10K PD 20W 20000 mAh Powerbank Siyah,1,105,Retail,1599,1,Nethouse,,0,0,0
1644401607,CE Acc.,USB CABLE,0745883788231,147200149,BELKIN,BELKIN USB-C'den USB-C'ye 1 Metre USB Kablo Siyah,1,128,Retail,499,1,Nethouse,,0,0,0
1792975489,SDA,AIR PURIFIER,0810123670307,107166730,LEVOIT,LEVOIT Core 300S Pro Hava Temizleyici Beyaz,1,4,Retail,9999,1,Nethouse,,0,0,0
1793004780,SDA,HUMIDIFIER,0810043375641,142181936,LEVOIT,LEVOIT DUAL 150 Ultrasonıc Cool Mıst Hava Nemlendirme Cihazı Beyaz,1,5,Retail,3499,1,Nethouse,,0,0,0
1774583155,IT Acc.,SWITCHES,0849439000386,101425659,MERCUSYS,MERCUSYS MS108 8-Port Desktop 8 Switch Beyaz,7,9,Retail,599,4,Nethouse,,0,0,0
1803504814,IT Acc.,MEMORY CARD,0619659184384,121698945,SANDISK,SANDISK Ultra SDSQUNR-032G-GN3MN Class 10 UHS-I microSD 32 GB Hafıza Kartı,1,621,Retail,999,1,Nethouse,,0,1,1
1844501895,Smart Home,SMART HOME IP CAMERAS,4895252500899,147552894,TAPO,TAPO Tapo C425 2K QHD Akıllı Yapay Zeka Destekli Kablo Evet Güvenlik Kamerası Beyaz,2,363,Retail,5199,1,Nethouse,,0,0,0
1774852256,IT Acc.,WLAN ROUTER,0840030710162,146691017,TP-LINK,TP-LINK Archer BE230  Dual-Bant Wi-Fi 7 Kablosuz 5 Port 3570 Mbit/s MU-MIMO Router,1,5,Retail,3490,1,Nethouse,,0,0,0
1774595213,IT Acc.,WLAN ROUTER,4251877271772,143918914,TP-LINK,TP-LINK Archer VX1800V 1800 Mbps VDSL2 Modem 4 Port 1800 Mbit/s MU-MIMO Router,6,8,Retail,4699,2,Nethouse,,0,0,0
1774285000,Smart Home,SMART HOME IP CAMERAS,4895252501575,117002426,TP-LINK,TP-LINK Tapo C510W Wi-Fi IEEE 802.11b/g/n Güvenlik Kamerası Beyaz,2,63,Retail,2499,1,Nethouse,,0,0,0
1825917616,Smart Home,SMART HOME IP CAMERAS,4895252501599,137444785,TP-LINK,TP-LINK Tapo C520WS Dış Mekan 2K QHD Wi-Fi Evet Güvenlik Kamerası Beyaz,1,105,Retail,3390,1,Nethouse,,0,0,0
1828881952,IT Acc.,MOUSE,5099206108783,151196420,LOGITECH,LOGITECH M171 Kablosuz Mouse Gül,6,25,Retail,1257.59,5,Yedigün Bilişim,,0,0,0
1812288332,IT Acc.,MOUSE,0196786514548,107729340,HP,HP 6V2J7AA Dual Bluetooth Kablosuz Mouse Siyah,1,380,Retail,669,1,GpnTeknoloji,,0,,
1824305245,IT Acc.,MOUSE,5099206104532,117002055,LOGITECH G,LOGITECH G Pro X Superlight 2 Lightspeed Kablosuz Mouse Siyah,2,5,Retail,7999,2,GpnTeknoloji,,0,0,0
1824265447,IT Acc.,MOUSE,5099206128064,145553700,LOGITECH G,LOGITECH G Pro X Superlıght 2 Dex Kablosuz Mouse Beyaz,2,8,Retail,8699,2,GpnTeknoloji,,0,0,0
1824265064,IT Acc.,MOUSE,5099206128088,146302083,LOGITECH G,LOGITECH G Pro X Superlıght 2 Dex Kablosuz Mouse Siyah,2,91,Retail,6599,1,GpnTeknoloji,,0,0,0
1824305246,IT Acc.,MOUSE,5099206110427,117001386,LOGITECH,LOGITECH Pebble 2 M350S Bluetooth Kablosuz Mouse Grafit,7,224,Retail,1299,1,GpnTeknoloji,,0,0,0
1824294559,IT Acc.,MOUSE,5099206110410,117003016,LOGITECH,LOGITECH Pebble 2 M350S Bluetooth Kablosuz Mouse Pudra-Pembe,4,295,Retail,1299,1,GpnTeknoloji,,0,1,1
1760820833,IT Acc.,HARD DISK (EXTERNAL),0619659204853,108230526,SANDISK,SANDISK Portable 800MB/sn  SDSSDE30-2T00-G26 2 TB Harici Taşınabilir SSD Lacivert,2,141,Retail,14499,2,GpnTeknoloji,,0,0,0
1821276353,IT Acc.,HARD DISK (EXTERNAL),0619659204853,108230526,SANDISK,SANDISK Portable 800MB/sn  SDSSDE30-2T00-G26 2 TB Harici Taşınabilir SSD Lacivert,2,141,Retail,14499,1,GpnTeknoloji,,0,0,0
1842063104,IT Acc.,HARD DISK (EXTERNAL),0619659184674,107511583,SANDISK,SANDISK SanDisk Extreme 1050MB/sn V2 SDSSDE61-2T00-G25 2 TB Harici Taşınabilir SSD Lacivert,1,11,Retail,18999,1,GpnTeknoloji,,0,679,11
1831688612,GSM HW,SMARTPHONES,8806099044916,174893165,SAMSUNG,SAMSUNG Galaxy A57 8 GB 256 GB Akıllı Telefon Gri,4,2,Retail,31999,1,KEA Ev Aletleri,,0,2,2
1819302036,GSM HW,SMARTPHONES,8806099055042,174682629,SAMSUNG,SAMSUNG Galaxy A37 8 GB 256 GB Akıllı Telefon Yeşil,4,16,Retail,27099,2,Güzel Teknoloji,,0,1,1
1828855296,IT Acc.,MOUSE,5099206108783,151196420,LOGITECH,LOGITECH M171 Kablosuz Mouse Gül,6,20,Retail,1257.59,4,Yedigün Bilişim,,0,0,0
1834103443,IT Acc.,MOUSE,5099206106055,120147009,LOGITECH,LOGITECH M110 Sessiz Kablolu Mouse Gri,4,20,Retail,1192.17,3,Yedigün Bilişim,,0,0,0
1836448968,IT Acc.,MOUSE,5099206106055,120147009,LOGITECH,LOGITECH M110 Sessiz Kablolu Mouse Gri,4,10,Retail,1196.53,4,Yedigün Bilişim,,0,0,0
1845766072,Photo,DIGITAL COMPACT CAMERA,0819900014082,131437549,KODAK,KODAK Friendly Zoom FZ55/5x Yakınlaştırma Dijital Fotoğraf Makinesi Mavi,1,10,Retail,12074,1,Fotofix,,0,,
1826483741,IT Acc.,MOUSE,5099206104242,134565499,LOGITECH,LOGITECH M100 Kablolu Mouse Siyah,5,20,Retail,961.03,4,Yedigün Bilişim,,0,0,0
1826483744,IT Acc.,MOUSE,5099206104242,134565499,LOGITECH,LOGITECH M100 Kablolu Mouse Siyah,5,25,Retail,959.79,3,Yedigün Bilişim,,0,0,0
1834103444,IT Acc.,MOUSE,5099206104242,134565499,LOGITECH,LOGITECH M100 Kablolu Mouse Siyah,5,20,Retail,965.39,5,Yedigün Bilişim,,0,0,0
1579271519,IT Acc.,PC CHASSIS / HOUSING,4711377121576,141467790,MSI,MSI MAG FORGE 120A AIRFLOW Bilgisayar Kasası,4,100,Retail,3995,1,Tekramarket,,0,0,0
1832520500,IT Acc.,PC CHASSIS / HOUSING,4719072676414,135340553,MSI,MSI MAG Forge 100M Gaming Bilgisayar Kasası,5,16,Retail,2940,1,Tekramarket,,0,1,0
1587801838,IT Acc.,MAINBOARDS,4711377125147,134660417,MSI,MSI PRO H610M-E H610 DDR5 ATX Anakart,8,100,Retail,4360,3,Tekramarket,,0,0,0
1822365414,GSM HW,SMARTPHONES,8806099055042,174682629,SAMSUNG,SAMSUNG Galaxy A37 8 GB 256 GB Akıllı Telefon Yeşil,4,5,Retail,27299,3,Bittibitiyor,,0,1,1
1844417587,CE Acc.,CHARGERS,0194644089566,107796916,ANKER,ANKER 521 Nano Pro 40W C Şarj Adaptörü Beyaz,1,10,Retail,1279,1,Bittibitiyor,,0,0,0
1561403685,CE Acc.,CHARGERS,8806094899511,147617299,SAMSUNG,SAMSUNG Type-C (25W) 2023 Vers - EP-T2510 Şarj Adaptörü Beyaz,5,10,Retail,1099,3,Bittibitiyor,,0,7,14
1821457824,GSM HW,SMARTPHONES,8806099055042,174682629,SAMSUNG,SAMSUNG Galaxy A37 8 GB 256 GB Akıllı Telefon Yeşil,4,2,Retail,27490,4,Güreller,,0,1,1
1836394943,CE Acc.,TRUE WIRELESS HEADPHONES,0194644153489,143264338,SOUNDCORE BY ANKER,SOUNDCORE BY ANKER Soundcore AeroFit Pro True Wireless Kulak İçi Kulaklık Beyaz,1,2,Retail,5399,1,Bittibitiyor,,0,0,0
1841817427,Floor care,VACUUM CLEANER,8692341143410,134283980,ARNICA,ARNICA Tesla Ergo Active Toz Torbasız Elektrikli Süpürge Kahverengi,1,1,Retail,18125,1,BiTechnology,,0,,
1839291975,SDA,KITCHEN MACHINE,4242005344420,107802266,BOSCH,BOSCH MUM5X720 1000 W Mutfak Şefi Kırmızı,1,55,Retail,26699,1,BiTechnology,,0,0,0
1843449232,Floor care,VACUUM CLEANER RECHARGEABLE,6976233677231,142725586,DREAME,DREAME Z30 Kablosuz Dikey Süpürge Siyah,1,1,Retail,29999,1,BiTechnology,,0,165,6
1836521790,SDA,STEAM CLEANER,4054278991818,136198238,KÄRCHER,KÄRCHER SC 4 EasyFix Buharlı Temizlik Makinesi Beyaz,5,1,Retail,19999,5,BiTechnology,,0,0,0
1836522266,SDA,STEAM CLEANER,4054278991535,136198262,KÄRCHER,KÄRCHER SC 5 EasyFix Iron Plug EU Buharlı Temizlik Makinesi Beyaz,3,1,Retail,39999,3,BiTechnology,,0,0,0
1784665925,GSM HW,SMARTPHONES,8806099055042,174682629,SAMSUNG,SAMSUNG Galaxy A37 8 GB 256 GB Akıllı Telefon Yeşil,4,37,Retail,25599,1,CepHane Teknoloji,,0,1,1
1843854113,SDA,MANUAL ESPRESSO MACHINE,0622356287951,148892552,NINJA,NINJA ES601EU Luxe Café Premier Espresso Makinesi Gümüş,1,1,Retail,66250,1,BiTechnology,,0,0,0
1783630820,GSM HW,SMARTPHONES,8806099054939,174682627,SAMSUNG,SAMSUNG Galaxy A37 8 GB 256 GB Akıllı Telefon Beyaz,3,8,Retail,25599,1,CepHane Teknoloji,,0,286,8
1843853049,SDA,ESPRESSO MAKER & COFFEE MAKER,8720389032370,142100739,PHILIPS,PHILIPS 5500 series EP5547/90 Tam Otomatik Espresso Makinesi Siyah,8,1,Retail,29750,3,BiTechnology,,0,1,1
1841356317,Floor care,COMBI WET/DRY CLEANER,8720389040733,150524636,PHILIPS,PHILIPS Aqua Trio 9000 Seri XW9463/11 Islak & Kuru Temizlik Kablosuz Dikey Süpürge Gri,2,1,Retail,30899,1,BiTechnology,,0,0,0
1821458738,GSM HW,SMARTPHONES,8806099054939,174682627,SAMSUNG,SAMSUNG Galaxy A37 8 GB 256 GB Akıllı Telefon Beyaz,3,1,Retail,27490,3,Güreller,,0,286,8
1836485214,SDA,SHAVER,8720689007863,144343235,PHILIPS,PHILIPS S5887/10 Tıraş Makinesi Karbon Grisi,4,5,Retail,7799,3,BiTechnology,,0,0,0
1842827390,Floor care,VACUUM ACCESSORIES,4040587104162,107756947,PHILIPS,PHILIPS XV1797/01 Aqua Trio Uyumlu Lityum-Iyon Pil​ Siyah,3,5,Retail,5899,1,BiTechnology,,0,0,0
1836482543,SDA,VENTILATOR,0622356288651,139331304,SHARK,SHARK FlexBreeze Portatif Vantilatör Beyaz,2,1,Retail,15599,2,BiTechnology,,0,0,0
1840315170,SDA,HAIR CURLER ( CURLING IRON / HOT AIR BRUSH),0622356306621,147332079,SHARK,SHARK FlexStyle 5'i 1 Arada Saç Kurutma ve Şekillendirme Sistemi Taş Rengi,1,1,Retail,22115,1,BiTechnology,,0,0,0
1840526240,SDA,CURLERS & HAIR DRESSING SET,0622356295284,146813018,SHARK,SHARK Flexstyle 5'i 1 Arada Saç Şekillendirme ve Kurutma Seti Siyah,1,5,Retail,26699,1,BiTechnology,,0,0,0
1840725231,Floor care,COMBI WET/DRY CLEANER,0622356256841,144907748,SHARK,SHARK Hydrovac Pro Islak ve Kuru Şarjlı Dikey Süpürge Gri,1,5,Retail,29999,1,BiTechnology,,0,0,0
1836479522,SDA,AIR PURIFIER,0622356281072,141398960,SHARK,SHARK NeverChange5 Clean Sense IQ Max Hava Temizleyici Beyaz,1,5,Retail,22299,1,BiTechnology,,0,0,0
1840317863,Floor care,VACUUM CLEANER RECHARGEABLE,0622356283717,147344013,SHARK,SHARK Power Detect Clean & Empty Şarjlı Dikey Süpürge Siyah,1,1,Retail,46699,1,BiTechnology,,0,,
1840317439,Floor care,VACUUM CLEANER RECHARGEABLE,0622356283694,147596088,SHARK,SHARK PowerDetect Turbo Başlıklı Şarjlı Dikey Süpürge Koyu Gri,1,5,Retail,39999,1,BiTechnology,,0,0,0
1840724368,SDA,HAIR DRYER,0622356311861,148406676,SHARK,SHARK SpeedStyle Pro Flex 4'ü 1 Arada 1700 W Saç Şekillendirme Sistemi Gümüş,2,1,Retail,19999,2,BiTechnology,,0,1,1
1829958352,Hi-Fi,SOUNDBAR,8806096074312,149486448,LG,LG 40T.DTURLLK 2.1 Kanal 160W Bluetooth Soundbar,1,1,Retail,8099,1,TechBurada,,0,0,1
1827531572,SDA,HAIR CURLER ( CURLING IRON / HOT AIR BRUSH),8720689002813,106622139,PHILIPS,"PHILIPS BHA530/00 Argan Yağı Seramik Kaplama 5 Aparat,3 Isı ve Hız Ayarı Saç Şekillendirme ve Kurutma Seti Gri",4,17,Retail,4399,2,Ereyon,,0,0,0
1822365406,GSM HW,SMARTPHONES,8806099054939,174682627,SAMSUNG,SAMSUNG Galaxy A37 8 GB 256 GB Akıllı Telefon Beyaz,3,5,Retail,26899,2,Bittibitiyor,,0,286,8
1822365391,GSM HW,SMARTPHONES,8806099054953,174682638,SAMSUNG,SAMSUNG Galaxy A37 8 GB 256 GB Akıllı Telefon Antrasit,4,5,Retail,27199,3,Bittibitiyor,,0,3,3
1842025269,SDA,ESPRESSO MAKER & COFFEE MAKER,8720389027673,137220065,PHILIPS,PHILIPS LatteGo EP3347/90 Tam Otomatik Espresso Makinesi Siyah krom,6,30,Retail,18949,2,Ereyon,,0,86,6
1828174960,SDA,VENTILATOR,8720389028618,140527405,PHILIPS,PHILIPS Series 5000 CX5535/11 Kule Tipi Vantilatör Siyah,5,3,Retail,5699,3,Ereyon,,0,0,0
1595687047,IT Acc.,MAINBOARDS,4711387242087,108806224,ASUS,ASUS PRIME A620M-K A620 DDR5 Micro Atx Anakart,4,21,Retail,5679,3,BETA PLUS TEKNOLOJİ,,0,1,0
1596523952,IT Acc.,MAINBOARDS,4711387429761,142919938,ASUS,ASUS PRIME B650M-R AMD B650 DDR5 micro ATX Anakart,6,52,Retail,6139,3,BETA PLUS TEKNOLOJİ,,0,0,0
1834133468,IT Acc.,MOUSE,5099206106062,135170904,LOGITECH,LOGITECH M100 Kablolu Mouse Beyaz,4,10,Retail,943.58,2,Yedigün Bilişim,,0,0,0
1596520757,CE Acc.,TRUE WIRELESS HEADPHONES,0197105751798,149788624,ASUS,ASUS ROG Pelta Kablolu Gaming Kulaklık Siyah,2,20,Retail,9339,2,BETA PLUS TEKNOLOJİ,,0,0,0
1646671809,IT HW,MONITOR,4711387400265,145613070,ASUS,ASUS Rog Strix XG27WCS 2K VA Kavisli 27 inç WQHD 1 ms 60 Hz Gaming Monitör Siyah,1,37,Retail,13449,1,BETA PLUS TEKNOLOJİ,,0,0,0
1595690418,IT HW,MONITOR,0197105447264,144386448,ASUS,ASUS XG27UCS 27 inç 4K UHD 1 ms 60 Hz Gaming Monitör Siyah,1,17,Retail,20399,1,BETA PLUS TEKNOLOJİ,,0,0,0
1595631555,IT Acc.,CPU,0735858550567,146666636,INTEL,INTEL BX80768245KF  Fanlı Box Core Ultra 5 Processor 245KF İşlemci,3,7,Retail,13069,2,BETA PLUS TEKNOLOJİ,,0,0,0
1755968042,IT Acc.,HARD DISK (INTERNAL),0740617344790,145381326,KINGSTON,KINGSTON NV3 SNV3S/1000G 6000-4000MB/s SATA 1 TB SSD,5,629,Retail,10789,2,BETA PLUS TEKNOLOJİ,,0,1,1
1596677436,Gaming Acc.,GAME PADS,5099206041875,126276860,LOGITECH G,LOGITECH G F310 4 Tuşlu D-Pad ile Kablolu PC Kablolu Oyun Kolu Lacivert,4,44,Retail,1399,1,BETA PLUS TEKNOLOJİ,,0,0,0
1757267425,IT Acc.,MOUSE,5099206104532,117002055,LOGITECH G,LOGITECH G Pro X Superlight 2 Lightspeed Kablosuz Mouse Siyah,2,154,Retail,7589,1,BETA PLUS TEKNOLOJİ,,0,0,0
1596718233,IT Acc.,MOUSE,5099206128064,145553700,LOGITECH G,LOGITECH G Pro X Superlıght 2 Dex Kablosuz Mouse Beyaz,2,65,Retail,6979,1,BETA PLUS TEKNOLOJİ,,0,0,0
1596718230,IT Acc.,MOUSE,5099206128088,146302083,LOGITECH G,LOGITECH G Pro X Superlıght 2 Dex Kablosuz Mouse Siyah,2,220,Retail,7589,2,BETA PLUS TEKNOLOJİ,,0,0,0
1596779995,IT Acc.,KEYBOARD,5099206113534,137500133,LOGITECH G,LOGITECH G Pro X TKL Lightspeed Kablosuz Kablosuz Klavye Pembe,1,4,Retail,10509,1,BETA PLUS TEKNOLOJİ,,0,1,1
1596717822,IT Acc.,MOUSE,5099206117846,147922647,LOGITECH,LOGITECH G309 LIGHTSPEED BLUETOOTH KABLOSUZ OYUNCU MOUSE - Bluetooth Kablosuz Oyuncu Mouse Siyah,1,27,Retail,4669,1,BETA PLUS TEKNOLOJİ,,0,0,0
1834103590,IT Acc.,MOUSE,5099206106062,135170904,LOGITECH,LOGITECH M100 Kablolu Mouse Beyaz,4,20,Retail,987.19,4,Yedigün Bilişim,,0,0,0
1828855470,IT Acc.,MOUSE,5099206106062,135170904,LOGITECH,LOGITECH M100 Kablolu Mouse Beyaz,4,13,Retail,961.03,3,Yedigün Bilişim,,0,0,0
1757269164,IT Acc.,PC CHASSIS / HOUSING,4711377121576,141467790,MSI,MSI MAG FORGE 120A AIRFLOW Bilgisayar Kasası,4,4,Retail,4319,2,BETA PLUS TEKNOLOJİ,,0,0,0
1620638962,IT Acc.,MAINBOARDS,4711377125147,134660417,MSI,MSI PRO H610M-E H610 DDR5 ATX Anakart,8,164,Retail,4659,5,BETA PLUS TEKNOLOJİ,,0,0,0
1834098910,CE Acc.,TRUE WIRELESS HEADPHONES,5099206028586,107269828,LOGITECH,LOGITECH H150 Stereo Kablolu Kulak Üstü Kulaklık Beyaz,5,20,Retail,2046.24,5,Yedigün Bilişim,,0,0,0
1783630819,GSM HW,SMARTPHONES,8806099054953,174682638,SAMSUNG,SAMSUNG Galaxy A37 8 GB 256 GB Akıllı Telefon Antrasit,4,3,Retail,26099,1,CepHane Teknoloji,,0,3,3
1683451263,Gaming,GAME CONSOLE,0845620070121,133473145,MY ARCADE,MY ARCADE Gamestation  200 Oyun Atari Siyah,1,1,Retail,10359,1,BETA PLUS TEKNOLOJİ,,0,0,0
1683449342,Gaming,GAME CONSOLE,0845620070732,147342197,MY ARCADE,MY ARCADE Joystick Player Pac-Man Portable Atari Sarı,1,4,Retail,5159,1,BETA PLUS TEKNOLOJİ,,0,0,0
1825123721,CE Acc.,TRUE WIRELESS HEADPHONES,8887910060742,144502929,RAZER,RAZER Kraken V4 Kablolu ve Kablosuz Kulak Üstü Kulaklık Siyah,1,622,Retail,6509,1,BETA PLUS TEKNOLOJİ,,0,0,0
1757179070,IT Acc.,HARD DISK (INTERNAL),8806094215021,100234464,SAMSUNG,SAMSUNG 990 Pro Nvme 2.0 MZ-V9P1T0BW M.2 via NVMe 1 TB Dahili SSD Disk,9,18,Retail,17039,3,BETA PLUS TEKNOLOJİ,,0,211,10
1799494350,CE Acc.,TRUE WIRELESS HEADPHONES,4260752330435,100280469,SENNHEISER,"SENNHEISER MOMENTUM 4 BT KU/M SIYAH Kablosuz, Bluetooth Bluetooth Kulak Üstü Kulaklık Siyah",1,3,Retail,24699,1,BETA PLUS TEKNOLOJİ,,0,456,7
1831683911,GSM HW,SMARTPHONES,8806099054953,174682638,SAMSUNG,SAMSUNG Galaxy A37 8 GB 256 GB Akıllı Telefon Antrasit,4,1,Retail,26999,2,KEA Ev Aletleri,,0,3,3
1844851060,CE Acc.,TRUE WIRELESS HEADPHONES,6925281967078,104203877,JBL,JBL TUNE 720BT BEYAZ KU /M Bluetooth Bluetooth Kulak Üstü Kulaklık Beyaz,2,10,Retail,2999,1,Koycebine,,0,956,20
1811251300,SDA,VENTILATOR,8720389028618,140527405,PHILIPS,PHILIPS Series 5000 CX5535/11 Kule Tipi Vantilatör Siyah,5,1,Retail,5499,1,Koycebine,,0,0,0
1810900576,SDA,WATER-PIK AND AIR FLOSS,8720689010801,144828802,PHILIPS,PHILIPS Sonicare 3000 Ağız Duşu,2,1,Retail,8499,1,Koycebine,,0,0,1
1842277589,Hi-Fi,PORTABLE SPEAKER,0194644155209,140915990,SOUNDCORE BY ANKER,SOUNDCORE BY ANKER Soundcore Glow Taşınabilir Bluetooth Hoparlör Siyah,1,8,Retail,3999,1,Koycebine,,0,0,0
1759883157,SDA,HAIR CURLER ( CURLING IRON / HOT AIR BRUSH),3030050188950,150772510,BRAUN,BRAUN AS420E Air Styler 4.2 Iontec Saç Kurutma Makinesi ve Saç Şekillendirici Siyah,4,55,Retail,3999,1,Braun Shop,,0,0,0
1759884911,SDA,HAIR STRAIGHTENER & CRIMPER,3030050182125,100354778,BRAUN,BRAUN ST780 Satin Hair 7 Sensocare Saç Düzleştirici Siyah,2,13,Retail,7599,2,Braun Shop,,0,0,0
1811978915,SDA,IPL HAIR REMOVAL SYSTEMS,7500435238410,137557826,BRAUN,BRAUN Silk-expert Pro PL3122 IPL Lazer Epilasyon Cihazı Beyaz,1,131,Retail,14499,1,Braun Shop,,0,3,3
1604078179,Floor care,COMBI WET/DRY CLEANER,6974653812010,151997823,ROBOROCK,ROBOROCK F25 ACE Islak Kuru Akıllı Dikey Süpürge Siyah / Beyaz,3,1,Retail,25999,3,Mieko Türkiye,,0,0,0
1825820006,Photo,INSTANT CAMERAS,4547410539110,144266219,FUJIFILM,FUJIFILM Instax Mini LiPlay Şipşak Fotoğraf Makinesi Beyaz,1,24,Retail,12499,1,Desibela,,0,0,0
1825819969,Photo,INSTANT CAMERAS,4547410539097,144266261,FUJIFILM,FUJIFILM Instax Mini LiPlay Şipşak Fotoğraf Makinesi Matcha Green,1,9,Retail,12499,1,Desibela,,0,0,0
1834013303,Gaming Acc.,GAME PADS,5099206041875,126276860,LOGITECH G,LOGITECH G F310 4 Tuşlu D-Pad ile Kablolu PC Kablolu Oyun Kolu Lacivert,4,20,Retail,2758.17,4,Yedigün Bilişim,,0,0,0
1826349185,Gaming Acc.,GAME PADS,5099206041875,126276860,LOGITECH G,LOGITECH G F310 4 Tuşlu D-Pad ile Kablolu PC Kablolu Oyun Kolu Lacivert,4,5,Retail,2160.11,3,Yedigün Bilişim,,0,0,0
1834133446,IT Acc.,WEBCAMS,5099206113275,117003334,LOGITECH,LOGITECH Brio 100 Full HD Mikrofonlu 1920 x 1080 piksel Webcam,1,5,Retail,3575.68,1,Yedigün Bilişim,,0,0,0
1832133460,IT Acc.,WEBCAMS,5099206113268,117001579,LOGITECH,LOGITECH Brio 100 Full HD Mikrofonlu 1920 x 1080 piksel Webcam,4,25,Retail,3575.68,4,Yedigün Bilişim,,0,0,0
1821458318,GSM HW,SMARTPHONES,8806099054953,174682638,SAMSUNG,SAMSUNG Galaxy A37 8 GB 256 GB Akıllı Telefon Antrasit,4,1,Retail,27490,4,Güreller,,0,3,3
1834124290,IT Acc.,WEBCAMS,5099206113268,117001579,LOGITECH,LOGITECH Brio 100 Full HD Mikrofonlu 1920 x 1080 piksel Webcam,4,20,Retail,3575.68,3,Yedigün Bilişim,,0,0,0
1825819775,IT HW,PRINTERS,4547410487671,100269594,FUJIFILM,FUJIFILM Instax SQ Link Fotoğraf Yazıcısı,1,17,Retail,9399,1,Desibela,,0,,
1825577333,Photo,PHOTO BAGS,8720094752044,108230481,FUJIFILM,FUJIFILM Instax SQ40 Kamera Kılıfı,1,9,Retail,1549,1,Desibela,,0,0,0
1825819739,Photo,INSTANT CAMERAS,4547410511147,108656325,FUJIFILM,FUJIFILM Instax SQ40 Şipşak Fotoğraf Makinesi Siyah,1,6,Retail,8899,1,Desibela,,0,,
1828881882,IT Acc.,WEBCAMS,5099206113282,117001942,LOGITECH,LOGITECH Brio 100 FULL HD Pudra Pembe 1920 x1080 piksel Webcam,2,5,Retail,3743.47,2,Yedigün Bilişim,,0,0,0
1825820043,Photo,PHOTO FILMS,4547410432022,107286155,FUJIFILM,FUJIFILM Instax Square WhiteMarble 10'lu Kare Özel Film,1,26,Retail,719,1,Desibela,,0,0,0
1825819866,Photo,INSTANT CAMERAS,4547410529869,144701342,FUJIFILM,FUJIFILM Mini 99 Camera TH EX D Mini Siyah,1,18,Retail,11999,1,Desibela,,0,0,0
1825819715,Photo,INSTANT CAMERAS,4547410539103,144266111,FUJIFILM,FUJIFILM Mini LiPlay Şipşak Fotoğraf Makinesi Deep Bronze,1,12,Retail,12499,1,Desibela,,0,0,0
1825819779,Photo,PHOTO FILMS,4547410520002,144275853,FUJIFILM,FUJIFILM Mini Soft Levander WW1 Fotoğraf Filmi,1,13,Retail,719,1,Desibela,,0,,
1825820004,Photo,PHOTO FILMS,4547410466812,107286044,FUJIFILM,FUJIFILM Mini Stone Gray 10'lu Film,1,17,Retail,719,1,Desibela,,0,0,0
1591459675,Hi-Fi,PORTABLE SPEAKER,6975806660250,148804679,IKARAO,IKARAO Partybox Break X1 Karaoke Bluetooth Hoparlör Seti Siyah,1,20,Retail,35999,1,Desibela,,0,0,0
1591459878,Hi-Fi,PORTABLE SPEAKER,6975806660588,149725518,IKARAO,IKARAO Partybox Break X2 Karaoke Bluetooth Hoparlör Seti Siyah,1,100,Retail,26999,1,Desibela,,0,0,0
1605227258,SDA,COFFEE MAKER,8693184953655,103936418,ARZUM,ARZUM Okka Minio OK004 Türk Kahve Makinesi Siyah-Bakır,2,99,Retail,2085.65,1,YeniseY,,0,0,0
1820899777,SDA,ESPRESSO MAKER & COFFEE MAKER,8720389032370,142100739,PHILIPS,PHILIPS 5500 series EP5547/90 Tam Otomatik Espresso Makinesi Siyah,8,99,Retail,27412.52,1,YeniseY,,0,1,1
1605337352,SDA,HAIR CURLER ( CURLING IRON / HOT AIR BRUSH),5038061142327,106060928,REMINGTON,REMINGTON AS7300 Blow Dry Style 800W Saç Şekillendirme Cihazı Siyah,1,16,Retail,4598.37,1,YeniseY,,0,0,0
1605337382,SDA,HAIR CURLER ( CURLING IRON / HOT AIR BRUSH),4008496975785,107827230,REMINGTON,REMINGTON CI6525 Pro Soft Curl Bukle Saç Maşası Siyah,1,17,Retail,3306.02,1,YeniseY,,0,0,0
1843273439,SDA,HAIR STRAIGHTENER & CRIMPER,4008496873340,104924101,REMINGTON,REMINGTON S9100 E51 Pro-Luxe Straightener Saç Düzleştirici Pembe,3,24,Retail,8047.44,2,YeniseY,,0,264,6
1623171403,SDA,STEAM IRON,4008496881178,129257049,RUSSELL HOBBS,RUSSELL HOBBS 23971-56/RH Supreme Buharlı Ütü Mavi,1,40,Retail,4030.17,1,YeniseY,,0,0,0
1834109011,Gaming Acc.,OTHER COMPUTER ACCESSORIES,5099206090828,137446479,LOGITECH,LOGITECH 910-005843 R500S Sunum Kumandası Gri,2,19,Retail,3372.77,2,Yedigün Bilişim,,0,0,0
1810362467,SDA,AIR PURIFIER,6934177775345,104063364,XIAOMI,XIAOMI Smart Air Purifier 4 Compact Akıllı Hava Temizleyici Beyaz,1,2,Retail,7499,1,BigTech,,0,0,0
1832181001,GSM HW,SMARTPHONES,8806099359300,180973432,SAMSUNG,SAMSUNG Galaxy A27 8 5G 8 GB 256 GB Akıllı Telefon Siyah,1,9,Retail,22299,1,CepHane Teknoloji,,0,9,0
1633745910,GSM HW,SMARTPHONES,0195949722240,146562834,APPLE,APPLE iPhone 16 Plus 8 GB 128 GB Akıllı Telefon Siyah,1,1,Retail,97899,1,CepHane Teknoloji,,0,1,1
1821794296,CE Acc.,TRUE WIRELESS HEADPHONES,6925281967078,104203877,JBL,JBL TUNE 720BT BEYAZ KU /M Bluetooth Bluetooth Kulak Üstü Kulaklık Beyaz,2,19,Retail,3353,2,CepHane Teknoloji,,0,956,20
1633745963,CE Acc.,CHARGERS,8806094899511,147617299,SAMSUNG,SAMSUNG Type-C (25W) 2023 Vers - EP-T2510 Şarj Adaptörü Beyaz,5,182,Retail,897,2,CepHane Teknoloji,,0,7,14
1770452069,IT Acc.,TRACKERS,4894222071049,146914926,MOMAX,MOMAX PinTag Find My Tracker Akıllı Takip Cihazı,1,20,Retail,699,1,Cepport,,0,,
1834100323,IT Acc.,USB STICK,4582563850040,145047177,KIOXIA,KIOXIA U301 Beyaz Gen 1 USB 3.2 128 GB USB Bellek,5,20,Retail,1336.09,5,Yedigün Bilişim,,0,0,0
1775914349,CE Acc.,TRUE WIRELESS HEADPHONES,1200130016363,149888769,JBL,JBL Tune Buds2 Bluetooth True Wireless Kulak İçi Kulaklık Beyaz,1,5,Retail,4499,1,Teknopoint,,0,0,0
1839219400,Floor care,VACUUM CLEANER RECHARGEABLE,5035048712672,144940290,BLACK & DECKER,BLACK & DECKER BHHV315B-QW 12 V Şarjlı El Süpürgesi Siyah,1,81,Retail,4199,1,Decide,,0,0,0
1835750628,CE Acc.,TRUE WIRELESS HEADPHONES,4895229139732,145954456,PHILIPS,PHILIPS TAH4209BK KABLOSUZ KULAK ÜSTÜ KULAKLIK 55 SAAT SIY Kablosuz Bluetooth Kulak Üstü Kulaklık Siyah,1,392,Retail,1899,1,Decide,,0,0,0
1834100324,IT Acc.,USB STICK,4582563850033,106342453,KIOXIA,KIOXIA U301 Beyaz Gen 1 USB 3.0 64 GB USB Bellek,4,20,Retail,1109.31,4,Yedigün Bilişim,,0,,
1824290063,CE Acc.,TRUE WIRELESS HEADPHONES,4895229139565,145462887,PHILIPS,PHILIPS TAT2139BK Kablosuz Kulak İçi Kulaklık Siyah,1,301,Retail,1139,1,Decide,,0,0,1
1831693274,CE Acc.,CHARGERS,6941876213276,135878906,UGREEN,UGREEN 15327 Nexode 45W GaN Hızlı USB-C QC PD 2xUSB-C Şarj Cihazı Beyaz,1,443,Retail,1999,1,Decide,,0,0,0
1814533108,IT Acc.,MOUSE,6957303896714,115255737,UGREEN,UGREEN 2400DPI 2.4Ghz Sessiz Kablosuz Mouse Mavi,1,40,Retail,615,1,Decide,,0,0,0
1795396611,CE Acc.,POWERBANKS,6941876222087,142056224,UGREEN,UGREEN 25208 20W Magsafe Wireless Kablosuz Hızlı 10.000 mAh Powerbank Krem,1,22,Retail,2679,1,Decide,,0,0,0
1831698874,CE Acc.,POWERBANKS,6941876222865,152433793,UGREEN,"UGREEN 25286 300W 5 Portlu Şarj İstasyonu 3xUSB-C, 2xUSB-A 48.000 mAh Powerbank Gri",1,10,Retail,10999,1,Decide,,0,0,0
1826260526,CE Acc.,CHARGERS,6941876236688,152285147,UGREEN,UGREEN 25685B Nexode Uno 65W Robot GaN 2xUSB-C 1xUSB-A Şarj Cihazı Siyah,1,61,Retail,2239.2,1,Decide,,0,0,0
1831682762,CE Acc.,CHARGERS,6941876228775,145617615,UGREEN,UGREEN 25877 Nexode Pro 160W GaN 100W  USB-C QC PD 3xUSB-C 1xUSB-A Hızlı Şarj Aleti Gri,1,11,Retail,6499,1,Decide,,0,0,0
1814530211,IT Acc.,USB HUBS,6957303859856,138076328,UGREEN,UGREEN 4 Port USB 3.0 USB Hub Çoklayıcı,1,78,Retail,949,1,Decide,,0,0,0
1798414332,CE Acc.,CHARGERS,6941876249787,152338870,UGREEN,UGREEN 45515B Nexode Uno 100W Robot GaN 3xUSB-C 1xUSB-A Hızlı Şarj Aleti Gri,1,26,Retail,4799,1,Decide,,0,0,0
1811887217,IT Acc.,USB HUBS,6941876215966,152285450,UGREEN,UGREEN 5'i 1 Arada Gri USB-C 100W PD 4K HDMI USB Hub Çoklayıcı,1,104,Retail,1201,1,Decide,,0,0,0
1816592064,IT Acc.,CABLES & ADAPTERS,6957303857371,131437540,UGREEN,UGREEN 50737 USB Type-C to Ethernet RJ45 Dönüştürücü Adaptör Gümüş,1,6,Retail,1799,1,Decide,,0,0,0
1814532729,CE Acc.,CHARGERS,6941876230242,152338525,UGREEN,UGREEN 75 W 3 Portlu Çakmaklık Adaptörü 35024 Araç İçi Şarj Cihazı Gri,1,8,Retail,1699,1,Decide,,0,0,0
1795397187,CE Acc.,POWERBANKS,6941876213528,133902539,UGREEN,UGREEN 90597A 145W PD QC Led Göstergeli Taşınabilir Hızlı Şarj 25.000 mAh Powerbank Gri,1,24,Retail,5999,1,Decide,,0,0,0
1822093293,GSM Acc.,"HOLDERS (HOME, CAR, SELFIE, BIKE)",6957303893164,135878912,UGREEN,UGREEN Ayarlanabilir Kollu Araç İçi Vantuzlu Telefon Tutucu,1,103,Retail,999,1,Decide,,0,0,0
1841186562,IT Acc.,CABLES & ADAPTERS,6957303843633,146315565,UGREEN,UGREEN Display Port To Hdmi Dönüştürücü Adaptör Beyaz,1,15,Retail,799,1,Decide,,0,0,0
1831693277,CE Acc.,POWERBANKS,6941876222070,142056326,UGREEN,UGREEN MagSafe 15W Wireless 25207 5000 mAh Powerbank Bej,1,28,Retail,1679.2,1,Decide,,0,0,0
1831655585,CE Acc.,CHARGERS,6957303899289,104798846,UGREEN,"UGREEN Nexode 100W GaN Masaüsü Hızlı USB-C QC PD 4 Portlu 3xUSB-C, 1xUSB-A, , 90928 Şarj Cihazı Uzay Grisi",1,89,Retail,3599.1,1,Decide,,0,0,0
1801670615,CE Acc.,CHARGERS,6941876232918,152338523,UGREEN,UGREEN Nexode Uno 65 W Robot GaN 35291 Hızlı Şarj Cihazı Mor,1,57,Retail,2243,1,Decide,,0,0,0
1801731091,CE Acc.,CHARGERS,6941876238552,152285435,UGREEN,"UGREEN Nexode Uno 65W Robot GaN 2xUSB-C, 1xUSB-A 35855 Hızlı Şarj Cihazı Çok renkli",1,45,Retail,2201,1,Decide,,0,0,0
1793163009,CE Acc.,POWERBANKS,6941876226832,147994663,UGREEN,"UGREEN PD 3.0 Hızlı Şarj  1xUSB-C, 2xUSB-A, 25683 20000 mAh Powerbank Siyah",1,1,Retail,2499,1,Decide,,0,0,0
1813771265,CE Acc.,POWERBANKS,6941876227426,152285456,UGREEN,UGREEN PD 3.0 Hızlı Şarj 1xUSB-C 2xUSB-A 25742 10000 mAh Powerbank Siyah,1,41,Retail,1799,1,Decide,,0,0,0
1814427460,IT Acc.,USB HUBS,6957303873364,142066724,UGREEN,UGREEN TYPE-C USB 3.0 4 Port Gri USB Hub Çoklayıcı,1,28,Retail,799,1,Decide,,0,1,1
1814530005,CE Acc.,CHARGING CABLE,6957303867493,143742576,UGREEN,UGREEN USB-C - Lightning 3A PD MFi Sertifikalı 2 m 60749 Hızlı Şarj Kablosu Beyaz,1,33,Retail,1119.2,1,Decide,,0,,
1813638830,CE Acc.,USB CABLE,6957303881505,142055077,UGREEN,UGREEN USB-C 100 W Thunderbolt USB3.1 GEN 2 5A QC PD 1 m 80150 Hızlı Şarj Kablosu Siyah,1,11,Retail,1599,1,Decide,,0,0,0
1824005136,Pet Care,PET GROOMING AIDS,6973293809190,142448465,PETKIT,PETKIT 2'si 1 Arada Beyaz Evcil Hayvan Tıraş Makinesi,1,69,Retail,2199,1,FırsatKurdu,,0,,
1819225475,Pet Care,PET FOOD / DRINK DISPENSER,6975069300818,137970604,PETKIT,PETKIT Eversweet Solo SE Su Pınarı Beyaz,1,21,Retail,2248,1,FırsatKurdu,,0,0,0
1843273235,Pet Care,PET FOOD / DRINK DISPENSER,6975069300764,137970724,PETKIT,PETKIT Eversweet Solo SE Su Pınarı Siyah,1,5,Retail,2399,1,FırsatKurdu,,0,0,0
1843274027,Pet Care,PET FOOD / DRINK DISPENSER,6975069300597,137970589,PETKIT,PETKIT Fresh Element Solo Akıllı Besleme Ünitesi Beyaz,1,1,Retail,4599,1,FırsatKurdu,,0,0,0
1839994399,Pet Care,PET FOOD / DRINK DISPENSER,6931580105356,152035536,PETKIT,PETKIT Fresh Nano 15°Ayarlanabilir Beslemeli Çift Kase Karışımı Metal Mama Kabı Gümüş,1,28,Retail,1849,1,FırsatKurdu,,0,1,1
1830661149,Pet Care,PET FOOD / DRINK DISPENSER,6975069302713,137970662,PETKIT,PETKIT Yumshare Kameralı Çift Hazneli Akıllı Mama Kabı Beyaz,1,36,Retail,8499,1,FırsatKurdu,,0,0,1
1816047336,Pet Care,PET FOOD / DRINK DISPENSER,6975069302768,137970588,PETKIT,PETKIT Yumshare Solo Kameralı Akıllı Mama Kabı Beyaz,1,5,Retail,7599,1,FırsatKurdu,,0,0,0
1845521157,GSM HW,SMARTPHONES,8806099359317,180973436,SAMSUNG,SAMSUNG Galaxy A27 5G (Samsung Türkiye Garantili) 8 GB 256 GB Akıllı Telefon Mavi,1,1,Retail,22999,1,Beşken elektronik,,0,662,17
1699585295,SDA,HAIR CURLER ( CURLING IRON / HOT AIR BRUSH),3030050185812,140377349,BABYLISS,BABYLISS AS965E StylePro 1000W Döner Başlıklı Hava Üflemeli Saç Şekillendirme Seti Mavi,2,1,Retail,8990,2,TAŞARAVM,,0,0,0
1699682889,SDA,HAIR CURLER ( CURLING IRON / HOT AIR BRUSH),3030050153651,106621220,BABYLISS,BABYLISS C452E Rose Quartz 32mm Tong Saç Maşası Pembe,1,6,Retail,6499,1,TAŞARAVM,,0,0,0
1737196020,SDA,HAIR STRAIGHTENER & CRIMPER,3030050185874,107509179,BABYLISS,BABYLISS ST241E Smooth Ceramic 230 Derece Saç Düzleştirici Siyah,3,5,Retail,3999,3,TAŞARAVM,,0,0,0
1707750079,SDA,HAIR CURLER ( CURLING IRON / HOT AIR BRUSH),3030050188950,150772510,BRAUN,BRAUN AS420E Air Styler 4.2 Iontec Saç Kurutma Makinesi ve Saç Şekillendirici Siyah,4,2,Retail,7069,4,TAŞARAVM,,0,0,0
1737167665,SDA,HAIR DRYER,3030050188974,143328286,BRAUN,BRAUN HD425E HD4.2 Iontec Difüzörlü 2100 W Saç Kurutma Makinesi Mat Siyah,1,5,Retail,6059,1,TAŞARAVM,,0,0,0
1731527433,SDA,ESPRESSO MAKER & COFFEE MAKER,8004399021419,141921315,DELONGHI,DELONGHI Magnifica Evo Çekirdekten Fincana ECAM290.81.TB Tam Otomatik Espresso Makinesi Siyah,3,7,Retail,39999,3,TAŞARAVM,,0,0,0
1845248438,GSM HW,MOBILE PHONES,6438409104342,179951927,NOKIA,NOKIA 105 2023 TA-1557 DS-2G Tuşlu 4 MB 4 MB Cep Telefonu Siyah,1,20,Retail,2699,1,Reyontek,,0,0,0
1699744696,Floor care,VACUUM CLEANER,7332543646821,106650323,ELECTROLUX,ELECTROLUX Pure C9 PC91-ALRG 650 W Toz Torbasız Süpürge Beyaz,3,2,Retail,18995,3,TAŞARAVM,,0,1,1
1699707048,SDA,WINDOW CLEANER,4054278605678,144827766,KAERCHER,KAERCHER WV 5 Plus N Black Edition 10 W Cam Temizleme Makinesi Siyah,2,4,Retail,6999,2,TAŞARAVM,,0,0,0
1730012667,SDA,STEAM CLEANER,4054278975771,144495450,KÄRCHER,KÄRCHER SC 2 Deluxe Buharlı Temizlik Makinesi Beyaz,2,4,Retail,9999,2,TAŞARAVM,,0,0,0
1730011907,SDA,STEAM CLEANER,4054278975122,143510346,KÄRCHER,KÄRCHER SC 2 EasyFix Buharlı Temizlik Makinesi Beyaz,2,3,Retail,9499,2,TAŞARAVM,,0,0,0
1846366229,GSM HW,SMARTPHONES,0195951031514,176861417,APPLE,APPLE iPhone 17e 8 GB 512 GB Akıllı Telefon Pembe,1,2,Retail,94299,1,Bittibitiyor,,0,0,0
1730012723,SDA,STEAM CLEANER,4054278991818,136198238,KÄRCHER,KÄRCHER SC 4 EasyFix Buharlı Temizlik Makinesi Beyaz,5,2,Retail,17999,3,TAŞARAVM,,0,0,0
1748209267,SDA,STEAM CLEANER,4054278991535,136198262,KÄRCHER,KÄRCHER SC 5 EasyFix Iron Plug EU Buharlı Temizlik Makinesi Beyaz,3,2,Retail,34799,2,TAŞARAVM,,0,0,0
1825051997,GSM HW,SMARTPHONES,0195951031323,176856728,APPLE,APPLE iPhone 17e 8 GB 512 GB Akıllı Telefon Beyaz,1,2,Retail,94299,1,Bittibitiyor,,0,0,0
1730453508,SDA,STEAM IRON,8720389050084,145969401,PHILIPS,PHILIPS 5000 Serisi STH5020/40 Taşınabilir Buharlı Dikey Ütü Kırmızı,2,2,Retail,3999,2,TAŞARAVM,,0,0,0
1731527050,SDA,ESPRESSO MAKER & COFFEE MAKER,8720389032370,142100739,PHILIPS,PHILIPS 5500 series EP5547/90 Tam Otomatik Espresso Makinesi Siyah,8,3,Retail,31990,6,TAŞARAVM,,0,1,1
1698119259,SDA,HAIR STRAIGHTENER & CRIMPER,8710103974161,107461774,PHILIPS,PHILIPS 7000 Series BHS732/00 İyonlu Seramik Saç Düzleştirici Mavi,3,2,Retail,6999,3,TAŞARAVM,,0,0,0
1771893693,Floor care,VACUUM CLEANER RECHARGEABLE,8720389022470,142503832,PHILIPS,PHILIPS 7000 Serisi XC7057/01 Kablosuz Şarjlı Dikey Süpürge Siyah,3,3,Retail,29999,3,TAŞARAVM,,0,5,5
1698117562,SDA,HAIR CURLER ( CURLING IRON / HOT AIR BRUSH),8720689002813,106622139,PHILIPS,"PHILIPS BHA530/00 Argan Yağı Seramik Kaplama 5 Aparat,3 Isı ve Hız Ayarı Saç Şekillendirme ve Kurutma Seti Gri",4,4,Retail,6598.9,4,TAŞARAVM,,0,0,0
1699684130,SDA,HAIR DRYER,8710103948643,106568585,PHILIPS,PHILIPS BHD500/00 Thermoshield 2100 W Saç Kurutma Makinesi Beyaz,4,3,Retail,4068.9,4,TAŞARAVM,,0,0,0
1698217346,SDA,HAIR DRYER,8710103948834,134042090,PHILIPS,PHILIPS BHD510/00 5000 Series 2300 W Saç Kurutma Makinesi Mavi,3,3,Retail,7148.57,3,TAŞARAVM,,0,0,0
1698115797,SDA,HAIR STRAIGHTENER & CRIMPER,8710103974147,135777218,PHILIPS,PHILIPS BHS520/00 Bukle Özelliği Argan Yağı Katkılı İyonik Bakım-Kılıf Saç Düzleştirici Mavi,4,8,Retail,4499,4,TAŞARAVM,,0,0,0
1699683728,SDA,SMALL  APPLIANCES ACCESSORIES,8720389000423,106573792,PHILIPS,PHILIPS CA6704/10,1,10,Retail,699,1,TAŞARAVM,,0,2,2
1729911211,SDA,VENTILATOR,8720389036842,143418259,PHILIPS,PHILIPS CX2550/00 Ayaklı Vantilatör Beyaz,5,5,Retail,4999,4,TAŞARAVM,,0,0,0
1729911232,SDA,VENTILATOR,8720389036972,146006993,PHILIPS,PHILIPS Cx5535/00 Kule Tipi Vantilatör Beyaz,2,4,Retail,11999,2,TAŞARAVM,,0,11,0
1731632436,SDA,COFFEE MAKER,3666342006819,100506926,PHILIPS,PHILIPS Daily Collection HD7462/20 Filtre Kahve Makinesi Siyah,2,4,Retail,5999,2,TAŞARAVM,,0,0,0
1811192605,MDA,REFRIGERATOR,8806095499208,174601893,SAMSUNG,SAMSUNG RF65DG90BESLTR  650 L Triple Cooling E Enerji Sınıfı Gardırop Tipi Buzdolabı Gümüş,1,5,Retail,124899,1,Smartevim,,0,,
1845254759,MDA,REFRIGERATOR,8059019072913,174601973,HOOVER,HOOVER HHCR3818EWPL  463 L E Enerji Sınıfı Gardırop Tipi Buzdolabı Gümüş,1,1,Retail,54999,1,EPATeknoloji,,0,,
1730450621,SDA,COFFEE MAKER,0882754620020,106340359,PHILIPS,PHILIPS HD7546/20 Cafe Gaia Filtre Kahve Makinesi Gümüş,2,3,Retail,7999,2,TAŞARAVM,,0,0,0
1698184497,SDA,WATER KETTLE,8710103817253,106942243,PHILIPS,PHILIPS HD9350/90 2200W 1.7 l Su Isıtıcı Paslanmaz çelik,2,6,Retail,3999,2,TAŞARAVM,,0,0,0
1748796069,SDA,CONTACT GRILL,8710103860808,107777192,PHILIPS,PHILIPS HD9951/00 AIRFRYER XXL IZGARA SETİ Tost Makinesi Siyah-Gümüş,2,15,Retail,999,2,TAŞARAVM,,0,0,0
1699683732,SDA,BLENDER,8720389001505,107790849,PHILIPS,PHILIPS HR2291/41 Cam 600 W Sürahi Blender Siyah,2,2,Retail,4999,2,TAŞARAVM,,0,48,6
1698217329,SDA,HAND MIXER & HAND BLENDER,4018843646824,127856928,PHILIPS,PHILIPS HR3705/10 Daily Collection 300 W El Mikseri Siyah,2,10,Retail,3999,2,TAŞARAVM,,0,1,1
1706006756,SDA,BLENDER,8720389013621,145026009,PHILIPS,PHILIPS HR3770/00 Dual Chef Meyve Sıkacağı 1500 W Blender Siyah,1,2,Retail,12999,1,TAŞARAVM,,0,252,6
1756587876,SDA,DENTAL ACCESSORIES,8720689036818,151150532,PHILIPS,PHILIPS HX6062/87 Sonicare Şarjlı 2'li Diş Fırçası Yedek Başlığı,1,1,Retail,1999,1,TAŞARAVM,,0,0,0
1814667734,SDA,DENTAL ACCESSORIES,8720689035217,151152455,PHILIPS,PHILIPS HX6062/88 Sonicare Şarjlı 2'li Diş Fırçası Yedek Başlığı,1,4,Retail,2499,1,TAŞARAVM,,0,0,0
1731525213,SDA,ESPRESSO MAKER & COFFEE MAKER,8720389027673,137220065,PHILIPS,PHILIPS LatteGo EP3347/90 Tam Otomatik Espresso Makinesi Siyah krom,6,3,Retail,27899,5,TAŞARAVM,,0,86,6
1751458683,SDA,MULTIGROOMER,8710103924005,106574633,PHILIPS,PHILIPS NT3650/16 Kulak-Burun Tüy Kesme Makinesi Gri,2,2,Retail,2398.8,2,TAŞARAVM,,0,0,0
1825512409,MDA,DISHWASHER,8806095533681,174583953,SAMSUNG,SAMSUNG DW60DG540FSRTR  13 Kişilik D Enerji Sınıfı 4 Programlı Bulaşık Makinesi Gümüş,1,5,Retail,26899,1,Smartevim,,0,,
1698118049,SDA,SHAVER,8720689007863,144343235,PHILIPS,PHILIPS S5887/10 Tıraş Makinesi Karbon Grisi,4,4,Retail,7999,4,TAŞARAVM,,0,0,0
1698117950,SDA,VENTILATOR,8720389028618,140527405,PHILIPS,PHILIPS Series 5000 CX5535/11 Kule Tipi Vantilatör Siyah,5,2,Retail,7489,5,TAŞARAVM,,0,0,0
1756584158,SDA,DENTAL ACCESSORIES,8720689036757,151152016,PHILIPS,PHILIPS Sonicare 2'li -HX6012/87 Elektrikli Diş Fırçası Başlığı,1,1,Retail,1899,1,TAŞARAVM,,0,0,0
1730586162,SDA,TOOTHBRUSH ELECTRICAL,8720689000963,107813768,PHILIPS,PHILIPS Sonicare Diamond Clean 9000 Elektrikli Diş Fırçası Pembe,3,1,Retail,19999,3,TAŞARAVM,,0,0,0
1730508455,SDA,CITRUS PRESS & JUICER,8710103642756,145267320,PHILIPS,PHILIPS Viva Collection HR1832/00 Narenciye Sıkacağı Siyah,4,3,Retail,6499,4,TAŞARAVM,,0,,
1699827455,SDA,HAIR STRAIGHTENER & CRIMPER,4008496817344,104924100,REMINGTON,REMINGTON S5525 Saç Düzleştirici Siyah,1,1,Retail,4999,1,TAŞARAVM,,0,0,0
1737279246,SDA,HAIR STRAIGHTENER & CRIMPER,4008496873340,104924101,REMINGTON,REMINGTON S9100 E51 Pro-Luxe Straightener Saç Düzleştirici Pembe,3,2,Retail,10098.99,3,TAŞARAVM,,0,264,6
1751452468,SDA,STEAM IRON,5038061136302,100408015,RUSSELL HOBBS,RUSSELL HOBBS 28370-56/RH Steam Genie 2in1 Buharlı Dikey Ütü Lacivert,1,3,Retail,8999,1,TAŞARAVM,,0,,
1699497935,MDA,WASHING MACHINE,6921081503089,149615713,HAIER,HAIER HW100-BP14929A-S A Enerji Sınıfı 10 kg 1400 rpm Çamaşır Makinesi Beyaz,1,5,Retail,25899,1,Smartevim,,0,27,0
1813954703,SDA,ESPRESSO MAKER & COFFEE MAKER,3016661177378,146722068,KRUPS,KRUPS M90 Sensation Milk Tam Otomatik Kahve Makinesi Siyah,1,5,Retail,43599,1,Smartevim,,0,,
1812288769,SDA,VENTILATOR,3121040093788,152117308,ROWENTA,ROWENTA QV5040F1 Turbo Twist Silence Vantilatör Siyah,1,5,Retail,8999,1,Smartevim,,0,0,0
1835644531,SDA,HAIR STRAIGHTENER & CRIMPER,3121040091975,145472711,ROWENTA,ROWENTA SF8120F0 1830009197 Ultimate Experience Thermocare Saç Düzleştirici Siyah-Altın,2,5,Retail,4959,2,Smartevim,,0,1,1
1823901660,SDA,VENTILATOR,3121040090893,137565465,ROWENTA,ROWENTA VU5650 Turbo Silence Uzaktan Kumandalı 12 Hız Ayarlı Sessiz Vantilatör Beyaz,2,10,Retail,6959,1,Smartevim,,0,0,0
1823901680,SDA,VENTILATOR,3121040090893,137565465,ROWENTA,ROWENTA VU5650 Turbo Silence Uzaktan Kumandalı 12 Hız Ayarlı Sessiz Vantilatör Beyaz,2,10,Retail,6959,2,Smartevim,,0,0,0
1736730299,MDA,DISHWASHER,8806095533728,149657440,SAMSUNG,SAMSUNG DW60DG550FWQTR D Enerji Sınıfı 5 Programlı Bulaşık Makinesi Beyaz,2,5,Retail,25299,1,Smartevim,,0,0,0
1824529363,IT HW,MONITOR,8806095535364,149219116,SAMSUNG,SAMSUNG Odyssey G3 LS24DG302EUXUF (HDMI+DP) FHD Pivot 24 inç Full-HD 1 ms 180 Hz Gaming Monitör Siyah,2,5,Retail,7299,2,Smartevim,,0,0,0
1826134266,SDA,STEAM STATION,3121040077252,100414530,TEFAL,"TEFAL GV9230 Pro Express Protect (2600 Watt, Durilium Airglide Otomatik Temizleme Ultra İnce Taban) Buhar Kazanlı Ütü Kırmızı-Siyah",1,10,Retail,15299,1,Smartevim,,0,2,2
1825842678,Floor care,COMBI WET/DRY CLEANER,6974653812010,151997823,ROBOROCK,ROBOROCK F25 ACE Islak Kuru Akıllı Dikey Süpürge Siyah / Beyaz,3,9,Retail,22299,1,exbilisim,,0,0,0
1820093165,SDA,BLENDER,4242005257508,105374307,BOSCH,BOSCH MMB2111M 450 W Blender Paslanmaz Çelik,3,5,Retail,4000,2,Tozkoparanas,,0,0,0
1820093018,SDA,CONTACT GRILL,4242005403578,142157745,BOSCH,BOSCH TCG3323 Tost Makinesi Siyah,1,5,Retail,8000,1,Tozkoparanas,,0,0,0
1718902246,SDA,COFFEE MAKER,4242005396924,144374533,BOSCH,BOSCH TKA4M233 Filtre Kahve Makinesi Siyah,1,5,Retail,7000,1,Tozkoparanas,,0,0,0
1805477009,SDA,STEAM IRON,8720389043772,152140172,PHILIPS,PHILIPS 5000 Serisi STH5020/20 Buharlı Dikey Düzleştirici Mavi,2,3,Retail,4499,2,Denkel,,0,0,0
1805476346,SDA,AIR PURIFIER,8720389039485,150525062,PHILIPS,"PHILIPS AC3420/10 PureProtect Water 3400 Serisi Hava Temizleme Cihazı Beyaz, Gri",3,3,Retail,34199,3,Denkel,,0,0,0
1748159481,Photo,DRONES,6941565988294,144266232,DJI,DJI Neo Fly More Combo Drone Beyaz,1,1,Retail,21999,1,Birtek Teknoloji,,0,0,0
1834100327,IT Acc.,USB STICK,4582563850200,106421538,KIOXIA,KIOXIA U202 Beyaz USB 2.0 32 GB USB Bellek,1,20,Retail,1266.31,1,Yedigün Bilişim,,0,,
1783009112,IT Acc.,BAGS FOR NOTEBOOKS,0192158279381,123689904,LENOVO,"LENOVO Everyday 15,6 inç Laptop Sırt Çantası Gri",1,1,Retail,1299,1,HerşeyVar,,0,55,2
1802673435,SDA,TOOTHBRUSH ELECTRICAL,8720689000963,107813768,PHILIPS,PHILIPS Sonicare Diamond Clean 9000 Elektrikli Diş Fırçası Pembe,3,1,Retail,8999,2,HerşeyVar,,0,0,0
1834100351,IT Acc.,USB STICK,4582563850224,108859691,KIOXIA,KIOXIA Transmemory U202 Beyaz USB 2.0 128 GB USB Bellek,4,20,Retail,1292.48,4,Yedigün Bilişim,,0,0,0
1834100348,IT Acc.,USB STICK,4582563850217,145047243,KIOXIA,KIOXIA TransMemory U202 USB 2.0 64 GB USB Bellek,2,20,Retail,1074.42,2,Yedigün Bilişim,,0,,
1818444492,Photo,DRONE ACCESSORIES,6941565906526,107767681,DJI,DJI Mini 2 Pervane Seti Siyah,3,7,Retail,1499,2,BLACKBOX,,0,0,0
1820459502,Photo,ACTION CAMERAS,6941565981059,146717678,DJI,DJI Osmo Action 5 Pro Adventure Combo Aksiyon Kamera Siyah,2,3,Retail,31999,2,BLACKBOX,,0,2,2
1815592408,IT Acc.,STEERING WHEEL,6973137270278,152352491,MOZA RACING,MOZA RACING Vision GS GT-Formula Direksiyon,1,1,Retail,41499,1,BLACKBOX,,0,0,0
1821435057,Photo,INSTANT CAMERAS,9120096775574,137449522,POLAROID,POLAROID Go Gen 2 EB Şipşak Fotoğraf Makinesi Beyaz,2,2,Retail,6499,1,BLACKBOX,,0,,
1821424208,Photo,INSTANT CAMERAS,9120096774355,137449527,POLAROID,POLAROID Go Gen2 Şipşak Fotoğraf Makinesi Siyah,1,1,Retail,5499,1,BLACKBOX,,0,,
1832540515,Photo,INSTANT CAMERAS,9120134283108,152117923,POLAROID,POLAROID Now Gen 3 + Color Film Bundle Şipşak Fotoğraf Makinesi Siyah,1,4,Retail,8499,1,BLACKBOX,,0,0,0
1821375074,TV,VIDEO PROJECTOR,6935670510051,150772358,XGIMI,XGIMI Vibe One Battery Powered Projeksiyon Cihazı Beyaz,2,4,Retail,14799,1,BLACKBOX,,0,0,0
1710563979,Photo,DRONE ACCESSORIES,6941565906526,107767681,DJI,DJI Mini 2 Pervane Seti Siyah,3,43,Retail,1999,3,Daki Teknoloji,,0,0,0
1760901253,IT Acc.,MAINBOARDS,4711387242087,108806224,ASUS,ASUS PRIME A620M-K A620 DDR5 Micro Atx Anakart,4,17,Retail,4851.1,1,netsiparis,,0,1,0
1760901357,IT Acc.,MAINBOARDS,4711387429761,142919938,ASUS,ASUS PRIME B650M-R AMD B650 DDR5 micro ATX Anakart,6,20,Retail,5633.9,2,netsiparis,,0,0,0
1834100331,IT Acc.,MEMORY CARD,4582563850811,134073403,KIOXIA,KIOXIA Exceria UHS-I C10 100MB/s microSDXC 64 GB Hafıza Kartı,3,20,Retail,1859.43,3,Yedigün Bilişim,,0,0,0
1834100332,IT Acc.,MEMORY CARD,4582563850804,145047057,KIOXIA,KIOXIA Exceria  UHS-1 C10 100MB/sn microSDHC 32 GB Hafıza Kartı,3,20,Retail,1597.76,3,Yedigün Bilişim,,0,0,1
1760900546,IT Acc.,MAINBOARDS,4711387806289,149284168,ASUS,ASUS Prime B860M-A Wi-Fi 8666MHz (OC) DDR5 M.2 HDMI DP Intel B860 DDR5 Matx Anakart,3,2,Retail,10657.3,1,netsiparis,,0,,
1826490654,IT Acc.,HARD DISK (INTERNAL),0740617344790,145381326,KINGSTON,KINGSTON NV3 SNV3S/1000G 6000-4000MB/s SATA 1 TB SSD,5,20,Retail,13591.04,4,Yedigün Bilişim,,0,1,1
1760900488,IT Acc.,MAINBOARDS,0197105815148,149284074,ASUS,ASUS TUF Gaming B860-PLUS Wi-Fi 8666MHz (OC) DDR5 M.2 HDMI DP Intel B860 DDR5 ATX Anakart,2,3,Retail,9725.3,1,netsiparis,,0,0,0
1760901271,CE Acc.,TRUE WIRELESS HEADPHONES,6932172630867,143586727,BASEUS,BASEUS BOWIE EZ10 BT KULAKLIK-BEYAZ Bluetooth Bluetooth Kulak İçi Kulaklık Beyaz,1,1,Retail,2185.6,1,netsiparis,,0,0,0
1760901218,CE Acc.,TRUE WIRELESS HEADPHONES,6932172631710,134292641,BASEUS,BASEUS H1I BOWIE TWS ANC SIYAH Kablosuz Bluetooth Kulaklık Siyah,1,4,Retail,4209.5,1,netsiparis,,0,10,0
1817298920,IT HW,MONITOR,4718755094538,149492767,BENQ,BENQ MA270U 27'' 4K UHD IPS USB C 400 MONITOR 27 inç 4K UHD 5 ms 60 Hz Gaming Monitör Siyah,3,1,Retail,34795.6,2,netsiparis,,0,0,0
1770762478,IT HW,MONITOR,4718755094552,150230583,BENQ,"BENQ MA320U 32' 4K UHD IPS USB C 400 MONITOR 31,5 inç 4K UHD 5 ms 60 Hz Monitör Siyah",3,5,Retail,38951.1,2,netsiparis,,0,0,0
1760901320,IT Acc.,INK CARTRIDGE & TONER,4549292187434,130588054,CANON,CANON CRG 067 5099C002AA Lazer baskı Toner Sarı,2,8,Retail,6196.4,1,netsiparis,,0,0,0
1760901259,IT Acc.,INK CARTRIDGE & TONER,4549292187502,130586987,CANON,CANON CRG 067 5100C002AA Lazer baskı Toner Kırmızı,3,8,Retail,6196.4,2,netsiparis,,0,0,0
1801773654,IT Acc.,BAGS FOR NOTEBOOKS,6970412222212,176118243,TOMTOC,TOMTOC A22F3B5 DEFENDER-A22 16 inç Laptop Çantası Lacivert,1,85,Retail,2099,1,Dossimo,,0,0,0
1760900418,IT HW,PRINTERS,4549292205398,149776173,CANON,CANON G3470 Wi-Fi Megatank Yazıcı,2,48,Retail,7010.6,1,netsiparis,,0,0,0
1760907040,IT Acc.,INK CARTRIDGE & TONER,4549292168976,130592934,CANON,CANON GI-46C Mürekkep baskı Mürekkep Cyan,4,1,Retail,1693.6,1,netsiparis,,0,0,0
1760900562,IT Acc.,INK CARTRIDGE & TONER,4549292041729,123479724,CANON,CANON GI-490BK Mürekkep baskı Siyah,3,1,Retail,697.9,1,netsiparis,,0,0,0
1838571082,IT HW,PRINTERS,4549292095487,145037628,CANON,CANON Pixma G3410 Tanklı Wi-Fi Çok Fonksiyonlu Yazıcı,2,35,Retail,8637.4,2,netsiparis,,0,0,0
1760900802,IT Acc.,INK CARTRIDGE & TONER,8715946643397,123477955,EPSON,EPSON C13T03V24A Mürekkep baskı Cyan,3,10,Retail,670.2,1,netsiparis,,0,0,0
1841276212,IT Acc.,USB STICK,0740617326376,106421549,KINGSTON,KINGSTON Gen 1 Datatraveler Exodia M USB 3.0 128 GB Taşınabilir USB Bellek,3,3,Retail,1370.98,3,Yedigün Bilişim,,0,,
1831666168,IT HW,PRINTERS,0193015506749,100842689,HP,HP Laser MFP 137FNW Yazıcı,5,25,Retail,18047.15,3,Yedigün Bilişim,,0,,
1839618852,TV,VIDEO PROJECTOR,8715946706825,117286987,EPSON,EPSON CO-FH01 Projeksiyon Cihazı Beyaz,2,1,Retail,31500,1,netsiparis,,0,0,0
1760906961,TV,VIDEO PROJECTOR,8715946706849,103131748,EPSON,EPSON CO-W01 Projeksiyon Cihazı Beyaz,2,2,Retail,23038.5,1,netsiparis,,0,0,0
1760900743,IT Acc.,INK CARTRIDGE & TONER,8715946643403,123478255,EPSON,EPSON EcoTank 101 C13T03V34A Mürekkep Mürekkep baskı magenta,3,10,Retail,670.2,1,netsiparis,,0,0,0
1770952832,IT Acc.,PC POWER SUPPLY,0824142258460,96854399,MSI,MSI MAG MAG A650BN 650 W Güç Kaynağı Siyah,2,7,Retail,4705.6,2,Kraft Online,,0,0,0
1760906971,IT Acc.,MAIN MEMORY,4713294232670,135503175,G.SKILL,G.SKILL F5-6000J3636F16GX2-TZ5NR Trident Z5 Neo RGB 6000MHz CL36 (2x16GB) Ram,2,20,Retail,39274,1,netsiparis,,0,,
1829750262,IT HW,PRINTERS,0193015506749,100842689,HP,HP Laser MFP 137FNW Yazıcı,5,20,Retail,18388.36,4,Yedigün Bilişim,,0,,
1760906916,IT Acc.,MAIN MEMORY,4713294226624,128224861,G.SKILL,G.SKILL RIPJAWS 3200 MHZ CL22 Notebook Ram,3,100,Retail,4829.3,1,netsiparis,,0,0,0
1760907059,IT Acc.,MAIN MEMORY,4719692007506,123032310,G.SKILL,G.SKILL RIPJAWSV 3200 MHZ CL16 Single Ram,3,100,Retail,9044.4,1,netsiparis,,0,0,0
1760907024,IT Acc.,MAIN MEMORY,4713294226648,123429271,G.SKILL,G.SKILL Ripjaws 3200 MHZ CL22 Notebook Ram,2,100,Retail,8780.9,1,netsiparis,,0,,
1760906903,IT Acc.,MAIN MEMORY,4713294231482,142980729,GSKILL,GSKILL RIPJAWS S5 6000MHZ CL36 (2X16GB) Ram,2,100,Retail,36046.9,1,netsiparis,,0,0,0
1838586508,IT Acc.,INK CARTRIDGE & TONER,0193905429219,108860720,HP,HP 3YM60AE (305) Mürekkep Kartuşu Mürekkep baskı Mürekkep Renkli,1,100,Retail,1001.3,1,netsiparis,,0,0,0
1838586509,IT Acc.,INK CARTRIDGE & TONER,0193905429257,100737498,HP,HP 3YM61AE (305) Mürekkep Kartuşu Mürekkep baskı Mürekkep Siyah,1,100,Retail,1001.3,1,netsiparis,,0,0,0
1838586507,IT Acc.,INK CARTRIDGE & TONER,0192545270656,123479617,HP,HP GT53XL Orjinal Mürekkep Şişesi 1VV21AE Mürekkep baskı Mürekkep Siyah,2,4,Retail,910.4,1,netsiparis,,0,1,1
1796527561,IT HW,PRINTERS,0193015506749,100842689,HP,HP Laser MFP 137FNW Yazıcı,5,20,Retail,13265.9,2,netsiparis,,0,,
1838595802,IT Acc.,INK CARTRIDGE & TONER,0190780132555,130593102,HP,HP M0H56A GT52 Mürekkep Şişesi Mürekkep baskı Sarı,1,4,Retail,832.1,1,netsiparis,,0,0,0
1782436541,IT Acc.,BAGS FOR NOTEBOOKS,0195161359590,144421110,HP,"HP Çift Taraflı Fermuarsız Neopren  2F2K5AA 15,6 inç Laptop Kılıfı Siyah Gümüş",2,5,Retail,939.3,1,netsiparis,,0,0,0
1760900522,IT Acc.,CPU,5032037279147,136068259,INTEL,INTEL 1.8GHz ~ 4.7GHz 20mb 1700P Box Fanlı Intel Core I5 14400f İşlemci,2,6,Retail,9588.7,1,netsiparis,,0,29,1
1760900991,IT Acc.,CPU,0735858550567,146666636,INTEL,INTEL BX80768245KF  Fanlı Box Core Ultra 5 Processor 245KF İşlemci,3,10,Retail,12283,1,netsiparis,,0,0,0
1760902768,IT Acc.,MEMORY CARD,4582563850804,145047057,KIOXIA,KIOXIA Exceria  UHS-1 C10 100MB/sn microSDHC 32 GB Hafıza Kartı,3,20,Retail,1034.3,1,netsiparis,,0,0,1
1760907032,IT Acc.,MEMORY CARD,4582563850811,134073403,KIOXIA,KIOXIA Exceria UHS-I C10 100MB/s microSDXC 64 GB Hafıza Kartı,3,20,Retail,1210.3,1,netsiparis,,0,0,0
1760902604,IT Acc.,USB STICK,4582563850224,108859691,KIOXIA,KIOXIA Transmemory U202 Beyaz USB 2.0 128 GB USB Bellek,4,10,Retail,773.2,1,netsiparis,,0,0,0
1760901389,IT Acc.,USB STICK,4582563850033,106342453,KIOXIA,KIOXIA U301 Beyaz Gen 1 USB 3.0 64 GB USB Bellek,4,20,Retail,669.1,1,netsiparis,,0,,
1760902613,IT Acc.,USB STICK,4582563850040,145047177,KIOXIA,KIOXIA U301 Beyaz Gen 1 USB 3.2 128 GB USB Bellek,5,20,Retail,832.1,1,netsiparis,,0,0,0
1760902709,IT Acc.,USB STICK,4582563853881,144280142,KIOXIA,KIOXIA U366 Metal Gen 1 USB 3.2 128 GB USB Bellek,2,100,Retail,1099.1,1,netsiparis,,0,,
1760900981,IT Acc.,WEBCAMS,5099206113268,117001579,LOGITECH,LOGITECH Brio 100 Full HD Mikrofonlu 1920 x 1080 piksel Webcam,4,25,Retail,2593.8,1,netsiparis,,0,0,0
1760906905,CE Acc.,TRUE WIRELESS HEADPHONES,5099206028586,107269828,LOGITECH,LOGITECH H150 Stereo Kablolu Kulak Üstü Kulaklık Beyaz,5,20,Retail,1367.3,1,netsiparis,,0,0,0
1760907051,IT Acc.,MOUSE,5099206108783,151196420,LOGITECH,LOGITECH M171 Kablosuz Mouse Gül,6,25,Retail,780.2,1,netsiparis,,0,0,0
1760901181,IT Acc.,MOUSE,5099206112018,106621247,LOGITECH,LOGITECH M240 Sessiz Kablosuz Mouse Beyaz,2,18,Retail,1113.2,1,netsiparis,,0,0,0
1760907117,IT Acc.,MOUSE,4058154131244,135170814,LOGITECH,LOGITECH M330 Sessiz Kablosuz Mouse Mavi,5,12,Retail,1154.2,1,netsiparis,,0,0,0
1760906886,IT Acc.,MOUSE,5099206111745,106620963,LOGITECH,LOGITECH MX Anywhere 3S Kablosuz Mouse Beyaz,3,1,Retail,4753.2,1,netsiparis,,0,0,0
1760906884,IT Acc.,MOUSE,5099206111721,106621533,LOGITECH,LOGITECH MX Anywhere 3S Kablosuz Mouse Grafit,3,10,Retail,4818.5,1,netsiparis,,0,0,0
1760906965,IT Acc.,MOUSE,5099206110427,117001386,LOGITECH,LOGITECH Pebble 2 M350S Bluetooth Kablosuz Mouse Grafit,7,25,Retail,1328.2,2,netsiparis,,0,0,0
1760907076,Hi-Fi,HIFI SPEAKERS,5099206004023,101313051,LOGITECH,LOGITECH S150 2.0 Hoparlör Siyah,5,2,Retail,1510.9,1,netsiparis,,0,0,0
1760907072,Hi-Fi,HIFI SPEAKERS,5099206048799,112684388,LOGITECH,LOGITECH Z150 2.0 Beyaz Multimedya Hoparlör Beyaz,3,15,Retail,2080.4,1,netsiparis,,0,0,0
1760900847,Hi-Fi,HIFI SPEAKERS,5099206093263,134321509,LOGITECH,LOGITECH Z407 Subwoofer 2.1 Hoparlör Siyah,2,13,Retail,6991.1,1,netsiparis,,0,1,1
1760907140,Hi-Fi,HIFI SPEAKERS,5099206023536,107383414,LOGITECH,LOGITECH Z906 980-000468 Hoparlör Siyah,1,3,Retail,25011.7,1,netsiparis,,0,0,0
1760900510,IT Acc.,WLAN ROUTER,6957939001353,151111442,MERCUSYS,MERCUSYS Halo H60X 2'li 2 Port 1 Gbit/s MIMO Kablosuz Router,2,20,Retail,5716.8,1,netsiparis,,0,0,0
1760901255,IT Acc.,SWITCHES,6935364072568,101425130,MERCUSYS,MERCUSYS MS105G 5 Switch Siyah,1,50,Retail,691,1,netsiparis,,0,0,0
1760901340,IT Acc.,SWITCHES,0849439000386,101425659,MERCUSYS,MERCUSYS MS108 8-Port Desktop 8 Switch Beyaz,7,20,Retail,548.3,2,netsiparis,,0,0,0
1760902705,IT Acc.,WLAN REPEATER,6935364088064,132858483,MERCUSYS,MERCUSYS MU6H 650 Mbps Kablosuz MIMO Ağ Adaptörü,2,10,Retail,710.2,1,netsiparis,,0,0,0
1770814795,IT Acc.,WLAN ROUTER,6957939001995,146207789,MERCUSYS,MERCUSYS Mercusys MB110-4G 300 Mbps Kablosuz N 4G LTE Kablosuz / Kablolu 2 Port 300 Mbit/s MIMO Router,4,3,Retail,2253.3,1,netsiparis,,0,0,0
1760900835,IT Acc.,PC CHASSIS / HOUSING,4719072932220,149007012,MSI,MSI MAG  Forge M100R Bilgisayar Kasası,4,10,Retail,3020.3,1,netsiparis,,0,0,0
1811887218,Gaming Acc.,OTHER COMPUTER ACCESSORIES,6957303824717,86384552,UGREEN,UGREEN Alüminyum Macbook Dikey Masaüstü 20471 Laptop Standı Gri,1,45,Retail,2299,1,Decide,,0,1,0
1760900782,IT Acc.,PC CHASSIS / HOUSING,4719072676414,135340553,MSI,MSI MAG Forge 100M Gaming Bilgisayar Kasası,5,10,Retail,2956.3,2,netsiparis,,0,1,0
1760900579,IT Acc.,CPU COOLING,4711377273763,147427504,MSI,MSI MSI Msı Mag Corelıquıd A13 240 240 Mm Argb LGA1700 Sıvı Işlemci Soğutucusu İşlemci Soğutucu,3,2,Retail,4570.9,1,netsiparis,,0,0,0
1760906980,IT Acc.,MAINBOARDS,4711377125147,134660417,MSI,MSI PRO H610M-E H610 DDR5 ATX Anakart,8,112,Retail,3187.5,1,netsiparis,,0,0,0
1760900859,IT Acc.,MAINBOARDS,4711377002660,116920155,MSI,MSI PRO H610M-E Intel H610 DDR4 Micro ATX Anakart,4,20,Retail,4090.9,1,netsiparis,,0,154,6
1760902861,IT Acc.,PC POWER SUPPLY,0824142258460,96854399,MSI,MSI MAG MAG A650BN 650 W Güç Kaynağı Siyah,2,6,Retail,4133.5,1,netsiparis,,0,0,0
1760907116,IT Acc.,HARD DISK (INTERNAL),0887276429601,135262642,SAMSUNG,SAMSUNG 870 Evo MZ-77E500BW SATA 6 Gbit/s 500 GB SSD,6,25,Retail,12092.6,1,netsiparis,,0,0,0
1760900458,IT Acc.,HARD DISK (INTERNAL),8806094215038,100234396,SAMSUNG,SAMSUNG 990 PRO MZ-V9P2T0BW M.2 via NVMe 2 TB SSD,6,3,Retail,32773.2,1,netsiparis,,0,0,0
1760901379,IT Acc.,HARD DISK (INTERNAL),8806094215021,100234464,SAMSUNG,SAMSUNG 990 Pro Nvme 2.0 MZ-V9P1T0BW M.2 via NVMe 1 TB Dahili SSD Disk,9,9,Retail,16659.3,1,netsiparis,,0,211,10
1760907107,IT Acc.,HARD DISK (EXTERNAL),3660619040247,100408537,SEAGATE,SEAGATE STKM2000400 2 TB Harici Hard Disk Siyah,4,18,Retail,8126.1,1,netsiparis,,0,0,0
1770759787,Smart Home,ACTUATORS & SENSORS,4897098682944,101833308,TAPO,TAPO Apo T100 Tapo Akıllı Hareket Sensörü,2,50,Retail,1078.2,2,netsiparis,,0,0,0
1836446360,IT Acc.,INK CARTRIDGE & TONER,8715946643403,123478255,EPSON,EPSON EcoTank 101 C13T03V34A Mürekkep Mürekkep baskı magenta,3,17,Retail,1302.04,3,Yedigün Bilişim,,0,0,0
1760900975,IT Acc.,WLAN ROUTER,0810111420822,107835339,TP-LINK,TP-LINK Archer AX53 Dual Band Wi-Fi 6 Kablosuz 5 Port 2402 Mbit/s MIMO Router,5,1,Retail,3108.3,2,netsiparis,,0,0,0
1760900633,IT Acc.,WLAN ROUTER,4251877271772,143918914,TP-LINK,TP-LINK Archer VX1800V 1800 Mbps VDSL2 Modem 4 Port 1800 Mbit/s MU-MIMO Router,6,10,Retail,4879.1,3,netsiparis,,0,0,0
1760902784,IT Acc.,SWITCHES,0845973021153,135168466,TP-LINK,TP-LINK TL-SG108 10/100/1000 Mbps 8 Switch Siyah,3,10,Retail,1446.4,1,netsiparis,,0,0,0
1770759803,Smart Home,SMART HOME IP CAMERAS,4897098682753,126323446,TP-LINK,TP-LINK Tapo C210 72.2Mbps(802.11n) Wi-Fi Kamera Beyaz,2,50,Retail,1724.2,1,netsiparis,,0,0,0
1760902758,Smart Home,SMART HOME IP CAMERAS,4897098687031,126323079,TP-LINK,TP-LINK Tapo C320WS 150Mbps(802.11n) Akıllı Ev Ip Kamerası Beyaz,3,50,Retail,2943.5,3,netsiparis,,0,0,0
1760900970,IT Acc.,WLAN ADAPTER & CARDS,0767261274990,102200417,TP-LINK,TP-LINK UE306 USB 3.0 to Ethernet Dönüştürücü Beyaz,3,73,Retail,900.2,1,netsiparis,,0,0,0
1842546654,Gaming Acc.,OTHER COMPUTER ACCESSORIES,6941876291878,183070055,UGREEN,"UGREEN Ayarlanabilir Katlanabilir Alüminyum 10–17.3 İnç Notebook Uyumlu, 95187 Laptop Standı Gümüş",1,10,Retail,2999,1,Decide,,0,0,0
1805592248,Floor care,VACUUM CLEANER BAGS,4002516830085,152120755,MIELE,MIELE CO HyClean Pure Elektrikli Süpürge Torbası,1,20,Retail,790,1,IMC HOME,,0,1,3
1782975703,SDA,BLENDER,4242005257508,105374307,BOSCH,BOSCH MMB2111M 450 W Blender Paslanmaz Çelik,3,1,Retail,5498.9,3,Güreller,,0,0,0
1783331011,SDA,CHOPPING MACHINE AND CHEESE GRATER,4242002742816,107813533,BOSCH,BOSCH MMR08A1 Doğrayıcı Beyaz,1,1,Retail,4398.9,1,Güreller,,0,0,0
1756708472,SDA,RADIATOR / FAN HEATER / CONVECTOR,8004399131170,107462608,DELONGHI,DELONGHI HX65L22 2200 W Konvektör Isıtıcı Gri,2,3,Retail,14839,2,Güreller,,0,0,0
1792083547,SDA,KITCHEN MACHINE,4242005252350,131087680,GOLLA,GOLLA MUMS2VM00 900 W Mutfak Makinesi Gri,2,1,Retail,12089,2,Güreller,,0,0,0
1757404450,Hi-Fi,HIFI SPEAKERS,1200130019111,150043924,JBL,JBL Partybox Club 120 Bluetooth Hoparlör Beyaz,1,3,Retail,34990,1,Güreller,,0,0,0
1757439965,Hi-Fi,PORTABLE SPEAKER,1200130008764,146897831,JBL,JBL Partybox Stage320 Bluetooth Hoparlör Siyah,1,4,Retail,49489,1,Güreller,,0,0,0
1757232818,Hi-Fi,SOUNDBAR,0195174049297,152574851,LG,LG SC9S Bluetooth Soundbar,1,3,Retail,30789,1,Güreller,,0,0,1
1824594448,SDA,ESPRESSO MAKER & COFFEE MAKER,8720389032370,142100739,PHILIPS,PHILIPS 5500 series EP5547/90 Tam Otomatik Espresso Makinesi Siyah,8,1,Retail,31990,5,Güreller,,0,1,1
1824570666,SDA,AIR PURIFIER,8720389019418,107729710,PHILIPS,PHILIPS AMF870/15 3'ü 1 Isıtıcılı-Soğutuculu Hava Temizleyici Gri,2,2,Retail,29999,2,Güreller,,0,0,0
1748162075,TV,TELEVISION,8806095539973,148367096,SAMSUNG,"SAMSUNG 98DU9000 98 inç 248,92 cm Dahili Uydu Alıcılı 4K UHD SMART TV LED TV",1,2,Retail,153989,1,Güreller,,0,0,0
1748162827,MDA,DISHWASHER,8806095533698,149655580,SAMSUNG,SAMSUNG DW60DG540FWQTR D Enerji Sınıfı 4 Programlı Bulaşık Makinesi Beyaz,1,2,Retail,33869,1,Güreller,,0,0,0
1748162872,MDA,DISHWASHER,8806095533711,149657895,SAMSUNG,SAMSUNG DW60DG550FSRTR D Enerji Sınıfı 5 Programlı Bulaşık Makinesi Gri,1,3,Retail,36289,1,Güreller,,0,0,0
1748162957,MDA,DISHWASHER,8806095533728,149657440,SAMSUNG,SAMSUNG DW60DG550FWQTR D Enerji Sınıfı 5 Programlı Bulaşık Makinesi Beyaz,2,3,Retail,35189,2,Güreller,,0,0,0
1748255022,GSM Acc.,COVER & CASE (TELECOM),8806095622873,144802678,SAMSUNG,SAMSUNG Galaxy Z Fold 6 Kalemli Telefon Kılıfı Gri,1,3,Retail,8798.9,1,Güreller,,0,0,0
1748079716,GSM Acc.,COVER & CASE (TELECOM),8806095624198,144802728,SAMSUNG,SAMSUNG Galaxy Z Fold 6 Kalemli Telefon Kılıfı Lacivert,1,2,Retail,9898.9,1,Güreller,,0,0,0
1748252447,IT HW,MONITOR,8806095535364,149219116,SAMSUNG,SAMSUNG Odyssey G3 LS24DG302EUXUF (HDMI+DP) FHD Pivot 24 inç Full-HD 1 ms 180 Hz Gaming Monitör Siyah,2,4,Retail,6598.9,1,Güreller,,0,0,0
1770235413,IT Acc.,MAINBOARDS,4711387242087,108806224,ASUS,ASUS PRIME A620M-K A620 DDR5 Micro Atx Anakart,4,1,Retail,6207.25,4,UzmanlarPC,,0,1,0
1770235368,IT Acc.,MAINBOARDS,4711387429761,142919938,ASUS,ASUS PRIME B650M-R AMD B650 DDR5 micro ATX Anakart,6,10,Retail,6745.94,5,UzmanlarPC,,0,0,0
1831693294,IT Acc.,TABLET STANDS & MOUNTS,6957303843930,175993792,UGREEN,UGREEN Ayarlanabilir Metal Tablet Tutucu Standı 40393 Uzay Grisi,1,4,Retail,1799,1,Decide,,0,0,0
1770234848,IT Acc.,MAINBOARDS,4711387806289,149284168,ASUS,ASUS Prime B860M-A Wi-Fi 8666MHz (OC) DDR5 M.2 HDMI DP Intel B860 DDR5 Matx Anakart,3,2,Retail,12478.44,3,UzmanlarPC,,0,,
1846592452,IT Acc.,INK CARTRIDGE & TONER,4549292187502,130586987,CANON,CANON CRG 067 5100C002AA Lazer baskı Toner Kırmızı,3,10,Retail,5596.99,1,UzmanlarPC,,0,0,0
1830575102,IT Acc.,PC CHASSIS / HOUSING,4711377216340,180694963,MSI,MSI MAG Forge 120A B65 RGB Temperli Cam USB 3.2 ATX Mid Tower 650 W 80+ Bronze Gaming Bilgisayar Kasası,4,7,Retail,6261.78,2,UzmanlarPC,,0,12,0
1770236648,IT Acc.,INK CARTRIDGE & TONER,4549292168990,130593096,CANON,CANON GI-46 Kartuş 4428C001 Mürekkep baskı Mürekkep Kırmızı,2,200,Retail,2679.96,1,UzmanlarPC,,0,0,0
1770237022,IT Acc.,INK CARTRIDGE & TONER,4549292168976,130592934,CANON,CANON GI-46C Mürekkep baskı Mürekkep Cyan,4,200,Retail,2679.96,3,UzmanlarPC,,0,0,0
1770237082,IT Acc.,MAIN MEMORY,4719692007506,123032310,G.SKILL,G.SKILL RIPJAWSV 3200 MHZ CL16 Single Ram,3,9,Retail,10177.94,2,UzmanlarPC,,0,0,0
1770235852,IT Acc.,INK CARTRIDGE & TONER,0193424172702,100737823,HP,HP 106A Cartridge Toner Lazer baskı Siyah,3,50,Retail,4409.9,3,UzmanlarPC,,0,0,0
1770236724,IT Acc.,INK CARTRIDGE & TONER,0193424172818,100399748,HP,HP 117A Orijinal Toner W2071A Lazer baskı Toner Cam Göbeği,1,9,Retail,4060.69,1,UzmanlarPC,,0,0,0
1770235291,IT Acc.,CPU,5032037279147,136068259,INTEL,INTEL 1.8GHz ~ 4.7GHz 20mb 1700P Box Fanlı Intel Core I5 14400f İşlemci,2,50,Retail,12393.52,2,UzmanlarPC,,0,29,1
1770236066,IT Acc.,USB STICK,0740617326260,108859838,KINGSTON,KINGSTON DTXM USB 3.0 64 GB USB Bellek,2,25,Retail,779.14,2,UzmanlarPC,,0,,
1770236153,IT Acc.,USB STICK,0740617326376,106421549,KINGSTON,KINGSTON Gen 1 Datatraveler Exodia M USB 3.0 128 GB Taşınabilir USB Bellek,3,25,Retail,1099.31,2,UzmanlarPC,,0,,
1834060307,IT Acc.,PC CHASSIS / HOUSING,4711377216340,180694963,MSI,MSI MAG Forge 120A B65 RGB Temperli Cam USB 3.2 ATX Mid Tower 650 W 80+ Bronze Gaming Bilgisayar Kasası,4,18,Retail,7834.27,4,Yedigün Bilişim,,0,12,0
1770235518,IT Acc.,HARD DISK (INTERNAL),0740617344790,145381326,KINGSTON,KINGSTON NV3 SNV3S/1000G 6000-4000MB/s SATA 1 TB SSD,5,100,Retail,11092.7,3,UzmanlarPC,,0,1,1
1770236374,IT Acc.,MEMORY CARD,4582563850811,134073403,KIOXIA,KIOXIA Exceria UHS-I C10 100MB/s microSDXC 64 GB Hafıza Kartı,3,20,Retail,1482.64,2,UzmanlarPC,,0,0,0
1770234225,IT Acc.,USB STICK,4582563850217,145047243,KIOXIA,KIOXIA TransMemory U202 USB 2.0 64 GB USB Bellek,2,4,Retail,830.69,1,UzmanlarPC,,0,,
1770236559,IT Acc.,USB STICK,4582563850224,108859691,KIOXIA,KIOXIA Transmemory U202 Beyaz USB 2.0 128 GB USB Bellek,4,20,Retail,1038.33,3,UzmanlarPC,,0,0,0
1770236943,IT Acc.,USB STICK,4582563850033,106342453,KIOXIA,KIOXIA U301 Beyaz Gen 1 USB 3.0 64 GB USB Bellek,4,20,Retail,864.81,3,UzmanlarPC,,0,,
1770236335,IT Acc.,USB STICK,4582563850040,145047177,KIOXIA,KIOXIA U301 Beyaz Gen 1 USB 3.2 128 GB USB Bellek,5,20,Retail,1081.16,4,UzmanlarPC,,0,0,0
1770236083,IT Acc.,USB STICK,4582563853867,144279410,KIOXIA,KIOXIA U366 Metal Gen 1 USB 3.0 64 GB USB Bellek,1,20,Retail,941.04,1,UzmanlarPC,,0,,
1770236213,IT Acc.,USB STICK,4582563853881,144280142,KIOXIA,KIOXIA U366 Metal Gen 1 USB 3.2 128 GB USB Bellek,2,20,Retail,1256.85,2,UzmanlarPC,,0,,
1770234816,Gaming Acc.,OTHER COMPUTER ACCESSORIES,5099206090828,137446479,LOGITECH,LOGITECH 910-005843 R500S Sunum Kumandası Gri,2,10,Retail,2779.3,1,UzmanlarPC,,0,0,0
1770234548,IT Acc.,WEBCAMS,5099206113282,117001942,LOGITECH,LOGITECH Brio 100 FULL HD Pudra Pembe 1920 x1080 piksel Webcam,2,20,Retail,3081.84,1,UzmanlarPC,,0,0,0
1770234284,IT Acc.,WEBCAMS,5099206113268,117001579,LOGITECH,LOGITECH Brio 100 Full HD Mikrofonlu 1920 x 1080 piksel Webcam,4,20,Retail,3153.72,2,UzmanlarPC,,0,0,0
1770236815,Gaming Acc.,GAME PADS,5099206041875,126276860,LOGITECH G,LOGITECH G F310 4 Tuşlu D-Pad ile Kablolu PC Kablolu Oyun Kolu Lacivert,4,20,Retail,2017.73,2,UzmanlarPC,,0,0,0
1770236498,CE Acc.,TRUE WIRELESS HEADPHONES,5099206028586,107269828,LOGITECH,LOGITECH H150 Stereo Kablolu Kulak Üstü Kulaklık Beyaz,5,20,Retail,1688.63,4,UzmanlarPC,,0,0,0
1770234646,IT Acc.,MOUSE,5099206106062,135170904,LOGITECH,LOGITECH M100 Kablolu Mouse Beyaz,4,10,Retail,701.29,1,UzmanlarPC,,0,0,0
1770234892,IT Acc.,MOUSE,5099206104242,134565499,LOGITECH,LOGITECH M100 Kablolu Mouse Siyah,5,20,Retail,710,2,UzmanlarPC,,0,0,0
1770235914,IT Acc.,MOUSE,5099206106055,120147009,LOGITECH,LOGITECH M110 Sessiz Kablolu Mouse Gri,4,20,Retail,919.09,2,UzmanlarPC,,0,0,0
1770236566,IT Acc.,MOUSE,5099206108783,151196420,LOGITECH,LOGITECH M171 Kablosuz Mouse Gül,6,20,Retail,972.09,3,UzmanlarPC,,0,0,0
1770236351,IT Acc.,MOUSE,4058154131244,135170814,LOGITECH,LOGITECH M330 Sessiz Kablosuz Mouse Mavi,5,14,Retail,1222.56,2,UzmanlarPC,,0,0,0
1770235619,IT Acc.,MOUSE,5099206110441,117002337,LOGITECH,LOGITECH M350S Pebble 2 Kablosuz Mouse Beyaz,3,10,Retail,1618.23,1,UzmanlarPC,,0,0,0
1770234467,IT Acc.,MOUSE,5099206110427,117001386,LOGITECH,LOGITECH Pebble 2 M350S Bluetooth Kablosuz Mouse Grafit,7,25,Retail,1618.23,4,UzmanlarPC,,0,0,0
1770234244,IT Acc.,MOUSE,5099206110410,117003016,LOGITECH,LOGITECH Pebble 2 M350S Bluetooth Kablosuz Mouse Pudra-Pembe,4,25,Retail,1618.23,2,UzmanlarPC,,0,1,1
1770236203,Hi-Fi,HIFI SPEAKERS,5099206004023,101313051,LOGITECH,LOGITECH S150 2.0 Hoparlör Siyah,5,20,Retail,1848.25,2,UzmanlarPC,,0,0,0
1770236260,Hi-Fi,HIFI SPEAKERS,5099206048799,112684388,LOGITECH,LOGITECH Z150 2.0 Beyaz Multimedya Hoparlör Beyaz,3,20,Retail,2426.87,2,UzmanlarPC,,0,0,0
1770236696,IT Acc.,SWITCHES,6935364072582,133570107,MERCUSYS,MERCUSYS MS105 10/100Mbps 5 Switch Beyaz,4,5,Retail,704.8,3,UzmanlarPC,,0,0,0
1770235981,IT Acc.,SWITCHES,0849439000386,101425659,MERCUSYS,MERCUSYS MS108 8-Port Desktop 8 Switch Beyaz,7,20,Retail,748.36,5,UzmanlarPC,,0,0,0
1770236197,IT Acc.,SWITCHES,6935364072551,101425663,MERCUSYS,MERCUSYS MS108G 8 Switch Siyah,3,25,Retail,1105.55,2,UzmanlarPC,,0,4,0
1770234598,IT Acc.,WLAN ROUTER,6957939001995,146207789,MERCUSYS,MERCUSYS Mercusys MB110-4G 300 Mbps Kablosuz N 4G LTE Kablosuz / Kablolu 2 Port 300 Mbit/s MIMO Router,4,20,Retail,2702.85,4,UzmanlarPC,,0,0,0
1770236160,IT Acc.,PC CHASSIS / HOUSING,4719072932220,149007012,MSI,MSI MAG  Forge M100R Bilgisayar Kasası,4,5,Retail,4046.75,2,UzmanlarPC,,0,0,0
1836446362,IT Acc.,INK CARTRIDGE & TONER,8715946643397,123477955,EPSON,EPSON C13T03V24A Mürekkep baskı Cyan,3,18,Retail,1302.04,3,Yedigün Bilişim,,0,0,0
1832128578,IT Acc.,INK CARTRIDGE & TONER,4549292041729,123479724,CANON,CANON GI-490BK Mürekkep baskı Siyah,3,4,Retail,1407.55,3,Yedigün Bilişim,,0,0,0
1842234927,IT Acc.,INK CARTRIDGE & TONER,4549292168976,130592934,CANON,CANON GI-46C Mürekkep baskı Mürekkep Cyan,4,5,Retail,2950.53,4,Yedigün Bilişim,,0,0,0
1842234926,IT Acc.,INK CARTRIDGE & TONER,4549292168990,130593096,CANON,CANON GI-46 Kartuş 4428C001 Mürekkep baskı Mürekkep Kırmızı,2,5,Retail,2950.53,2,Yedigün Bilişim,,0,0,0
1770235692,IT Acc.,PC CHASSIS / HOUSING,4711377121576,141467790,MSI,MSI MAG FORGE 120A AIRFLOW Bilgisayar Kasası,4,2,Retail,5030.48,3,UzmanlarPC,,0,0,0
1770236881,IT Acc.,PC CHASSIS / HOUSING,4719072676414,135340553,MSI,MSI MAG Forge 100M Gaming Bilgisayar Kasası,5,8,Retail,3888.48,3,UzmanlarPC,,0,1,0
1770235034,IT Acc.,CPU COOLING,4711377273763,147427504,MSI,MSI MSI Msı Mag Corelıquıd A13 240 240 Mm Argb LGA1700 Sıvı Işlemci Soğutucusu İşlemci Soğutucu,3,4,Retail,5909.67,3,UzmanlarPC,,0,0,0
1770235094,IT Acc.,MAINBOARDS,4711377125147,134660417,MSI,MSI PRO H610M-E H610 DDR5 ATX Anakart,8,5,Retail,4360.31,4,UzmanlarPC,,0,0,0
1770236187,IT Acc.,MAINBOARDS,4711377002660,116920155,MSI,MSI PRO H610M-E Intel H610 DDR4 Micro ATX Anakart,4,1,Retail,4800.99,3,UzmanlarPC,,0,154,6
1770235906,SDA,HAIR DRYER,3121040075654,126296030,ROWENTA,ROWENTA CV6930 Compact Pro+ 2200 W Saç Kurutma Makinesi Siyah,3,20,Retail,2625.1,2,UzmanlarPC,,0,0,0
1770234994,IT Acc.,BAGS FOR NOTEBOOKS,5400520328496,150687604,SAMSONITE,"SAMSONITE KR2-09-007 15,6 inç Laptop Çantası Siyah",1,2,Retail,5678.77,1,UzmanlarPC,,0,0,0
1770236874,IT Acc.,HARD DISK (INTERNAL),0887276429601,135262642,SAMSUNG,SAMSUNG 870 Evo MZ-77E500BW SATA 6 Gbit/s 500 GB SSD,6,25,Retail,14218.13,4,UzmanlarPC,,0,0,0
1770236544,IT Acc.,HARD DISK (INTERNAL),8806094215038,100234396,SAMSUNG,SAMSUNG 990 PRO MZ-V9P2T0BW M.2 via NVMe 2 TB SSD,6,1,Retail,39530.12,4,UzmanlarPC,,0,0,0
1770236473,IT Acc.,HARD DISK (INTERNAL),8806094215021,100234464,SAMSUNG,SAMSUNG 990 Pro Nvme 2.0 MZ-V9P1T0BW M.2 via NVMe 1 TB Dahili SSD Disk,9,19,Retail,18715.7,6,UzmanlarPC,,0,211,10
1770235649,IT Acc.,HARD DISK (EXTERNAL),3660619040247,100408537,SEAGATE,SEAGATE STKM2000400 2 TB Harici Hard Disk Siyah,4,19,Retail,9725.47,3,UzmanlarPC,,0,0,0
1770236898,IT Acc.,WLAN ROUTER,0810111420822,107835339,TP-LINK,TP-LINK Archer AX53 Dual Band Wi-Fi 6 Kablosuz 5 Port 2402 Mbit/s MIMO Router,5,4,Retail,4238.34,4,UzmanlarPC,,0,0,0
1770235337,IT Acc.,CABLES & ADAPTERS,6935364072667,123432478,TP-LINK,TP-LINK Archer T3U 1300 Mbps Kablosuz USB Adaptör Siyah,3,1,Retail,1368.46,2,UzmanlarPC,,0,0,0
1770236639,IT Acc.,WLAN ROUTER,6935364089689,143586909,TP-LINK,"TP-LINK Archer VR400 Kablosuz 4 Port 1000 Mbit/s MU-MIMO, MIMO Router",3,5,Retail,4034.33,2,UzmanlarPC,,0,0,0
1770235894,IT Acc.,WLAN ROUTER,4251877271772,143918914,TP-LINK,TP-LINK Archer VX1800V 1800 Mbps VDSL2 Modem 4 Port 1800 Mbit/s MU-MIMO Router,6,2,Retail,6053.34,5,UzmanlarPC,,0,0,0
1770236411,IT Acc.,SWITCHES,6935364089085,135053124,TP-LINK,TP-LINK LS1008 8 Switch Beyaz,4,20,Retail,803.54,1,UzmanlarPC,,0,,
1770236148,IT Acc.,WLAN ROUTER,6935364088804,117004347,TP-LINK,TP-LINK TL-MR100 300Mbps 4G LTE Wireless 2 Port 300 Mbit/s MIMO Router,3,20,Retail,3833.23,1,UzmanlarPC,,0,0,0
1770236667,IT Acc.,SWITCHES,0845973021153,135168466,TP-LINK,TP-LINK TL-SG108 10/100/1000 Mbps 8 Switch Siyah,3,25,Retail,1821.39,3,UzmanlarPC,,0,0,0
1770235557,IT Acc.,WLAN ADAPTER & CARDS,0840030707377,102200551,TP-LINK,TP-LINK TL-UE300 USB 3.0 to Ethernet Dönüştürücü Siyah,2,5,Retail,1106.4,1,UzmanlarPC,,0,0,0
1770235647,IT Acc.,WLAN ROUTER,4895252500875,136794465,TP-LINK,TP-LINK TP-Link Archer AX12 AX1500 Mbps Fiber Destekli 4 Gigabit LAN Portları PA3 Gigabit Dual-Band Wi-Fi 6 Kablosuz 4 Port 1501 Mbit/s MU-MIMO Router,3,17,Retail,2378.33,3,UzmanlarPC,,0,0,0
1770236938,IT Acc.,BLUETOOTH ADAPTER,4897098683446,123023127,TP-LINK,TP-LINK UB500 Bluetooth 5.4 Nano PC Laptop Masaüstü Windows Uyumlu Plug Play USB Adaptör Siyah,4,25,Retail,752.09,2,UzmanlarPC,,0,0,0
1830520610,IT Acc.,MAINBOARDS,4711387242087,108806224,ASUS,ASUS PRIME A620M-K A620 DDR5 Micro Atx Anakart,4,17,Retail,5536.6,2,Kraft Online,,0,1,0
1830520781,IT Acc.,MAINBOARDS,4711387429761,142919938,ASUS,ASUS PRIME B650M-R AMD B650 DDR5 micro ATX Anakart,6,20,Retail,6443.1,4,Kraft Online,,0,0,0
1826332189,IT Acc.,MAINBOARDS,4711387429761,142919938,ASUS,ASUS PRIME B650M-R AMD B650 DDR5 micro ATX Anakart,6,20,Retail,7456.72,6,Yedigün Bilişim,,0,0,0
1822172530,IT Acc.,MOUSE,4055895423904,135170939,LOGITECH,LOGITECH M185 910-002235 Kablosuz Mouse Siyah-Gri,1,8,Retail,799,1,7RENK,,0,,
1830520824,IT Acc.,MAINBOARDS,4711387806289,149284168,ASUS,ASUS Prime B860M-A Wi-Fi 8666MHz (OC) DDR5 M.2 HDMI DP Intel B860 DDR5 Matx Anakart,3,2,Retail,12259.7,2,Kraft Online,,0,,
1837931811,IT Acc.,MAINBOARDS,0197105815148,149284074,ASUS,ASUS TUF Gaming B860-PLUS Wi-Fi 8666MHz (OC) DDR5 M.2 HDMI DP Intel B860 DDR5 ATX Anakart,2,3,Retail,11180.5,2,Kraft Online,,0,0,0
1830520554,IT HW,MONITOR,4718755094538,149492767,BENQ,BENQ MA270U 27'' 4K UHD IPS USB C 400 MONITOR 27 inç 4K UHD 5 ms 60 Hz Gaming Monitör Siyah,3,2,Retail,39336.4,3,Kraft Online,,0,0,0
1770091046,IT HW,MONITOR,4718755094552,150230583,BENQ,"BENQ MA320U 32' 4K UHD IPS USB C 400 MONITOR 31,5 inç 4K UHD 5 ms 60 Hz Monitör Siyah",3,5,Retail,45002,3,Kraft Online,,0,0,0
1830527650,IT Acc.,INK CARTRIDGE & TONER,4549292192612,130592675,CANON,CANON 5437C001 PG-575XL Yüksek Kapasiteli Kartuş Mürekkep baskı Orijinal Inkjet Kartuş (high Yield / Xl   Fine Cartridge) Siyah,1,1,Retail,2149.6,1,Kraft Online,,0,0,0
1830527564,IT Acc.,INK CARTRIDGE & TONER,2513022415595,130593315,CANON,CANON 5438C001 PG-575 Kartuş Mürekkep baskı Orijinal Inkjet Kartuş (standard Yield) Siyah,1,23,Retail,1302.6,1,Kraft Online,,0,,
1830527582,IT Acc.,INK CARTRIDGE & TONER,4549292192650,130593556,CANON,CANON 5442C001 CL-576 Kartuş Mürekkep baskı Orijinal Inkjet Kartuş (tri-color Fine Cartridge) Cyan-Magenta-Sarı,1,8,Retail,1584.9,1,Kraft Online,,0,0,0
1774326568,IT Acc.,INK CARTRIDGE & TONER,4549292187434,130588054,CANON,CANON CRG 067 5099C002AA Lazer baskı Toner Sarı,2,8,Retail,6484.7,2,Kraft Online,,0,0,0
1775512350,IT Acc.,INK CARTRIDGE & TONER,4549292187502,130586987,CANON,CANON CRG 067 5100C002AA Lazer baskı Toner Kırmızı,3,8,Retail,6484.7,3,Kraft Online,,0,0,0
1832520510,IT Acc.,PC CHASSIS / HOUSING,4711377216340,180694963,MSI,MSI MAG Forge 120A B65 RGB Temperli Cam USB 3.2 ATX Mid Tower 650 W 80+ Bronze Gaming Bilgisayar Kasası,4,100,Retail,5051,1,Tekramarket,,0,12,0
1823899791,Photo,MIRRORLESS SYSTEM CAMERAS,4549292185546,106572149,CANON,CANON EOS R7 18-150mm Lensli APS-C Sensör Aynasız Fotoğraf Makinesi,2,1,Retail,108455.5,1,Kraft Online,,0,0,0
1814199819,IT Acc.,WLAN ROUTER,4711387546321,151037564,ASUS,ASUS TUF-BE6500 TUF Gaming BE6500 Dual-Band WiFi 7 802.11BE Kablosuz 4 Port 6500 Mbit/s MU-MIMO Router,1,1,Retail,9999,1,7RENK,,0,0,0
1770233522,Photo,MIRRORLESS SYSTEM CAMERAS,4549292204841,106622120,CANON,CANON EOS R8 Body Full Format Aynasız Fotoğraf Makinesi,2,2,Retail,96173.2,2,Kraft Online,,0,0,0
1830527583,IT HW,PRINTERS,4549292205398,149776173,CANON,CANON G3470 Wi-Fi Megatank Yazıcı,2,35,Retail,10539.8,2,Kraft Online,,0,0,0
1830527661,IT Acc.,INK CARTRIDGE & TONER,4549292168976,130592934,CANON,CANON GI-46C Mürekkep baskı Mürekkep Cyan,4,15,Retail,1696.5,2,Kraft Online,,0,0,0
1771655195,IT Acc.,INK CARTRIDGE & TONER,4549292041729,123479724,CANON,CANON GI-490BK Mürekkep baskı Siyah,3,12,Retail,808.5,2,Kraft Online,,0,0,0
1774326576,Photo,PHOTO FILMS,8714574682358,148131116,CANON,CANON Paper PP-201 5x5 Photo Cube CP WH/BL Fotoğraf Kağıdı,1,33,Retail,477.9,1,Kraft Online,,0,0,1
1774326573,Photo,PHOTO FILMS,8714574682372,148131087,CANON,CANON Paper PP-201 5x5 Photo Cube CP WH/GR Fotoğraf Kağıdı,1,24,Retail,477.9,1,Kraft Online,,0,0,0
1774326571,Photo,PHOTO FILMS,8714574682341,148130717,CANON,CANON Paper PP-201 5x5 Photo Cube CP WH/PK Fotoğraf Kağıdı,1,35,Retail,477.9,1,Kraft Online,,0,0,0
1830527580,IT HW,PRINTERS,4549292095487,145037628,CANON,CANON Pixma G3410 Tanklı Wi-Fi Çok Fonksiyonlu Yazıcı,2,35,Retail,6999,1,Kraft Online,,0,0,0
1774326583,IT HW,PRINTERS,4549292237368,147773637,CANON,CANON Pixma TR4755I Tarayıcı + Fotokopi + Wi-Fi + Faks Çok Fonksiyonlu Yazıcı,1,1,Retail,5868.2,1,Kraft Online,,0,0,0
1844433060,CE Acc.,TRUE WIRELESS HEADPHONES,0197105751798,149788624,ASUS,ASUS ROG Pelta Kablolu Gaming Kulaklık Siyah,2,4,Retail,8999,1,7RENK,,0,0,0
1830520575,IT Acc.,INK CARTRIDGE & TONER,8715946643397,123477955,EPSON,EPSON C13T03V24A Mürekkep baskı Cyan,3,10,Retail,696.2,2,Kraft Online,,0,0,0
1830948854,IT Acc.,PC CHASSIS / HOUSING,4711377216340,180694963,MSI,MSI MAG Forge 120A B65 RGB Temperli Cam USB 3.2 ATX Mid Tower 650 W 80+ Bronze Gaming Bilgisayar Kasası,4,3,Retail,6874.81,3,Yedigün Bilişim,,0,12,0
1800933230,IT Acc.,MAINBOARDS,4711387429761,142919938,ASUS,ASUS PRIME B650M-R AMD B650 DDR5 micro ATX Anakart,6,19,Retail,5389,1,7RENK,,0,0,0
1769419475,TV,VIDEO PROJECTOR,8715946706825,117286987,EPSON,EPSON CO-FH01 Projeksiyon Cihazı Beyaz,2,2,Retail,35649.8,2,Kraft Online,,0,0,0
1832753371,TV,VIDEO PROJECTOR,8715946706849,103131748,EPSON,EPSON CO-W01 Projeksiyon Cihazı Beyaz,2,2,Retail,26584.9,2,Kraft Online,,0,0,0
1830520566,IT Acc.,INK CARTRIDGE & TONER,8715946643403,123478255,EPSON,EPSON EcoTank 101 C13T03V34A Mürekkep Mürekkep baskı magenta,3,10,Retail,696.2,2,Kraft Online,,0,0,0
1782942880,SDA,SHAVER,4013833025146,149520941,GRUNDIG,GRUNDIG MT 3810 Kulak Burun Kılı Kesme Makinesi Siyah,1,12,Retail,990,1,ADA BEYAZ ESYA,,0,0,0
1832753380,IT Acc.,MAIN MEMORY,4713294232670,135503175,G.SKILL,G.SKILL F5-6000J3636F16GX2-TZ5NR Trident Z5 Neo RGB 6000MHz CL36 (2x16GB) Ram,2,20,Retail,45395.4,2,Kraft Online,,0,,
1845834510,SDA,HAIR STRAIGHTENER & CRIMPER,4008496873340,104924101,REMINGTON,REMINGTON S9100 E51 Pro-Luxe Straightener Saç Düzleştirici Pembe,3,1,Retail,5899,1,ACCPAZAR,,0,264,6
1840015061,IT Acc.,MAIN MEMORY,4713294226624,128224861,G.SKILL,G.SKILL RIPJAWS 3200 MHZ CL22 Notebook Ram,3,100,Retail,5511.4,3,Kraft Online,,0,0,0
1840015034,IT Acc.,MAIN MEMORY,4713294226648,123429271,G.SKILL,G.SKILL Ripjaws 3200 MHZ CL22 Notebook Ram,2,100,Retail,10087,2,Kraft Online,,0,,
1832753442,IT Acc.,MAIN MEMORY,4713294231482,142980729,GSKILL,GSKILL RIPJAWS S5 6000MHZ CL36 (2X16GB) Ram,2,100,Retail,41658.7,2,Kraft Online,,0,0,0
1830527574,IT Acc.,INK CARTRIDGE & TONER,0193424172702,100737823,HP,HP 106A Cartridge Toner Lazer baskı Siyah,3,1,Retail,3919.6,2,Kraft Online,,0,0,0
1830527636,IT Acc.,INK CARTRIDGE & TONER,0196548611195,150575117,HP,HP 938 Orijinal Toner 4S6X8PE Mürekkep baskı Mürekkep Siyah,2,1,Retail,2578.6,1,Kraft Online,,0,0,0
1830527613,IT Acc.,INK CARTRIDGE & TONER,0192545270656,123479617,HP,HP GT53XL Orjinal Mürekkep Şişesi 1VV21AE Mürekkep baskı Mürekkep Siyah,2,5,Retail,1280,2,Kraft Online,,0,1,1
1838149684,IT Acc.,BAGS FOR NOTEBOOKS,0195161359590,144421110,HP,"HP Çift Taraflı Fermuarsız Neopren  2F2K5AA 15,6 inç Laptop Kılıfı Siyah Gümüş",2,5,Retail,1007.4,2,Kraft Online,,0,0,0
1830520613,CE Acc.,TRUE WIRELESS HEADPHONES,6942103140112,149788610,HUAWEI,HUAWEI Freebuds SE 3 True Wireless Bluetooth Kulak İçi Kulaklık Siyah,1,1,Retail,2430.6,1,Kraft Online,,0,0,1
1840030766,IT Acc.,CPU,0735858550567,146666636,INTEL,INTEL BX80768245KF  Fanlı Box Core Ultra 5 Processor 245KF İşlemci,3,10,Retail,14048,3,Kraft Online,,0,0,0
1830520953,IT Acc.,MEMORY CARD,4582563850804,145047057,KIOXIA,KIOXIA Exceria  UHS-1 C10 100MB/sn microSDHC 32 GB Hafıza Kartı,3,47,Retail,1072.5,2,Kraft Online,,0,0,1
1830520576,IT Acc.,USB STICK,4582563850224,108859691,KIOXIA,KIOXIA Transmemory U202 Beyaz USB 2.0 128 GB USB Bellek,4,10,Retail,815.6,2,Kraft Online,,0,0,0
1830520616,IT Acc.,USB STICK,4582563850033,106342453,KIOXIA,KIOXIA U301 Beyaz Gen 1 USB 3.0 64 GB USB Bellek,4,20,Retail,694,2,Kraft Online,,0,,
1830520852,IT Acc.,USB STICK,4582563850040,145047177,KIOXIA,KIOXIA U301 Beyaz Gen 1 USB 3.2 128 GB USB Bellek,5,20,Retail,883.3,3,Kraft Online,,0,0,0
1830520673,CE Acc.,TRUE WIRELESS HEADPHONES,5099206028586,107269828,LOGITECH,LOGITECH H150 Stereo Kablolu Kulak Üstü Kulaklık Beyaz,5,20,Retail,1502.7,3,Kraft Online,,0,0,0
1771169390,IT Acc.,MOUSE,5099206104242,134565499,LOGITECH,LOGITECH M100 Kablolu Mouse Siyah,5,20,Retail,562.4,1,Kraft Online,,0,0,0
1771169385,IT Acc.,MOUSE,5099206106055,120147009,LOGITECH,LOGITECH M110 Sessiz Kablolu Mouse Gri,4,10,Retail,770.3,1,Kraft Online,,0,0,0
1771169415,IT Acc.,MOUSE,5099206108783,151196420,LOGITECH,LOGITECH M171 Kablosuz Mouse Gül,6,25,Retail,822.8,2,Kraft Online,,0,0,0
1771169397,IT Acc.,MOUSE,5099206112018,106621247,LOGITECH,LOGITECH M240 Sessiz Kablosuz Mouse Beyaz,2,18,Retail,1209.2,2,Kraft Online,,0,0,0
1771169408,IT Acc.,MOUSE,4058154131244,135170814,LOGITECH,LOGITECH M330 Sessiz Kablosuz Mouse Mavi,5,12,Retail,1256.6,3,Kraft Online,,0,0,0
1771169406,IT Acc.,MOUSE,5099206111745,106620963,LOGITECH,LOGITECH MX Anywhere 3S Kablosuz Mouse Beyaz,3,2,Retail,5422.9,2,Kraft Online,,0,0,0
1771169393,IT Acc.,MOUSE,5099206111721,106621533,LOGITECH,LOGITECH MX Anywhere 3S Kablosuz Mouse Grafit,3,10,Retail,5499.2,2,Kraft Online,,0,0,0
1771169388,IT Acc.,MOUSE,5099206110427,117001386,LOGITECH,LOGITECH Pebble 2 M350S Bluetooth Kablosuz Mouse Grafit,7,25,Retail,1457.4,3,Kraft Online,,0,0,0
1837942998,IT Acc.,WLAN ROUTER,6957939001353,151111442,MERCUSYS,MERCUSYS Halo H60X 2'li 2 Port 1 Gbit/s MIMO Kablosuz Router,2,20,Retail,6538.7,2,Kraft Online,,0,0,0
1771145158,IT Acc.,SWITCHES,6935364072582,133570107,MERCUSYS,MERCUSYS MS105 10/100Mbps 5 Switch Beyaz,4,58,Retail,530.7,2,Kraft Online,,0,0,0
1830520580,IT Acc.,SWITCHES,0849439000386,101425659,MERCUSYS,MERCUSYS MS108 8-Port Desktop 8 Switch Beyaz,7,20,Retail,554.5,3,Kraft Online,,0,0,0
1830520897,IT Acc.,SWITCHES,6935364072551,101425663,MERCUSYS,MERCUSYS MS108G 8 Switch Siyah,3,137,Retail,879.7,1,Kraft Online,,0,4,0
1839994486,IT Acc.,WLAN REPEATER,6935364088064,132858483,MERCUSYS,MERCUSYS MU6H 650 Mbps Kablosuz MIMO Ağ Adaptörü,2,10,Retail,742.2,2,Kraft Online,,0,0,0
1837942976,IT Acc.,WLAN ROUTER,6957939001995,146207789,MERCUSYS,MERCUSYS Mercusys MB110-4G 300 Mbps Kablosuz N 4G LTE Kablosuz / Kablolu 2 Port 300 Mbit/s MIMO Router,4,3,Retail,2528.6,3,Kraft Online,,0,0,0
1843588278,SDA,AIR PURIFIER,8720389039317,150525004,PHILIPS,PHILIPS Philips AC3220/10 PureProtect 3200 Serisi Akıllı Hava Temizleyici Beyaz - Gri,1,1,Retail,23799,1,ACCPAZAR,,0,0,0
1779146212,IT Acc.,MAINBOARDS,4711377125147,134660417,MSI,MSI PRO H610M-E H610 DDR5 ATX Anakart,8,112,Retail,3610.6,2,Kraft Online,,0,0,0
1779146215,IT Acc.,MAINBOARDS,4711377002660,116920155,MSI,MSI PRO H610M-E Intel H610 DDR4 Micro ATX Anakart,4,20,Retail,4656.7,2,Kraft Online,,0,154,6
1845825612,SDA,HAIR STRAIGHTENER & CRIMPER,8710103974147,135777218,PHILIPS,PHILIPS BHS520/00 Bukle Özelliği Argan Yağı Katkılı İyonik Bakım-Kılıf Saç Düzleştirici Mavi,4,1,Retail,4079,1,ACCPAZAR,,0,0,0
1830520581,IT Acc.,HARD DISK (INTERNAL),0887276429601,135262642,SAMSUNG,SAMSUNG 870 Evo MZ-77E500BW SATA 6 Gbit/s 500 GB SSD,6,25,Retail,13921.6,3,Kraft Online,,0,0,0
1830520902,IT Acc.,HARD DISK (INTERNAL),8806094215038,100234396,SAMSUNG,SAMSUNG 990 PRO MZ-V9P2T0BW M.2 via NVMe 2 TB SSD,6,3,Retail,37868,3,Kraft Online,,0,0,0
1771965078,IT Acc.,HARD DISK (INTERNAL),8806094215021,100234464,SAMSUNG,SAMSUNG 990 Pro Nvme 2.0 MZ-V9P1T0BW M.2 via NVMe 1 TB Dahili SSD Disk,9,27,Retail,18302.9,5,Kraft Online,,0,211,10
1775888014,IT Acc.,USB STICK,0619659143459,136782662,SANDISK,SANDISK SDCZ600-256G-G35 USB 3.0 256 GB USB Flash Bellek,2,2,Retail,3484.7,2,Kraft Online,,0,0,0
1770952834,IT Acc.,HARD DISK (EXTERNAL),3660619040247,100408537,SEAGATE,SEAGATE STKM2000400 2 TB Harici Hard Disk Siyah,4,18,Retail,9328.7,2,Kraft Online,,0,0,0
1839994472,Smart Home,SMART HOME LIGHTS,4897098682609,130320486,TAPO,TAPO L920‑5 Bluetooth Akıllı Led Şerit,1,10,Retail,2901.1,1,Kraft Online,,0,0,0
1770979905,IT Acc.,BAGS FOR TABLETS,5063194002316,142411486,TARGUS,"TARGUS Pro-Tek Clear 11"" M4 iPad Pro Uyumlu iPad Pro® 11-inch (M4) Tablet Kılıfı Siyah",1,1,Retail,2823.6,1,Kraft Online,,0,0,0
1843588245,SDA,AIR PURIFIER,8720389019418,107729710,PHILIPS,PHILIPS AMF870/15 3'ü 1 Isıtıcılı-Soğutuculu Hava Temizleyici Gri,2,1,Retail,29749,1,ACCPAZAR,,0,0,0
1770801260,IT Acc.,WLAN ROUTER,0810111420822,107835339,TP-LINK,TP-LINK Archer AX53 Dual Band Wi-Fi 6 Kablosuz 5 Port 2402 Mbit/s MIMO Router,5,1,Retail,3662.6,3,Kraft Online,,0,0,0
1771966706,IT Acc.,CABLES & ADAPTERS,4895252503487,151036862,TP-LINK,TP-LINK Archer TX20U 1800 Mbps Kablosuz USB Adaptör Siyah,1,1,Retail,1764.2,1,Kraft Online,,0,0,0
1771966737,IT Acc.,WLAN ROUTER,6935364089689,143586909,TP-LINK,"TP-LINK Archer VR400 Kablosuz 4 Port 1000 Mbit/s MU-MIMO, MIMO Router",3,5,Retail,3685.5,1,Kraft Online,,0,0,0
1771966726,IT Acc.,WLAN ROUTER,4251877271772,143918914,TP-LINK,TP-LINK Archer VX1800V 1800 Mbps VDSL2 Modem 4 Port 1800 Mbit/s MU-MIMO Router,6,1,Retail,5344.1,4,Kraft Online,,0,0,0
1837942973,IT Acc.,ACCESS POINT,6935364086794,126327248,TP-LINK,TP-LINK Deco E4 AC1200 Tüm Evi Kapsayan 3’lü Wi-Fi Mesh Sistemi Beyaz,1,5,Retail,6475.9,1,Kraft Online,,0,0,0
1771966722,IT Acc.,WLAN ROUTER,0840030707087,137981842,TP-LINK,TP-LINK Deco X50 3'lü 3 Port 3000 Mbit/s MU-MIMO Router,1,1,Retail,14573.9,1,Kraft Online,,0,0,0
1832753354,IT Acc.,SWITCHES,0845973021153,135168466,TP-LINK,TP-LINK TL-SG108 10/100/1000 Mbps 8 Switch Siyah,3,10,Retail,1594.8,2,Kraft Online,,0,0,0
1830527681,Smart Home,SMART HOME IP CAMERAS,4897098682753,126323446,TP-LINK,TP-LINK Tapo C210 72.2Mbps(802.11n) Wi-Fi Kamera Beyaz,2,50,Retail,1915.6,2,Kraft Online,,0,0,0
1770801259,IT Acc.,MOUSE,8713439247947,120147146,TRUST,TRUST 24794 Primo Kablosuz Mouse Siyah,1,5,Retail,416.9,1,Kraft Online,,0,5,0
1843588336,SDA,AIR PURIFIER,8720389039485,150525062,PHILIPS,"PHILIPS AC3420/10 PureProtect Water 3400 Serisi Hava Temizleme Cihazı Beyaz, Gri",3,1,Retail,27777,1,ACCPAZAR,,0,0,0
1843590337,SDA,AIR PURIFIER,8720389039362,150525201,PHILIPS,PHILIPS AC0951/13 Pureprotect Mini 900 Serisi Hava Temizleme Cihazı Siyah,2,1,Retail,12899,2,ACCPAZAR,,0,0,0
1769941842,GSM HW,SMARTPHONES,0195949821943,146563548,APPLE,APPLE iPhone 16 8 GB 128 GB Akıllı Telefon Siyah,1,1,Retail,68499,1,Nsmart,,0,0,27
1765754420,IT Acc.,HARD DISK (INTERNAL),0740617344790,145381326,KINGSTON,KINGSTON NV3 SNV3S/1000G 6000-4000MB/s SATA 1 TB SSD,5,6,Retail,13999,5,PRIME,,0,1,1
1764508838,IT Acc.,HARD DISK (INTERNAL),8806094215021,100234464,SAMSUNG,SAMSUNG 990 Pro Nvme 2.0 MZ-V9P1T0BW M.2 via NVMe 1 TB Dahili SSD Disk,9,224,Retail,17999,4,PRIME,,0,211,10
1800151125,IT Acc.,MEMORY CARD,0619659188542,144952214,SANDISK,SANDISK Extreme Pro UHS-I microSDXC 256 GB Hafıza Kartı,2,9,Retail,5499,1,PRIME,,0,0,2
1836698018,CE Acc.,TRUE WIRELESS HEADPHONES,6925281964756,104204420,JBL,"JBL TUNE 520BT MOR KU /M Bluetooth, Kablosuz Bluetooth Kulak Üstü Kulaklık Mor",1,1,Retail,2999,1,ACCPAZAR,,0,66,0
1746693492,Floor care,VACUUM CLEANER,7332543646821,106650323,ELECTROLUX,ELECTROLUX Pure C9 PC91-ALRG 650 W Toz Torbasız Süpürge Beyaz,3,60,Retail,15999,2,Anatoptan,,0,1,1
1830324068,SDA,ESPRESSO MAKER & COFFEE MAKER,8720389027673,137220065,PHILIPS,PHILIPS LatteGo EP3347/90 Tam Otomatik Espresso Makinesi Siyah krom,6,14,Retail,20999,3,Anatoptan,,0,86,6
1757243256,SDA,COFFEE MAKER,8021098320032,135638957,BRAUN,BRAUN KF560 Kahve Makinesi Siyah,2,16,Retail,3290,2,Braunhousehold Türkiye,,0,0,0
1783378402,SDA,MANUAL ESPRESSO MACHINE,8004399024922,105030835,DELONGHI,DELONGHI EC885.GY Manuel Espresso Makinesi Inox,1,23,Retail,17622.73,1,Delonghi Türkiye,,0,0,0
1783378326,SDA,ESPRESSO MAKER & COFFEE MAKER,8004399026216,104203319,DELONGHI,DELONGHI ECAM450.65S ELETTA OTOMATIK KAHVE MAKINESI Tam Otomatik Espresso Makinesi Gümüş,1,7,Retail,62900,1,Delonghi Türkiye,,0,3,3
1783378344,SDA,ESPRESSO MAKER & COFFEE MAKER,5051794006636,134731904,DELONGHI,DELONGHI EXAM 440.55.G Rivelia Espresso Makinesi Gri,1,25,Retail,42900,1,Delonghi Türkiye,,0,102,3
1833467769,SDA,RADIATOR / FAN HEATER / CONVECTOR,8004399131170,107462608,DELONGHI,DELONGHI HX65L22 2200 W Konvektör Isıtıcı Gri,2,6,Retail,12900,1,Delonghi Türkiye,,0,0,0
1783378378,SDA,ESPRESSO MAKER & COFFEE MAKER,8004399029064,150501910,DELONGHI,"DELONGHI La Specialista EC9455.M Espresso Makinesi Siyah, Gri",2,5,Retail,54900,2,Delonghi Türkiye,,0,28,0
1845826046,SDA,HAIR STRAIGHTENER & CRIMPER,3030050182163,102823903,BRAUN,BRAUN ST710 Satin Hair 7 Lontec Saç Düzleştirici Siyah,2,1,Retail,3975,1,ACCPAZAR,,0,0,0
1783378324,SDA,ESPRESSO MAKER & COFFEE MAKER,8004399021419,141921315,DELONGHI,DELONGHI Magnifica Evo Çekirdekten Fincana ECAM290.81.TB Tam Otomatik Espresso Makinesi Siyah,3,29,Retail,26900,1,Delonghi Türkiye,,0,0,0
1822057194,CE Acc.,TRUE WIRELESS HEADPHONES,0195949689635,152190425,APPLE,APPLE Airpods 4 Aktif Gürültü Engelleme Özellikli MXP93TU/A Kablosuz Kulak İçi Kulaklık Beyaz,1,2,Retail,16999,1,İZİ TEKNOLOJİ,,0,3,3
1822057044,CE Acc.,TRUE WIRELESS HEADPHONES,0195949688553,152182853,APPLE,APPLE Airpods 4 MXP63TU/A Kablosuz Bluetooth Kulaklık Beyaz,1,5,Retail,12999,1,İZİ TEKNOLOJİ,,0,2,2
1801762223,IT Acc.,TABLET STANDS & MOUNTS,6957303898497,175229808,UGREEN,UGREEN Yükseklik ve Açı Ayarlı 360 Derece Döndürülebilir Alüminyum Tablet Notebook Standı 90849 Gri,1,23,Retail,4999,1,Decide,,0,0,1
1818731043,TV,VIDEO PROJECTOR,6935670510051,150772358,XGIMI,XGIMI Vibe One Battery Powered Projeksiyon Cihazı Beyaz,2,9,Retail,15799,2,XGIMI TÜRKİYE,,0,0,0
1747449004,Floor care,VACUUM CLEANER,8692341143403,134283938,ARNICA,ARNICA Tesla Ergo Active ET14340 Toz Torbasız Süpürge Kahverengi,1,2,Retail,17177,1,RAST ENTERPRISE,,0,0,0
1792443696,SDA,CONTACT GRILL,8693184953501,133446185,ARZUM,ARZUM AR2001 Tost ve Izgara Makinesi Gri,1,2,Retail,6492.63,1,RAST ENTERPRISE,,0,128,3
1842311872,SDA,HAIR STRAIGHTENER & CRIMPER,3030050185874,107509179,BABYLISS,BABYLISS ST241E Smooth Ceramic 230 Derece Saç Düzleştirici Siyah,3,1,Retail,2590,1,RAST ENTERPRISE,,0,0,0
1795456394,SDA,BLENDER,4242005257508,105374307,BOSCH,BOSCH MMB2111M 450 W Blender Paslanmaz Çelik,3,2,Retail,3980.65,1,RAST ENTERPRISE,,0,0,0
1751361585,SDA,WATER KETTLE,4242005397815,144731446,BOSCH,BOSCH TWK4M223 1.7 l Su Isıtıcısı Siyah,1,2,Retail,3684.92,1,RAST ENTERPRISE,,0,7,1
1749051426,SDA,HAIR CURLER ( CURLING IRON / HOT AIR BRUSH),3030050188950,150772510,BRAUN,BRAUN AS420E Air Styler 4.2 Iontec Saç Kurutma Makinesi ve Saç Şekillendirici Siyah,4,2,Retail,5304.2,3,RAST ENTERPRISE,,0,0,0
1742560217,SDA,COFFEE MAKER,8021098320032,135638957,BRAUN,BRAUN KF560 Kahve Makinesi Siyah,2,2,Retail,3285.87,1,RAST ENTERPRISE,,0,0,0
1842307324,SDA,HAIR STRAIGHTENER & CRIMPER,3030050182125,100354778,BRAUN,BRAUN ST780 Satin Hair 7 Sensocare Saç Düzleştirici Siyah,2,1,Retail,7590,1,RAST ENTERPRISE,,0,0,0
1752207398,SDA,EPILATOR & OTHER HAIR REMOVAL,7500435224956,140570199,BRAUN,BRAUN Silk-epil 3 3-202 Epilasyon Cihazı Pembe,1,2,Retail,3465.64,1,RAST ENTERPRISE,,0,0,0
1746935801,SDA,ESPRESSO MAKER & COFFEE MAKER,8004399021419,141921315,DELONGHI,DELONGHI Magnifica Evo Çekirdekten Fincana ECAM290.81.TB Tam Otomatik Espresso Makinesi Siyah,3,2,Retail,29999,2,RAST ENTERPRISE,,0,0,0
1829776227,MDA,HOBS,7332543822393,134152814,ELECTROLUX,ELECTROLUX LIB60420CK İndüksiyonlu Ankastre Ocak Siyah,1,2,Retail,24999,1,RAST ENTERPRISE,,0,20,1
1844465266,Floor care,VACUUM CLEANER,7332543646821,106650323,ELECTROLUX,ELECTROLUX Pure C9 PC91-ALRG 650 W Toz Torbasız Süpürge Beyaz,3,1,Retail,15990,1,RAST ENTERPRISE,,0,1,1
1818861885,MDA,WASHING MACHINE,7333394042053,149627650,ELECTROLUX,ELECTROLUX SensiCare 600 EW6F3411ACT 1400 Devir A Enerji Sınıfı 10 kg Çamaşır Makinesi Beyaz,1,1,Retail,46990,1,RAST ENTERPRISE,,0,0,0
1795435208,SDA,KITCHEN MACHINE,4242005252350,131087680,GOLLA,GOLLA MUMS2VM00 900 W Mutfak Makinesi Gri,2,2,Retail,8788,1,RAST ENTERPRISE,,0,0,0
1814932579,IT Acc.,INK CARTRIDGE & TONER,0193424172702,100737823,HP,HP 106A Cartridge Toner Lazer baskı Siyah,3,3,Retail,3384.5,1,RAST ENTERPRISE,,0,0,0
1751268868,SDA,TEA MAKER,8691607033106,152570561,KORKMAZ,"KORKMAZ A331 CAYTEMA CAY MAK. INOX/KROM 1,7 l Çay Makinesi Inox",1,2,Retail,5325,1,RAST ENTERPRISE,,0,0,0
1748838613,SDA,AIR PURIFIER,4054278899947,137998842,KÄRCHER,KÄRCHER AF20 Hava Temizleme Cihazı Beyaz,1,2,Retail,11689.3,1,RAST ENTERPRISE,,0,0,0
1841964165,SDA,STEAM CLEANER,4054278991535,136198262,KÄRCHER,KÄRCHER SC 5 EasyFix Iron Plug EU Buharlı Temizlik Makinesi Beyaz,3,1,Retail,26566,1,RAST ENTERPRISE,,0,0,0
1828881990,Floor care,VACUUM CLEANER,4066529001580,148876679,KÄRCHER,KÄRCHER SE 3 Compact Halı ve Koltuk Yıkama Makinesi Beyaz,2,1,Retail,11982.76,1,RAST ENTERPRISE,,0,0,0
1820903330,IT Acc.,CPU COOLING,4711377273763,147427504,MSI,MSI MSI Msı Mag Corelıquıd A13 240 240 Mm Argb LGA1700 Sıvı Işlemci Soğutucusu İşlemci Soğutucu,3,35,Retail,4799,2,TNG Bilişim,,0,0,0
1792229196,SDA,STEAM IRON,8720389043772,152140172,PHILIPS,PHILIPS 5000 Serisi STH5020/20 Buharlı Dikey Düzleştirici Mavi,2,2,Retail,4494.84,1,RAST ENTERPRISE,,0,0,0
1792234805,SDA,STEAM IRON,8720389050084,145969401,PHILIPS,PHILIPS 5000 Serisi STH5020/40 Taşınabilir Buharlı Dikey Ütü Kırmızı,2,2,Retail,3990.5,1,RAST ENTERPRISE,,0,0,0
1821796650,CE Acc.,TRUE WIRELESS HEADPHONES,5099206028586,107269828,LOGITECH,LOGITECH H150 Stereo Kablolu Kulak Üstü Kulaklık Beyaz,5,21,Retail,1399,2,TNG Bilişim,,0,0,0
1843231536,SDA,ESPRESSO MAKER & COFFEE MAKER,8720389032370,142100739,PHILIPS,PHILIPS 5500 series EP5547/90 Tam Otomatik Espresso Makinesi Siyah,8,1,Retail,28455,2,RAST ENTERPRISE,,0,1,1
1842296595,SDA,HAIR STRAIGHTENER & CRIMPER,8710103974161,107461774,PHILIPS,PHILIPS 7000 Series BHS732/00 İyonlu Seramik Saç Düzleştirici Mavi,3,1,Retail,4790,1,RAST ENTERPRISE,,0,0,0
1775045550,Floor care,VACUUM CLEANER RECHARGEABLE,8720389022470,142503832,PHILIPS,PHILIPS 7000 Serisi XC7057/01 Kablosuz Şarjlı Dikey Süpürge Siyah,3,2,Retail,18439.52,1,RAST ENTERPRISE,,0,5,5
1751447192,SDA,HAIR DRYER,8710103948643,106568585,PHILIPS,PHILIPS BHD500/00 Thermoshield 2100 W Saç Kurutma Makinesi Beyaz,4,2,Retail,3194.17,1,RAST ENTERPRISE,,0,0,0
1751448737,SDA,HAIR DRYER,8710103948834,134042090,PHILIPS,PHILIPS BHD510/00 5000 Series 2300 W Saç Kurutma Makinesi Mavi,3,2,Retail,4355,2,RAST ENTERPRISE,,0,0,0
1842301867,SDA,HAIR STRAIGHTENER & CRIMPER,8710103974147,135777218,PHILIPS,PHILIPS BHS520/00 Bukle Özelliği Argan Yağı Katkılı İyonik Bakım-Kılıf Saç Düzleştirici Mavi,4,1,Retail,4180,2,RAST ENTERPRISE,,0,0,0
1803686150,SDA,VENTILATOR,8720389036842,143418259,PHILIPS,PHILIPS CX2550/00 Ayaklı Vantilatör Beyaz,5,2,Retail,4088.67,2,RAST ENTERPRISE,,0,0,0
1779248269,SDA,VENTILATOR,8720389036910,142443428,PHILIPS,PHILIPS CX3550/01 Ayaklı Vantilatör Siyah,3,2,Retail,4883.95,1,RAST ENTERPRISE,,0,0,0
1756052975,SDA,VENTILATOR,8720389036972,146006993,PHILIPS,PHILIPS Cx5535/00 Kule Tipi Vantilatör Beyaz,2,11,Retail,6944.3,1,RAST ENTERPRISE,,0,11,0
1842648000,SDA,STEAM IRON,8720389015724,137219463,PHILIPS,PHILIPS DST7040/80 Buharlı Ütü Altın,1,1,Retail,4355,1,RAST ENTERPRISE,,0,,
1742560194,SDA,COFFEE MAKER,3666342006819,100506926,PHILIPS,PHILIPS Daily Collection HD7462/20 Filtre Kahve Makinesi Siyah,2,2,Retail,4269.3,1,RAST ENTERPRISE,,0,0,0
1820545225,Smart Home,SMART HOME IP CAMERAS,4897098687031,126323079,TP-LINK,TP-LINK Tapo C320WS 150Mbps(802.11n) Akıllı Ev Ip Kamerası Beyaz,3,392,Retail,2049,1,Gamers Arena,,0,0,0
1742557744,SDA,COFFEE MAKER,0882754620020,106340359,PHILIPS,PHILIPS HD7546/20 Cafe Gaia Filtre Kahve Makinesi Gümüş,2,2,Retail,4982.05,1,RAST ENTERPRISE,,0,0,0
1746939434,SDA,ESPRESSO MAKER & COFFEE MAKER,8720389027581,124177379,PHILIPS,PHILIPS LATTEGO EP2331/10 TAM OTOMATIK ESPRESSO MAKINESI Tam Otomatik Espresso Makinesi Parlak Siyah ve krom,2,2,Retail,17392.47,1,RAST ENTERPRISE,,0,0,0
1783051258,SDA,ESPRESSO MAKER & COFFEE MAKER,8720389027673,137220065,PHILIPS,PHILIPS LatteGo EP3347/90 Tam Otomatik Espresso Makinesi Siyah krom,6,2,Retail,18933.62,1,RAST ENTERPRISE,,0,86,6
1756048039,SDA,VENTILATOR,8720389028618,140527405,PHILIPS,PHILIPS Series 5000 CX5535/11 Kule Tipi Vantilatör Siyah,5,20,Retail,6957.5,4,RAST ENTERPRISE,,0,0,0
1774300353,Floor care,ROBOT VACUUM CLEANERS,8720389037887,151725755,PHILIPS,PHILIPS XU9100/10 Homerun 9000 Seri Robot Süpürge Metalik Gri,1,2,Retail,52888,1,RAST ENTERPRISE,,0,0,0
1749041888,SDA,HAIR CURLER ( CURLING IRON / HOT AIR BRUSH),4008496938384,126294412,REMINGTON,REMINGTON AS8810 Keratin Protect Saç Fırçası Siyah,1,2,Retail,5166,1,RAST ENTERPRISE,,0,0,1
1755868664,Floor care,COMBI WET/DRY CLEANER,6974653812010,151997823,ROBOROCK,ROBOROCK F25 ACE Islak Kuru Akıllı Dikey Süpürge Siyah / Beyaz,3,2,Retail,22999,2,RAST ENTERPRISE,,0,0,0
1803685022,SDA,VENTILATOR,0622356288651,139331304,SHARK,SHARK FlexBreeze Portatif Vantilatör Beyaz,2,2,Retail,9805.81,1,RAST ENTERPRISE,,0,0,0
1748904986,SDA,HUMIDIFIER,6934177783982,103900960,XIAOMI,XIAOMI SMART HUMIDIFIER 2 Hava Nemlendiriciler Beyaz,1,2,Retail,5199,1,RAST ENTERPRISE,,0,0,0
1734196855,SDA,ESPRESSO MAKER & COFFEE MAKER,8720389032370,142100739,PHILIPS,PHILIPS 5500 series EP5547/90 Tam Otomatik Espresso Makinesi Siyah,8,1,Retail,29799,4,Kavastech,,0,1,1
1756275492,SDA,IPL HAIR REMOVAL SYSTEMS,8710103882701,107158762,PHILIPS,PHILIPS BRI924-00 Lumea Advanced IPL Lazer Epilasyon Aleti Beyaz,2,10,Retail,15999,2,Kavastech,,0,2,2
1756276851,SDA,ESPRESSO MAKER & COFFEE MAKER,8720389027673,137220065,PHILIPS,PHILIPS LatteGo EP3347/90 Tam Otomatik Espresso Makinesi Siyah krom,6,5,Retail,29999,6,Kavastech,,0,86,6
1831681690,Innovations,LUGGAGE,6957303859030,87003364,UGREEN,UGREEN Çok Bölmeli Elektronik Aksesuarlar Düzenleyici Su Geçirmez Dayanıklı 50903 Kumaş Seyahat Çantası Gri,1,59,Retail,1899,1,Decide,,0,0,0
1845269276,SDA,WINDOW CLEANER,4054278605678,144827766,KAERCHER,KAERCHER WV 5 Plus N Black Edition 10 W Cam Temizleme Makinesi Siyah,2,5,Retail,6599,1,Makroreyon,,0,0,0
1779860117,Floor care,COMBI WET/DRY CLEANER,4054278975184,136721038,KÄRCHER,KÄRCHER FC 7 Cordless EU Islak Kuru Süpürge Beyaz,2,3,Retail,19399,1,Makroreyon,,0,32,3
1783329624,Floor care,COMBI WET/DRY CLEANER,4054278882529,144180097,KÄRCHER,KÄRCHER Puzzi 8/1 Islak Kuru Süpürge Gri,1,1,Retail,39999,1,Makroreyon,,0,,
1782992635,SDA,STEAM CLEANER,4054278975122,143510346,KÄRCHER,KÄRCHER SC 2 EasyFix Buharlı Temizlik Makinesi Beyaz,2,3,Retail,8799,1,Makroreyon,,0,0,0
1760906891,IT Acc.,MAINBOARDS,0824142224007,89439811,MSI,MSI A520M-A PRO AMD A520 DDR4 mATX Anakart,5,2,Retail,3415.8,1,netsiparis,,0,11,0
1783035859,SDA,STEAM CLEANER,4054278991818,136198238,KÄRCHER,KÄRCHER SC 4 EasyFix Buharlı Temizlik Makinesi Beyaz,5,6,Retail,13999,1,Makroreyon,,0,0,0
1783041906,SDA,STEAM CLEANER,4054278974767,136467692,KÄRCHER,KÄRCHER SV 7 EU Buharlı Temizleyici Beyaz,1,2,Retail,36799,1,Makroreyon,,0,0,0
1779361141,SDA,ESPRESSO MAKER & COFFEE MAKER,8720389032370,142100739,PHILIPS,PHILIPS 5500 series EP5547/90 Tam Otomatik Espresso Makinesi Siyah,8,43,Retail,32499,8,Makroreyon,,0,1,1
1827770765,SDA,HAIR STRAIGHTENER & CRIMPER,8710103974161,107461774,PHILIPS,PHILIPS 7000 Series BHS732/00 İyonlu Seramik Saç Düzleştirici Mavi,3,9,Retail,4799,2,Makroreyon,,0,0,0
1779390152,SDA,AIR PURIFIER,8720389039485,150525062,PHILIPS,"PHILIPS AC3420/10 PureProtect Water 3400 Serisi Hava Temizleme Cihazı Beyaz, Gri",3,14,Retail,28999,2,Makroreyon,,0,0,0
1780760303,SDA,HAIR CURLER ( CURLING IRON / HOT AIR BRUSH),8720689002813,106622139,PHILIPS,"PHILIPS BHA530/00 Argan Yağı Seramik Kaplama 5 Aparat,3 Isı ve Hız Ayarı Saç Şekillendirme ve Kurutma Seti Gri",4,27,Retail,4099,1,Makroreyon,,0,0,0
1780747736,SDA,HAIR DRYER,8710103948643,106568585,PHILIPS,PHILIPS BHD500/00 Thermoshield 2100 W Saç Kurutma Makinesi Beyaz,4,4,Retail,3399,3,Makroreyon,,0,0,0
1787645620,SDA,VENTILATOR,8720389036842,143418259,PHILIPS,PHILIPS CX2550/00 Ayaklı Vantilatör Beyaz,5,22,Retail,4099,3,Makroreyon,,0,0,0
1787649628,SDA,VENTILATOR,8720389036910,142443428,PHILIPS,PHILIPS CX3550/01 Ayaklı Vantilatör Siyah,3,27,Retail,4899,2,Makroreyon,,0,0,0
1770236711,IT Acc.,MAINBOARDS,0824142224007,89439811,MSI,MSI A520M-A PRO AMD A520 DDR4 mATX Anakart,5,3,Retail,4159.21,4,UzmanlarPC,,0,11,0
1830520583,IT Acc.,MAINBOARDS,0824142224007,89439811,MSI,MSI A520M-A PRO AMD A520 DDR4 mATX Anakart,5,2,Retail,3922.7,3,Kraft Online,,0,11,0
1799987802,SDA,WATER KETTLE,8710103941040,106959133,PHILIPS,PHILIPS HD9318/20 1.7 l Su Isıtıcısı Siyah,3,30,Retail,2399,3,Makroreyon,,0,0,0
1780748540,SDA,BLENDER,8720389001505,107790849,PHILIPS,PHILIPS HR2291/41 Cam 600 W Sürahi Blender Siyah,2,29,Retail,3949,1,Makroreyon,,0,48,6
1779361321,SDA,ESPRESSO MAKER & COFFEE MAKER,8720389027673,137220065,PHILIPS,PHILIPS LatteGo EP3347/90 Tam Otomatik Espresso Makinesi Siyah krom,6,18,Retail,24599,4,Makroreyon,,0,86,6
1787186126,SDA,MULTIGROOMER,8710103924005,106574633,PHILIPS,PHILIPS NT3650/16 Kulak-Burun Tüy Kesme Makinesi Gri,2,19,Retail,1299,1,Makroreyon,,0,0,0
1844071824,SDA,SHAVER,8720689007863,144343235,PHILIPS,PHILIPS S5887/10 Tıraş Makinesi Karbon Grisi,4,6,Retail,4799,1,Makroreyon,,0,0,0
1784548056,SDA,CITRUS PRESS & JUICER,8710103642756,145267320,PHILIPS,PHILIPS Viva Collection HR1832/00 Narenciye Sıkacağı Siyah,4,22,Retail,5399,2,Makroreyon,,0,,
1727036972,SDA,ESPRESSO MAKER & COFFEE MAKER,8720389032370,142100739,PHILIPS,PHILIPS 5500 series EP5547/90 Tam Otomatik Espresso Makinesi Siyah,8,1,Retail,31999,7,ONETRADE,,0,1,1
1756664503,IT Acc.,MAINBOARDS,0824142224007,89439811,MSI,MSI A520M-A PRO AMD A520 DDR4 mATX Anakart,5,29,Retail,3519,2,BETA PLUS TEKNOLOJİ,,0,11,0
1774928509,IT HW,PRINTERS,0193015506749,100842689,HP,HP Laser MFP 137FNW Yazıcı,5,20,Retail,21170.16,5,Batı Teknoloji,,0,,
1834100326,IT Acc.,MAINBOARDS,0824142224007,89439811,MSI,MSI A520M-A PRO AMD A520 DDR4 mATX Anakart,5,20,Retail,5043.1,5,Yedigün Bilişim,,0,11,0
1834035866,SDA,WATER KETTLE,8710103941040,106959133,PHILIPS,PHILIPS HD9318/20 1.7 l Su Isıtıcısı Siyah,3,1,Retail,1999,2,Ab-Store,,0,0,0
1789301303,CE Acc.,CHARGERS,8806094899511,147617299,SAMSUNG,SAMSUNG Type-C (25W) 2023 Vers - EP-T2510 Şarj Adaptörü Beyaz,5,168,Retail,1249,5,ScHitec,,0,7,14
1812282973,IT Acc.,HARD DISK (INTERNAL),4582563851856,94032190,KIOXIA,"KIOXIA 2.5"" Exceria 6GB 555/540 SATA 480 GB SSD",4,53,Retail,5649,2,Lowell Teknoloji,,0,0,0
1834702913,Floor care,VACUUM ACCESSORIES,5025155074428,137219396,DYSON,DYSON V15 ve V11 ile Uyumlu Ayaklı Ünite Beyaz,1,3,Retail,6998,1,Titanyum AVM,,0,0,1
1760902698,IT Acc.,HARD DISK (INTERNAL),4582563851856,94032190,KIOXIA,"KIOXIA 2.5"" Exceria 6GB 555/540 SATA 480 GB SSD",4,15,Retail,4963.9,1,netsiparis,,0,0,0
1832559514,Floor care,VACUUM ACCESSORIES,4040587104162,107756947,PHILIPS,PHILIPS XV1797/01 Aqua Trio Uyumlu Lityum-Iyon Pil​ Siyah,3,7,Retail,7899,3,Titanyum AVM,,0,0,0
1832562452,IT Acc.,MEMORY CARD,0619659188542,144952214,SANDISK,SANDISK Extreme Pro UHS-I microSDXC 256 GB Hafıza Kartı,2,10,Retail,6699,2,Titanyum AVM,,0,0,2
1832565095,TV,VIDEO PROJECTOR,6975710739899,146429259,YABER,YABER T2 Plus Full HD Bataryalı Taşınabilir Projeksiyon Cihazı Bej,1,2,Retail,23999,1,Titanyum AVM,,0,,
1784002982,SDA,HAIR STRAIGHTENER & CRIMPER,3030050182163,102823903,BRAUN,BRAUN ST710 Satin Hair 7 Lontec Saç Düzleştirici Siyah,2,3,Retail,4499,2,Karakaya Bilişim,,0,0,0
1831472701,Floor care,VACUUM CLEANER,8710103925286,133685229,PHILIPS,PHILIPS XB2123/09 2000 Serisi Toz Torbasız Süpürge Mavi,1,1,Retail,6749,1,Karakaya Bilişim,,0,0,0
1751463728,CE Acc.,CHARGERS,8806094899511,147617299,SAMSUNG,SAMSUNG Type-C (25W) 2023 Vers - EP-T2510 Şarj Adaptörü Beyaz,5,15,Retail,729,1,Digitra Türkiye,,0,7,14
1770236575,IT Acc.,HARD DISK (INTERNAL),4582563851856,94032190,KIOXIA,"KIOXIA 2.5"" Exceria 6GB 555/540 SATA 480 GB SSD",4,100,Retail,6347.56,4,UzmanlarPC,,0,0,0
1805257751,IT Acc.,BAGS FOR NOTEBOOKS,0191999684736,107840241,LENOVO,"LENOVO B210 15,6 inç Laptop Çantası Mavi",2,10,Retail,849,1,Teknoen,,0,15,0
1832753378,IT Acc.,HARD DISK (INTERNAL),4582563851856,94032190,KIOXIA,"KIOXIA 2.5"" Exceria 6GB 555/540 SATA 480 GB SSD",4,33,Retail,6140.9,3,Kraft Online,,0,0,0
1760906864,IT Acc.,MAIN MEMORY,4713294223104,88368408,G.SKILL,G.SKILL 32GB(2x16) Ripjaws V 3600mhz CL18 DDR4 (F4-3600C18D-32GVK) RAM,1,100,Retail,18264.7,1,netsiparis,,0,0,0
1760906857,IT Acc.,MAIN MEMORY,4719692007018,85344296,G.SKILL,G.SKILL 32GB(2x16) Ripjaws V 3200mhz CL16 DDR4 (F4-3200C16D-32GVK) RAM,2,100,Retail,17869.6,1,netsiparis,,0,0,0
1828591438,CE Acc.,USB CABLE,4718971104059,147200109,SAMSUNG,SAMSUNG EP-DN975B Type-C (45W) Şarj Kablosu Beyaz,1,3,Retail,1099,1,ScHitec,,0,0,0
1791781520,CE Acc.,USB CABLE,8806090144028,147200145,SAMSUNG,SAMSUNG EP-DN975 Type-C Şarj Kablosu Siyah,1,39,Retail,1249,1,ScHitec,,0,0,0
1811762956,IT Acc.,MAIN MEMORY,4719692007018,85344296,G.SKILL,G.SKILL 32GB(2x16) Ripjaws V 3200mhz CL16 DDR4 (F4-3200C16D-32GVK) RAM,2,100,Retail,20319,2,Lowell Teknoloji,,0,0,0
1757416573,SDA,HAIR STRAIGHTENER & CRIMPER,3030050185874,107509179,BABYLISS,BABYLISS ST241E Smooth Ceramic 230 Derece Saç Düzleştirici Siyah,3,1,Retail,2599,2,BakserLTD,,0,0,0
1812348876,IT Acc.,MAIN MEMORY,4711085940742,177735249,ADATA,ADATA AX5U6400C3216G-CLARBK 6400Mhz DDR5 XPG Lancer RGB PC Ram,2,6,Retail,28659,2,Lowell Teknoloji,,0,0,0
1752760914,IT Acc.,BAGS FOR NOTEBOOKS,0191999684767,107840782,LENOVO,"LENOVO B210 15,59 inç Laptop Çantası Gri",1,2,Retail,799,1,UGER,,0,0,0
1752762670,IT Acc.,BAGS FOR NOTEBOOKS,0191999684736,107840241,LENOVO,"LENOVO B210 15,6 inç Laptop Çantası Mavi",2,2,Retail,849,2,UGER,,0,15,0
1752762664,IT Acc.,BAGS FOR NOTEBOOKS,0191999684750,106615998,LENOVO,"LENOVO B210 15,6 inç Laptop Çantası Siyah",1,2,Retail,799,1,UGER,,0,0,1
1752761331,IT Acc.,BAGS FOR NOTEBOOKS,0191999684743,134852230,LENOVO,"LENOVO B210 15,6 inç Laptop Çantası Yeşil",1,2,Retail,849,1,UGER,,0,0,0
1840012798,IT Acc.,MAIN MEMORY,4711085940742,177735249,ADATA,ADATA AX5U6400C3216G-CLARBK 6400Mhz DDR5 XPG Lancer RGB PC Ram,2,6,Retail,28084.4,1,Kraft Online,,0,0,0
1798677046,CE Acc.,TRUE WIRELESS HEADPHONES,8806090270079,146162372,SAMSUNG,SAMSUNG EO-IC100B TYPE C KABLOLU KULAKLIK - SIYAH Kablolu Kablolu Kulak İçi Kulaklık Siyah,1,7,Retail,1699,1,ScHitec,,0,1,0
1646965487,GSM HW,SMARTPHONES,0195950643749,166347558,APPLE,APPLE iPhone 17 8 GB 256 GB Akıllı Telefon Beyaz,1,2,Retail,99499,1,CepHane Teknoloji,,0,157,4
1842349730,GSM HW,SMARTPHONES,0195949041976,146318077,APPLE,APPLE iPhone 15 Plus 6 GB 256 GB Akıllı Telefon Sarı,1,1,Retail,54599,1,HB Bilişim,,,323,12
1834926664,GSM HW,SMARTPHONES,0194253374589,146317372,APPLE,APPLE iPhone 14 Plus 256 GB Akıllı Telefon Gece Yarısı,1,1,Retail,45599,1,HB Bilişim,,,418,18
1759877917,Smart Home,SMART HOME IP CAMERAS,6970504215986,135938455,AQARA,AQARA G2H Pro CH-C01 (Apple Home Destekli) Hub Wi-fi Ieee 802.11 B/g/n 2.4 Ghz Akıllı Kamera Beyaz,1,1,Retail,6998,1,Yüksek Teknoloji,,,0,0
1832520481,IT Acc.,GRAPHICS CARDS,0796594603993,79075831,MSI,MSI GT 710 2GD3H LP GeForce® GT 710 2 GB Ekran Kartı,8,100,Retail,4200,2,Tekramarket,,,27,0
1760900779,IT Acc.,GRAPHICS CARDS,0796594603993,79075831,MSI,MSI GT 710 2GD3H LP GeForce® GT 710 2 GB Ekran Kartı,8,20,Retail,4058.9,1,netsiparis,,,27,0
1828568868,IT Acc.,GRAPHICS CARDS,0796594603993,79075831,MSI,MSI GT 710 2GD3H LP GeForce® GT 710 2 GB Ekran Kartı,8,20,Retail,5915.34,6,Yedigün Bilişim,,,27,0
1830520569,IT Acc.,GRAPHICS CARDS,0796594603993,79075831,MSI,MSI GT 710 2GD3H LP GeForce® GT 710 2 GB Ekran Kartı,8,20,Retail,4667.3,3,Kraft Online,,,27,0
1756006488,SDA,BLENDER,8003705119383,127857208,ARIETE,ARIETE VINTAGE CAM BLENDER-MAVI 1000 W Blender Mavi,2,2,Retail,5666.84,1,RAST ENTERPRISE,,,0,0
1755993958,SDA,TOASTER,8003705118980,151199091,ARIETE,ARIETE Moderna Ekmek Kızartma Makinesi Siyah,1,2,Retail,5433,1,RAST ENTERPRISE,,,0,0
1823425102,Floor care,ROBOT VACUUM CLEANERS,6943757617982,141507982,ECOVACS,ECOVACS X2 Omni Robot Süpürge Siyah,2,1,Retail,37799,1,Bolkur,,,42,1
1759625477,SDA,MANUAL ESPRESSO MACHINE,8004399025103,105375874,DELONGHI,DELONGHI La Specialista Maestro EC9865.M Barista Tipi Manuel Espresso Makinesi Gümüş,1,10,Retail,119900,1,Delonghi Türkiye,,,,
1764553736,IT Acc.,MAIN MEMORY,4711085942685,151198886,XPG,XPG Lancer RGB 6400 MHZ Dual Ram,3,7,Retail,99999,1,PRIME,,,0,0
1770236903,IT Acc.,GRAPHICS CARDS,0796594603993,79075831,MSI,MSI GT 710 2GD3H LP GeForce® GT 710 2 GB Ekran Kartı,8,20,Retail,5063.15,4,UzmanlarPC,,,27,0
1783338380,GSM HW,SMARTPHONES,0194252032985,146530569,APPLE,APPLE iPhone 12 4 GB 256 GB Akıllı Telefon Siyah,1,1,Retail,24999,1,Nsmart,,,196,10
1832753343,IT Acc.,WLAN ROUTER,6932849430417,126325460,TENDA,TENDA Archer VR400 AC1200 VDSL/ADSL Kablosuz + Kablolu 5 Port 1200 Mbit/s MU-MIMO Router,2,17,Retail,3573.6,2,Kraft Online,,,0,0
1834099522,IT Acc.,GRAPHICS CARDS,0796594603993,79075831,MSI,MSI GT 710 2GD3H LP GeForce® GT 710 2 GB Ekran Kartı,8,20,Retail,6177.02,8,Yedigün Bilişim,,,27,0
1770815930,IT Acc.,PC POWER SUPPLY,4711377142229,149449179,MSI,MSI MAG A1250GL PCIE5 1250 W Güç Kaynağı Siyah,5,12,Retail,12259.7,3,Kraft Online,,,8,0
1840012823,IT Acc.,MAIN MEMORY,4713294234575,148808967,G.SKILL,G.SKILL F5-6400J3239G16GX2-TZ5NR Trident Z5 Neo RGB 6400MHz CL32 (2x16GB) Ram,3,5,Retail,55233,3,Kraft Online,,,0,0
1826334172,IT Acc.,GRAPHICS CARDS,0796594603993,79075831,MSI,MSI GT 710 2GD3H LP GeForce® GT 710 2 GB Ekran Kartı,8,10,Retail,6153.73,7,Yedigün Bilişim,,,27,0
1813367270,IT Acc.,GRAPHICS CARDS,0796594603993,79075831,MSI,MSI GT 710 2GD3H LP GeForce® GT 710 2 GB Ekran Kartı,8,20,Retail,5857.08,5,Batı Teknoloji,,,27,0
1784763637,IT Acc.,GRAPHICS CARDS,4711387837788,149732175,ASUS,ASUS PRIME RTX5080-O16G 16GB GDDR7 256 BIT OC GeForce RTX™ 5090 16 GB Ekran Kartı,5,2,Retail,129969,4,7RENK,,,0,0
1823899797,Photo,LENSES,4549292207347,107287960,CANON,CANON RF 15-30mm f/4.5-6.3 IS STM Lens,2,1,Retail,39936.9,2,Kraft Online,,,,
1823899796,Photo,MIRRORLESS SYSTEM CAMERAS,4549292204889,137164156,CANON,CANON EOS R8 +RF24-50 F4.5-6.3 Full Format Fotoğraf Makinesi,2,2,Retail,102338.4,2,Kraft Online,,,0,0
1830520650,IT Acc.,MAINBOARDS,4711387316030,130942857,ASUS,ASUS Prime B550M-K ARGB 5100MHz (OC) DDR4 M.2 HDMI AMD B550 DDR4 mATX Anakart,3,20,Retail,6332.1,2,Kraft Online,,,0,0
1830520923,IT Acc.,GRAPHICS CARDS,4711387837788,149732175,ASUS,ASUS PRIME RTX5080-O16G 16GB GDDR7 256 BIT OC GeForce RTX™ 5090 16 GB Ekran Kartı,5,20,Retail,131662,5,Kraft Online,,,0,0
1826282195,IT Acc.,MAINBOARDS,4711387316030,130942857,ASUS,ASUS Prime B550M-K ARGB 5100MHz (OC) DDR4 M.2 HDMI AMD B550 DDR4 mATX Anakart,3,5,Retail,7331.54,3,Yedigün Bilişim,,,0,0
1770236392,IT Acc.,PC CHASSIS / HOUSING,0824142284261,127729562,MSI,MSI MAG FORGE 112R Oyuncu Kasası,1,4,Retail,6184.82,1,UzmanlarPC,,,0,1
1770234979,IT Acc.,CPU COOLING,4711377124140,135340524,MSI,MSI MAG Coreliquid E240 Beyaz 240 mm Sıvı İşlemci Soğutucu,3,3,Retail,5524.89,2,UzmanlarPC,,,0,0
1770234541,IT Acc.,CPU COOLING,4711377276689,148790566,MSI,MSI MAG Coreliquid A13 360 WHITE İşlemci Soğutucu,6,1,Retail,7679.66,4,UzmanlarPC,,,0,0
1770234656,IT Acc.,PC POWER SUPPLY,4711377142229,149449179,MSI,MSI MAG A1250GL PCIE5 1250 W Güç Kaynağı Siyah,5,200,Retail,12488.68,4,UzmanlarPC,,,8,0
1770234886,IT Acc.,GRAPHICS CARDS,4711387837788,149732175,ASUS,ASUS PRIME RTX5080-O16G 16GB GDDR7 256 BIT OC GeForce RTX™ 5090 16 GB Ekran Kartı,5,1,Retail,128782.99,3,UzmanlarPC,,,0,0
1760906970,IT Acc.,MAIN MEMORY,4711085942685,151198886,XPG,XPG Lancer RGB 6400 MHZ Dual Ram,3,1,Retail,108756.1,2,netsiparis,,,0,0
1760902736,IT Acc.,WLAN ROUTER,6932849430417,126325460,TENDA,TENDA Archer VR400 AC1200 VDSL/ADSL Kablosuz + Kablolu 5 Port 1200 Mbit/s MU-MIMO Router,2,17,Retail,3143.5,1,netsiparis,,,0,0
1760900925,IT Acc.,CPU COOLING,4711377276689,148790566,MSI,MSI MAG Coreliquid A13 360 WHITE İşlemci Soğutucu,6,20,Retail,5658.8,1,netsiparis,,,0,0
1760907023,IT Acc.,MAIN MEMORY,4713294234575,148808967,G.SKILL,G.SKILL F5-6400J3239G16GX2-TZ5NR Trident Z5 Neo RGB 6400MHz CL32 (2x16GB) Ram,3,5,Retail,47769.9,1,netsiparis,,,0,0
1838272748,IT Acc.,PC POWER SUPPLY,4719072970284,182005779,MSI,MSI Mag A600DN 80+ 600 W Güç Kaynağı Siyah,2,20,Retail,4449.98,2,Yedigün Bilişim,,,18,1
1837999641,IT Acc.,PC POWER SUPPLY,4719072970284,182005779,MSI,MSI Mag A600DN 80+ 600 W Güç Kaynağı Siyah,2,13,Retail,3932.04,1,UzmanlarPC,,,18,1
1838273131,IT Acc.,HARD DISK (INTERNAL),8806099020699,181956771,SAMSUNG,SAMSUNG 990 7150-6450MB/s M.2 via NVMe 1 TB SSD,2,10,Retail,19783.94,1,Yedigün Bilişim,,,0,0
1760900413,IT Acc.,MAINBOARDS,0197105758834,147198908,ASUS,ASUS ROG Strix Z890-A Gaming Wi-Fi 8600MHz (OC) DDR5 M.2 HDMI DP Intel Z890 DDR5 ATX Anakart,1,20,Retail,29054.6,1,netsiparis,,,,
1760901176,IT Acc.,MAINBOARDS,4711387316030,130942857,ASUS,ASUS Prime B550M-K ARGB 5100MHz (OC) DDR4 M.2 HDMI AMD B550 DDR4 mATX Anakart,3,20,Retail,5496.9,1,netsiparis,,,0,0
1760901184,IT Acc.,GRAPHICS CARDS,4711387837788,149732175,ASUS,ASUS PRIME RTX5080-O16G 16GB GDDR7 256 BIT OC GeForce RTX™ 5090 16 GB Ekran Kartı,5,20,Retail,113734.2,1,netsiparis,,,0,0
1838273127,IT Acc.,HARD DISK (INTERNAL),8806099020699,181956771,SAMSUNG,SAMSUNG 990 7150-6450MB/s M.2 via NVMe 1 TB SSD,2,14,Retail,20132.84,2,Yedigün Bilişim,,,0,0
1838273130,IT Acc.,HARD DISK (INTERNAL),8806099020705,181956789,SAMSUNG,SAMSUNG 9907250-6450MB/s M.2 via NVMe 2 TB SSD,2,10,Retail,41066.57,1,Yedigün Bilişim,,,0,0
1838273129,IT Acc.,HARD DISK (INTERNAL),8806099020705,181956789,SAMSUNG,SAMSUNG 9907250-6450MB/s M.2 via NVMe 2 TB SSD,2,9,Retail,41415.46,2,Yedigün Bilişim,,,0,0
1844504229,CE Acc.,TRUE WIRELESS HEADPHONES,4895229128583,107423254,PHILIPS,"PHILIPS TAK4607GY Açık Kulak Tamlı Kemik İletimli Bluetooth, Kablosuz Kemik İletimli Kablosuz Kulaklık Gri",1,8,Retail,4152,1,Decide,,,,
1682435847,CE Acc.,TRUE WIRELESS HEADPHONES,1200130012297,144235192,JBL,JBL Live Flex 3 True Wireless Kulak İçi Kulaklık Mor,1,3,Retail,8899,1,Teknopoint,,,0,0
1810363109,Floor care,ROBOT VACUUM CLEANERS,6943757617982,141507982,ECOVACS,ECOVACS X2 Omni Robot Süpürge Siyah,2,1,Retail,37999,2,BigTech,,,42,1
1825820011,IT HW,PRINTERS,4547410487688,100269598,FUJIFILM,FUJIFILM Instax Square Link Fotoğraf Yazıcısı,1,12,Retail,9399,1,Desibela,,,,
1842290316,Photo,INSTANT CAMERAS,4547410520187,137445264,FUJIFILM,FUJIFILM Instax Pal Dijital Fotoğraf Makinesi Yeşil,1,9,Retail,5399,1,Desibela,,,,
1842290310,Photo,PHOTO BAGS,4547410523737,137637174,FUJIFILM,FUJIFILM Instax Pal Design Silikon Fotoğraf Makinesi Kılıfı,1,10,Retail,899,1,Desibela,,,,
1842290331,Photo,PHOTO BAGS,4547410523713,137637321,FUJIFILM,FUJIFILM Instax Pal Design Silikon Fotoğraf Makinesi Kılıfı,1,35,Retail,899,1,Desibela,,,,
1842290322,Photo,PHOTO BAGS,4547410523751,137637223,FUJIFILM,FUJIFILM Instax Pal Design Silikon Fotoğraf Makinesi Kılıfı,1,18,Retail,1049,1,Desibela,,,,
1842290313,Photo,PHOTO BAGS,4547410523744,137477115,FUJIFILM,FUJIFILM Instax Pal Design Silikon Fotoğraf Makinesi Kılıfı,1,20,Retail,899,1,Desibela,,,,
1742070189,IT HW,MONITOR,4711377031875,144507927,MSI,MSI PRO MP271A 27 inç Full-HD 1 ms 100 Hz Monitör Siyah,1,1,Retail,8049,1,BETA PLUS TEKNOLOJİ,,,0,0
1757440959,IT Acc.,CPU COOLING,4711377276689,148790566,MSI,MSI MAG Coreliquid A13 360 WHITE İşlemci Soğutucu,6,3,Retail,6359,3,BETA PLUS TEKNOLOJİ,,,0,0
1761374433,IT Acc.,PC POWER SUPPLY,4711377142229,149449179,MSI,MSI MAG A1250GL PCIE5 1250 W Güç Kaynağı Siyah,5,2,Retail,11019,2,BETA PLUS TEKNOLOJİ,,,8,0
1596449998,IT Acc.,GRAPHICS CARDS,4711387837788,149732175,ASUS,ASUS PRIME RTX5080-O16G 16GB GDDR7 256 BIT OC GeForce RTX™ 5090 16 GB Ekran Kartı,5,122,Retail,124999,2,BETA PLUS TEKNOLOJİ,,,0,0
1729792911,IT Acc.,CPU COOLING,4711377124140,135340524,MSI,MSI MAG Coreliquid E240 Beyaz 240 mm Sıvı İşlemci Soğutucu,3,38,Retail,4463,1,Tekramarket,,,0,0
1836419668,IT Acc.,CPU COOLING,4711377276689,148790566,MSI,MSI MAG Coreliquid A13 360 WHITE İşlemci Soğutucu,6,15,Retail,6305,2,Tekramarket,,,0,0
1729874936,IT Acc.,PC POWER SUPPLY,4711377142229,149449179,MSI,MSI MAG A1250GL PCIE5 1250 W Güç Kaynağı Siyah,5,100,Retail,10290,1,Tekramarket,,,8,0
1838997755,Photo,LENSES,4549292207446,137445846,CANON,CANON RF 24-50mm f/4.5-6.3 IS STM Lens,1,1,Retail,9999,1,Fotofix,,,,
1821867319,Photo,LENSES,4549292207347,107287960,CANON,CANON RF 15-30mm f/4.5-6.3 IS STM Lens,2,2,Retail,27295,1,Fotofix,,,,
1836228176,Photo,MIRRORLESS SYSTEM CAMERAS,4549292204889,137164156,CANON,CANON EOS R8 +RF24-50 F4.5-6.3 Full Format Fotoğraf Makinesi,2,1,Retail,79999,1,Fotofix,,,0,0
1683448858,IT Acc.,BAGS FOR NOTEBOOKS,0195697156298,131697559,HP,"HP 2Z8A4AA 15,6 inç Laptop Çantası Gri",1,119,Retail,1049,1,GpnTeknoloji,,,21,1
1815105916,SDA,BLENDER,8003705119383,127857208,ARIETE,ARIETE VINTAGE CAM BLENDER-MAVI 1000 W Blender Mavi,2,1,Retail,5669.93,2,Premiumsepet,,,0,0
1814929922,IT Acc.,KEYBOARD,0765169407717,172497564,DEXIM,DEXIM KBL707 MEKANIK HISLI RGB LED ARKA ISIKLI SEFFAF G Kablolu Oyuncu Klavyesi Siyah,1,2,Retail,599.99,1,Mebak Hırdavat Yapı Malzemeleri,,,,
1811705969,IT Acc.,MAIN MEMORY,4711085945440,171572890,XPG,XPG AX5U5600C4616G-SLABBK Lancer Blade 5600MHz CL46 Ram,3,99,Retail,19409,3,Lowell Teknoloji,,,0,0
1791528486,IT Acc.,MAIN MEMORY,4711085940810,172497780,XPG,XPG AX5U6000C3016G-CLARBK Lancer RGB 6000MHz CL30 Ram,3,100,Retail,25039,3,Lowell Teknoloji,,,0,0
1784052972,GSM Acc.,COVER & CASE (TELECOM),6944629203814,174503520,PIILI,PIILI iPhone 17 Pro Metal Stand Grip MagSafe Telefon Kılıfı Turuncu,1,5,Retail,2599,1,Piili,,,0,0
1716024691,GSM Acc.,COVER & CASE (TELECOM),6944629195553,169185597,PIILI,PIILI iPhone 17 Kevlar Serisi Magsafe Telefon Kılıfı Günbatımı Altın,1,10,Retail,2999,1,Piili,,,,
1759799189,CE Acc.,CHARGERS,0745883866014,154514800,BELKIN,BELKIN Boostcharge Pro 2'si 1 Arada Qi2 15W USB-C Kablosuz Şarj Standı Siyah,1,3,Retail,1799,1,Nethouse,,,0,0
1832753405,IT Acc.,MAIN MEMORY,4713294235336,170321449,G.SKILL,G.SKILL Ripjaws M5 6000MHz CL36 RGB (2×16GB) Ram,3,100,Retail,41658.7,3,Kraft Online,,,,
1837980536,GSM HW,SMARTPHONES,4894947102165,173575804,TECNO,TECNO Spark 40 5G 8 GB 256 GB Akıllı Telefon Yeşil,1,1,Retail,17899,1,ACCPAZAR,,,0,0
1811810397,IT Acc.,MAINBOARDS,4711636292290,174237529,ASUS,ASUS Prime H810M-K LGA1851 Intel H810 DDR5 micro ATX Anakart,3,73,Retail,6149,1,Lowell Teknoloji,,,0,0
1846240592,CE Acc.,POWER STRIP,0745883886654,173637616,BELKIN,BELKIN USB-C-USB-A 2 m 8'li,1,20,Retail,2899,1,Lucky Trend,,,,
1836606929,GSM HW,SMARTPHONES,8806099359492,181804444,SAMSUNG,SAMSUNG Galaxy Z Flip 8 5G (Türkiye Garantili) 12 GB 256 GB Akıllı Telefon Beyaz,1,11,Retail,81599,1,CepHane Teknoloji,,,0,0
1752692415,Smart Home,SMART HOME LIGHTS,8681705046627,171888071,BILICRA,BILICRA Locate Dekoratif Masaüstü Akıllı Lambader,1,12,Retail,3499,1,Lucky Trend,,,0,0
1841225684,GSM HW,SMARTPHONES,4894947118609,177965355,TECNO,TECNO Spark 50 5G 6 GB 128 GB Akıllı Telefon Siyah,1,1,Retail,19999,1,ACCPAZAR,,,0,0
1811762929,IT Acc.,MAIN MEMORY,4713294236388,173646395,G.SKILL,G.SKILL Ripjaws S5 DDR5-6400MHZ CL36 DUAL Ram,3,4,Retail,49289,2,Lowell Teknoloji,,,,
1791527567,IT Acc.,MAIN MEMORY,4711085948359,171572871,XPG,XPG AX5U6000C4816G-SLABBK Lancer Blade 6000MHz CL48 Ram,3,100,Retail,19829,3,Lowell Teknoloji,,,0,0
1832118706,GSM HW,SMARTPHONES,6932204529046,179633884,VIVO,VIVO Y21 4 GB 128 GB Akıllı Telefon Mavi,1,2,Retail,13599,1,CepHane Teknoloji,,,0,0
1846671675,IT Acc.,GRAPHICS CARDS,4711377344296,155985520,MSI,MSI RTX 5060 8G VENTUS 2X OC WHITE RTX5060 128BIT GeForce RTX™ 5060 8 GB Ekran Kartı,6,2,Retail,35999,4,By Pro bilişim,,,0,0
1826334755,IT Acc.,MAINBOARDS,4711636292290,174237529,ASUS,ASUS Prime H810M-K LGA1851 Intel H810 DDR5 micro ATX Anakart,3,10,Retail,10185.18,3,Yedigün Bilişim,,,0,0
1783629604,GSM HW,SMARTPHONES,6932204526786,174648177,VIVO,VIVO Y31 5G 6 GB 256 GB Akıllı Telefon Yeşil,1,1,Retail,15799,1,CepHane Teknoloji,,,0,0
1765723385,GSM Acc.,COVER & CASE (TELECOM),6944629198417,173334729,PIILI,PIILI iPhone 17 Air Uyumlu Gradient Magsafe Telefon Kılıfı Beyaz,1,10,Retail,2599,1,Piili,,,0,0
1760907020,IT Acc.,MAIN MEMORY,4711085948434,167413099,XPG,XPG Lancer Blade RGB 6000 MHZ CL48 Ram,4,20,Retail,17079.3,1,netsiparis,,,0,0
1764583076,CE Acc.,POWERBANKS,6944629189552,173218172,PIILI,PIILI Standlı MagSafe Kablosuz & Taşınabilir 10.000 mAh Taşınabilir Şarj Cihazı Altın,1,15,Retail,3599,1,Piili,,,0,0
1844417559,GSM HW,SMARTPHONES,6932169375030,168179041,OPPO,OPPO A5 5G 8 GB 256 GB Akıllı Telefon Mistik Beyaz,1,5,Retail,19799,1,Bittibitiyor,,,0,0
1842306918,IT Acc.,PC POWER SUPPLY,4711377142229,149449179,MSI,MSI MAG A1250GL PCIE5 1250 W Güç Kaynağı Siyah,5,8,Retail,14463.28,5,Yedigün Bilişim,,,8,0
1834046202,IT Acc.,CPU COOLING,4711377276689,148790566,MSI,MSI MAG Coreliquid A13 360 WHITE İşlemci Soğutucu,6,16,Retail,8500.34,5,Yedigün Bilişim,,,0,0
1841276296,IT Acc.,CPU COOLING,4711377276689,148790566,MSI,MSI MAG Coreliquid A13 360 WHITE İşlemci Soğutucu,6,3,Retail,8968.18,6,Yedigün Bilişim,,,0,0
1828874010,IT Acc.,CPU COOLING,4711377124140,135340524,MSI,MSI MAG Coreliquid E240 Beyaz 240 mm Sıvı İşlemci Soğutucu,3,10,Retail,6496.69,3,Yedigün Bilişim,,,0,0
1759913414,CE Acc.,ADAPTERS,6944629197496,172725831,PIILI,PIILI 25W PD Q3.0 Type-C Adaptör,1,20,Retail,1199,1,Piili,,,0,0
1840012835,IT Acc.,MAIN MEMORY,4711085940810,172497780,XPG,XPG AX5U6000C3016G-CLARBK Lancer RGB 6000MHz CL30 Ram,3,100,Retail,24500.2,2,Kraft Online,,,0,0
1816901483,CE Acc.,TRUE WIRELESS HEADPHONES,6932172667139,168745002,BASEUS,BASEUS BOWIE H1S GURULTU KULAKLIK - BYZ Kablolu ve Kablosuz Bluetooth Kulak Üstü Kulaklık Beyaz,1,2,Retail,3999,1,Aypa Teknoloji,,,0,0
1832520516,IT Acc.,PC CHASSIS / HOUSING,4711377293198,156595358,MSI,MSI MAG PANO 110R PZ Bilgisayar Kasası,3,100,Retail,5805,1,Tekramarket,,,0,0
1760900389,IT Acc.,PC POWER SUPPLY,4711377244275,155698750,MSI,MSI MPG A850GN PCIE5 850 W Güç Kaynağı Siyah,5,19,Retail,6873.5,1,netsiparis,,,12,0
1760907108,IT Acc.,MAIN MEMORY,4711085945440,171572890,XPG,XPG AX5U5600C4616G-SLABBK Lancer Blade 5600MHz CL46 Ram,3,100,Retail,16486.5,1,netsiparis,,,0,0
1827747126,Gaming Acc.,CONSOLES ACCESSORIES,6973137270766,166182562,MOZA,MOZA MTLP Take-Off Landing Panel Siyah,1,1,Retail,15999,1,BLACKBOX,,,0,0
1841276173,IT Acc.,PC POWER SUPPLY,4711377244275,155698750,MSI,MSI MPG A850GN PCIE5 850 W Güç Kaynağı Siyah,5,3,Retail,10793.67,5,Yedigün Bilişim,,,12,0
1760907053,IT Acc.,MAIN MEMORY,4713294235336,170321449,G.SKILL,G.SKILL Ripjaws M5 6000MHz CL36 RGB (2×16GB) Ram,3,100,Retail,36046.9,1,netsiparis,,,,
1792292532,SDA,CITRUS PRESS & JUICER,8690394661417,173887532,FAKIR,FAKIR Juice Max Katı Meyve Sıkacağı Gri,1,2,Retail,9899,1,RAST ENTERPRISE,,,0,0
1764614683,CE Acc.,POWERBANKS,6944629191715,173218156,PIILI,PIILI P-WRL1 Kablosuz . Şarj Standı Altın,1,10,Retail,5499,1,Piili,,,0,0
1812269278,Gaming Acc.,OTHER COMPUTER ACCESSORIES,0196337694811,155191659,HP,HP 65 W GaN USB-C 600Q7AA Laptop Şarj Adaptörü Siyah,1,3,Retail,3399,1,GpnTeknoloji,,,0,0
1771446795,IT Acc.,MAIN MEMORY,4713294234070,173646426,G.SKILL,G.SKILL TZ5 RGB DDR5-6000MHZ CL36 Ram,2,3,Retail,76155.5,1,netsiparis,,,0,0
1845762367,GSM Acc.,COVER & CASE (TELECOM),6944629204217,174503518,PIILI,PIILI iPhone 17 Pro Steady Carbon Magsafe Telefon Kılıfı Siyah,2,13,Retail,1949.9,1,Piili,,,0,0
1830520944,IT Acc.,GRAPHICS CARDS,4711377344272,155816180,MSI,MSI VENTUS 2X OC GeForce RTX™ 5060 8 GB Ekran Kartı,4,1,Retail,30210.8,2,Kraft Online,,,0,0
1811762890,IT Acc.,MAIN MEMORY,4713294235336,170321449,G.SKILL,G.SKILL Ripjaws M5 6000MHz CL36 RGB (2×16GB) Ram,3,100,Retail,41019,2,Lowell Teknoloji,,,,
1784053130,GSM Acc.,COVER & CASE (TELECOM),6944629204019,174503511,PIILI,PIILI iPhone 17 Pro Metal Stand Grip MagSafe Telefon Kılıfı Gri,1,5,Retail,2599,1,Piili,,,0,0
1770235874,IT Acc.,GRAPHICS CARDS,4711377379946,160864228,MSI,MSI GEFORCE RTX 5050 8G GAMING OC RTX5050 8GB GeForce RTX™ 5050 8 GB Ekran Kartı,8,20,Retail,37466.71,6,UzmanlarPC,,,0,1
1761746786,GSM Acc.,OTHER TELECOM ACCESSORIES,6944629193733,172941031,PIILI,PIILI P-WRL5 – Voltbase Wireless Şarj İstasyonu Mavi,1,10,Retail,5499,1,Piili,,,,
1784054744,GSM Acc.,COVER & CASE (TELECOM),6944629204354,174503509,PIILI,PIILI iPhone 17 Pro Max Steady Carbon Magsafe Telefon Kılıfı Lacivert,2,5,Retail,2599,2,Piili,,,,
1823899799,Photo,MIRRORLESS SYSTEM CAMERAS,8714574690995,165100344,CANON,CANON EOS R50 V+RF-S14-30 APS-C Sensör Içerik Üreticisi Kiti,2,3,Retail,59043.8,2,Kraft Online,,,,
1830520657,IT Acc.,GRAPHICS CARDS,4711377344296,155985520,MSI,MSI RTX 5060 8G VENTUS 2X OC WHITE RTX5060 128BIT GeForce RTX™ 5060 8 GB Ekran Kartı,6,1,Retail,39495.1,5,Kraft Online,,,0,0
1784055381,GSM Acc.,COVER & CASE (TELECOM),6944629204255,174503508,PIILI,PIILI iPhone 17 Pro Steady Carbon MagSafe Telefon Kılıfı Gri,2,5,Retail,2599,2,Piili,,,,
1746028618,SDA,BODYCARE,4099702000056,170669359,GESKE,GESKE Soğutma ve Isıtmalı Led Terapili Titreşimli Sonic Warm ve Cool Mask Akıllı Maske Cihazı Siyah,1,20,Retail,4799.4,1,Geske,,,,
1845567216,Photo,ACTION CAMERAS,6977644763612,168502735,INSTA360,INSTA360 X5 360° 8K Beyaz Aksiyon Kamerası Beyaz,2,1,Retail,30999,2,BLACKBOX,,,20,1
1765913973,IT Acc.,MAIN MEMORY,4711085948434,167413099,XPG,XPG Lancer Blade RGB 6000 MHZ CL48 Ram,4,8,Retail,20999,4,PRIME,,,0,0
1832753331,IT Acc.,MAIN MEMORY,4713294236388,173646395,G.SKILL,G.SKILL Ripjaws S5 DDR5-6400MHZ CL36 DUAL Ram,3,4,Retail,50047.3,3,Kraft Online,,,,
1716022699,GSM Acc.,COVER & CASE (TELECOM),6944629197298,169185642,PIILI,PIILI Knit Kevlar Lacivert iPhone 17 Air Telefon Kılıfı Lacivert,1,10,Retail,2999,1,Piili,,,0,0
1706827169,IT Acc.,GRAPHICS CARDS,4711377379946,160864228,MSI,MSI GEFORCE RTX 5050 8G GAMING OC RTX5050 8GB GeForce RTX™ 5050 8 GB Ekran Kartı,8,3,Retail,23859,1,BETA PLUS TEKNOLOJİ,,,0,1
1764610995,CE Acc.,POWERBANKS,6944629189095,173218164,PIILI,PIILI 15 W 3-in-1 Katlanabilir Pratik Çoklu . Şarj İstasyonu Beyaz,1,15,Retail,4199,1,Piili,,,0,0
1770235534,IT Acc.,PC CHASSIS / HOUSING,4711377293198,156595358,MSI,MSI MAG PANO 110R PZ Bilgisayar Kasası,3,200,Retail,6954.38,2,UzmanlarPC,,,0,0
1761746785,GSM Acc.,OTHER TELECOM ACCESSORIES,6944629192132,172941036,PIILI,PIILI Rocket P-WRL3 Wireless Şarj İstasyonu Siyah,1,10,Retail,3299,1,Piili,,,,
1836403454,IT HW,MONITOR,4711636237000,173879332,ASUS,"ASUS ROG Strix XG27JCG Fast IPS 27 inç 5K UHD 0,30 ms 60 Hz Gaming Monitör Siyah",1,39,Retail,39709,1,BETA PLUS TEKNOLOJİ,,,0,0
1845765459,Photo,MIRRORLESS SYSTEM CAMERAS,8714574690995,165100344,CANON,CANON EOS R50 V+RF-S14-30 APS-C Sensör Içerik Üreticisi Kiti,2,5,Retail,58999,1,Nova Fotoğraf,,,,
1845762905,GSM Acc.,COVER & CASE (TELECOM),6944629204354,174503509,PIILI,PIILI iPhone 17 Pro Max Steady Carbon Magsafe Telefon Kılıfı Lacivert,2,154,Retail,2549.9,1,Piili,,,,
1830520590,IT Acc.,GRAPHICS CARDS,4711377379946,160864228,MSI,MSI GEFORCE RTX 5050 8G GAMING OC RTX5050 8GB GeForce RTX™ 5050 8 GB Ekran Kartı,8,9,Retail,35677.3,4,Kraft Online,,,0,1
1760900893,IT Acc.,GRAPHICS CARDS,4711377379946,160864228,MSI,MSI GEFORCE RTX 5050 8G GAMING OC RTX5050 8GB GeForce RTX™ 5050 8 GB Ekran Kartı,8,9,Retail,30881.2,2,netsiparis,,,0,1
1839193287,Floor care,VACUUM CLEANER RECHARGEABLE,5035048794531,173221838,BLACK & DECKER,BLACK & DECKER BHFEA640WG-QW Şarjlı Dikey Süpürge Gri,1,39,Retail,9349,1,Decide,,,,
1799494424,CE Acc.,TRUE WIRELESS HEADPHONES,4260752334600,171871787,SENNHEISER,SENNHEISER HD 400U Kablolu Kulak Üstü Kulaklık Siyah,1,2,Retail,6099,1,BETA PLUS TEKNOLOJİ,,,0,0
1716015540,GSM Acc.,COVER & CASE (TELECOM),6944629195539,169185569,PIILI,PIILI iPhone 17 Kevlar Serisi Magsafe Telefon Kılıfı Siyah,1,10,Retail,2999,1,Piili,,,0,0
1843587837,IT Acc.,STEERING WHEEL,6973137270735,166182616,MOZA,MOZA mBooster Active Pedal,1,2,Retail,72999,1,BLACKBOX,,,,
1716024680,GSM Acc.,COVER & CASE (TELECOM),6944629197236,169185576,PIILI,PIILI Knit Kevlar iPhone 17 Telefon Kılıfı Siyah,1,10,Retail,2999,1,Piili,,,0,0
1770815931,IT Acc.,PC POWER SUPPLY,4711377244275,155698750,MSI,MSI MPG A850GN PCIE5 850 W Güç Kaynağı Siyah,5,19,Retail,7878.3,2,Kraft Online,,,12,0
1716024686,GSM Acc.,COVER & CASE (TELECOM),6944629195614,169185596,PIILI,PIILI iPhone Air Kevlar Serisi Magsafe Telefon Kılıfı Siyah,1,10,Retail,2999,1,Piili,,,,
1842873861,CE Acc.,TRUE WIRELESS HEADPHONES,6932172693039,168284996,BASEUS,BASEUS Inspire XH1 Kablosuz Kulak Üstü Kulaklık Siyah,1,15,Retail,11499,1,Lucky Trend,,,0,0
1843269076,CE Acc.,POWERBANKS,6944629191616,173032218,PIILI,PIILI Karbon P-PB5 Taşınabilir Güç 10.000 mAh Powerbank Siyah,1,1,Retail,3499,1,Piili,,,0,0
1820536371,IT Acc.,PC POWER SUPPLY,4711377244275,155698750,MSI,MSI MPG A850GN PCIE5 850 W Güç Kaynağı Siyah,5,9,Retail,9237.89,3,Batı Teknoloji,,,12,0
1789220532,CE Acc.,TRUE WIRELESS HEADPHONES,4895180780875,168385582,TECNO,TECNO BD01 True Wireless Kulak İçi Kulaklık Siyah,1,109,Retail,899,1,ScHitec,,,0,0
1784053007,GSM Acc.,COVER & CASE (TELECOM),6944629204231,174503510,PIILI,PIILI iPhone 17 Pro Steady Carbon Magsafe Telefon Kılıfı Siyah,2,5,Retail,2599,2,Piili,,,,
1764473074,IT HW,TABLETS,0195950107067,172796533,APPLE,"APPLE MD7R4TU/A IPAD (A16) 11"" WF CL 512GB YLW-TUR 11,0 inç 6 GB 512 GB Tablet Sarı",1,1,Retail,46999,1,Teknopoint,,,,
1825819858,IT HW,PRINTERS,4547410536362,153527947,FUJIFILM,FUJIFILM Instax Mini Link 3 Fotoğraf Yazıcısı,1,9,Retail,7999,1,Desibela,,,,
1846231842,GSM Acc.,SCREEN PROTECTORS,6944629198738,173091438,PIILI,PIILI iPhone 17 Air Privacy Ekran Koruyucu,2,189,Retail,1299,1,Piili,,,0,0
1834113346,IT Acc.,PC CHASSIS / HOUSING,4711377293198,156595358,MSI,MSI MAG PANO 110R PZ Bilgisayar Kasası,3,6,Retail,8270.39,3,Yedigün Bilişim,,,0,0
1828857844,IT Acc.,GRAPHICS CARDS,4711377379946,160864228,MSI,MSI GEFORCE RTX 5050 8G GAMING OC RTX5050 8GB GeForce RTX™ 5050 8 GB Ekran Kartı,8,15,Retail,43247.17,8,Yedigün Bilişim,,,0,1
1820911609,IT Acc.,CPU COOLING,4711377257305,159181340,MSI,MSI MAG Coreliquid A15 240 Sıvı İşlemci Soğutucusu,1,10,Retail,5199,1,TNG Bilişim,,,0,0
1843269077,CE Acc.,POWERBANKS,6944629191579,173032149,PIILI,PIILI Karbon P-PB4 Taşınabilir Şarj 5.000 mAh Powerbank Siyah,1,158,Retail,2999,1,Piili,,,0,0
1825819664,Photo,INSTANT CAMERAS,4547411200453,179048030,FUJIFILM,FUJIFILM Instax Link Wide Akıllı Telefon Bundle Box Fotoğraf Yazıcısı Gri,1,2,Retail,11199,1,Desibela,,,,
1843269079,CE Acc.,POWERBANKS,6944629191593,173032152,PIILI,PIILI Karbon P-PB4 Taşınabilir Şarj 5.000 mAh Powerbank Altın,1,307,Retail,2999,1,Piili,,,,
1622227560,Hi-Fi,PORTABLE SPEAKER,6958444604107,165343099,DIVOOM,DIVOOM Spark Pro 80W Çift Mikrofonlu Kablosuz Taşınabilir Ses Bombası Bluetooth Hoparlör Bej,1,50,Retail,15999,1,Desibela,,,0,0
1825820066,Photo,INSTANT CAMERAS,4547410562309,170355720,FUJIFILM,FUJIFILM Instax Mini Evo Cinema Fotoğraf Makinesi Siyah,1,8,Retail,27499,1,Desibela,,,0,0
1760902775,IT Acc.,GRAPHICS CARDS,4711636178518,159045949,ASUS,ASUS DUAL GeForce RTX 5050 OC 8GB GDDR6 128 Bit DLSS 4 GeForce RTX™ 5050 8 GB Ekran Kartı,5,1,Retail,25009.8,1,netsiparis,,,0,0
1760900830,IT Acc.,GRAPHICS CARDS,4711377344296,155985520,MSI,MSI RTX 5060 8G VENTUS 2X OC WHITE RTX5060 128BIT GeForce RTX™ 5060 8 GB Ekran Kartı,6,1,Retail,34137,3,netsiparis,,,0,0
1832520495,IT Acc.,GRAPHICS CARDS,4711377379946,160864228,MSI,MSI GEFORCE RTX 5050 8G GAMING OC RTX5050 8GB GeForce RTX™ 5050 8 GB Ekran Kartı,8,50,Retail,33250,3,Tekramarket,,,0,1
1760901049,IT Acc.,PC POWER SUPPLY,4711377243773,168539673,MSI,"MSI MPG A1000GS PCIE5 1000W 80+ Gold 1000,00 W Güç Kaynağı Siyah",3,2,Retail,11610.4,1,netsiparis,,,0,0
1791369793,IT Acc.,MAIN MEMORY,4711085948434,167413099,XPG,XPG Lancer Blade RGB 6000 MHZ CL48 Ram,4,20,Retail,20109,3,Lowell Teknoloji,,,0,0
1814530261,CE Acc.,CHARGERS,6957303869800,159042051,UGREEN,"UGREEN 52.5 W QC PD Çakmaklık Adaptörü 1xUSB-C, 1xUSB-A 60980 Hızlı Araç İçi Şarj Cihazı Uzay Grisi",1,25,Retail,1269,1,Decide,,,0,0
1770233525,Photo,MIRRORLESS SYSTEM CAMERAS,4549292229158,157529852,CANON,CANON D.Cam Eos R5 Mark II Body Full Format Aynasız Tam Kare Fotoğraf Makinesi,2,2,Retail,197279.5,2,Kraft Online,,,,
1698457756,SDA,BEARD TRIMMER,8006540914137,156475255,BRAUN,BRAUN Series 9 PRO 9577CC Islak ve Kuru Tıraş Makinesi Gümüş,1,2,Retail,50499,1,TAŞARAVM,,,522,9
1825819948,Photo,INSTANT CAMERAS,4547410441444,95694899,FUJIFILM,FUJIFILM Instax SQ1 Şipşak Fotoğraf Makinesi Buz Mavisi,1,21,Retail,7899,1,Desibela,,,,
1813367677,IT Acc.,GRAPHICS CARDS,4711377379946,160864228,MSI,MSI GEFORCE RTX 5050 8G GAMING OC RTX5050 8GB GeForce RTX™ 5050 8 GB Ekran Kartı,8,20,Retail,37400.62,5,Batı Teknoloji,,,0,1
1845762308,GSM Acc.,COVER & CASE (TELECOM),6944629204170,174503400,PIILI,PIILI iPhone 17 Steady Carbon Magsafe Telefon Kılıfı Siyah,2,9,Retail,1949.9,1,Piili,,,0,0
1821426391,IT HW,MONITOR,8806097379812,171376697,SAMSUNG,"SAMSUNG LS32FM902SUXUF M9 /32 SMART MONITOR 32 inç 4K UHD 0,03 ms 165 Hz Smart Monitör Gümüş",1,7,Retail,72999,1,Güreller,,,112,2
1811762927,IT Acc.,MAIN MEMORY,4713294234575,148808967,G.SKILL,G.SKILL F5-6400J3239G16GX2-TZ5NR Trident Z5 Neo RGB 6400MHz CL32 (2x16GB) Ram,3,5,Retail,54369,2,Lowell Teknoloji,,,0,0
1760907009,IT Acc.,MAIN MEMORY,4711085940810,172497780,XPG,XPG AX5U6000C3016G-CLARBK Lancer RGB 6000MHz CL30 Ram,3,100,Retail,21228.4,1,netsiparis,,,0,0
1825819663,Photo,INSTANT CAMERAS,4547411210452,179041073,FUJIFILM,FUJIFILM Instax Square Link Beyaz Akıllı Telefon Bundle Box Fotoğraf Yazıcısı Beyaz,1,6,Retail,10599,1,Desibela,,,,
1840012886,IT Acc.,MAIN MEMORY,4711085945440,171572890,XPG,XPG AX5U5600C4616G-SLABBK Lancer Blade 5600MHz CL46 Ram,3,100,Retail,19009.4,2,Kraft Online,,,0,0
1663214316,Hi-Fi,PORTABLE SPEAKER,6958444604701,167302200,DIVOOM,DIVOOM SongBird Ultra 100W Çift Mikrofonlu Karaoke Taşınabilir Ses Bombası Bluetooth Hoparlör Beyaz,1,3,Retail,23999,1,Desibela,,,0,0
1770815926,IT Acc.,PC POWER SUPPLY,4711377243773,168539673,MSI,"MSI MPG A1000GS PCIE5 1000W 80+ Gold 1000,00 W Güç Kaynağı Siyah",3,2,Retail,13363.3,3,Kraft Online,,,0,0
1791490862,IT Acc.,MAIN MEMORY,4711085942685,151198886,XPG,XPG Lancer RGB 6400 MHZ Dual Ram,3,1,Retail,123859,3,Lowell Teknoloji,,,0,0
1716021119,GSM Acc.,COVER & CASE (TELECOM),6944629195638,169185630,PIILI,PIILI iPhone Air Kevlar Serisi Magsafe Telefon Kılıfı Günbatımı Altın,1,10,Retail,2999,1,Piili,,,,
1770235419,IT Acc.,GRAPHICS CARDS,4711636178518,159045949,ASUS,ASUS DUAL GeForce RTX 5050 OC 8GB GDDR6 128 Bit DLSS 4 GeForce RTX™ 5050 8 GB Ekran Kartı,5,4,Retail,26086.66,3,UzmanlarPC,,,0,0
1756665735,IT Acc.,GRAPHICS CARDS,4711377344296,155985520,MSI,MSI RTX 5060 8G VENTUS 2X OC WHITE RTX5060 128BIT GeForce RTX™ 5060 8 GB Ekran Kartı,6,3,Retail,29319,1,BETA PLUS TEKNOLOJİ,,,0,0
1770904463,IT Acc.,USB HUBS,6944629184199,173699698,PIILI,PIILI TYPE-C To USB 2.0 4 in 1 JT-HUB0 Hub Çevirici Adaptör,1,10,Retail,1099,1,Piili,,,0,0
1831693280,CE Acc.,CHARGERS,6941876233168,158314086,UGREEN,UGREEN 35316 2'si 1 Arada MagSafe Kablosuz Hızlı Şarj Aleti Gri,1,86,Retail,3359.3,1,Decide,,,8,0
1716021228,GSM Acc.,COVER & CASE (TELECOM),6944629198233,169185635,PIILI,PIILI iPhone Air Kevlar Serisi Magsafe Hasır Telefon Kılıfı Turuncu,1,10,Retail,2999,1,Piili,,,0,0
1828873547,IT Acc.,GRAPHICS CARDS,4711377344272,155816180,MSI,MSI VENTUS 2X OC GeForce RTX™ 5060 8 GB Ekran Kartı,4,4,Retail,35309.79,4,Yedigün Bilişim,,,0,0
1845762391,GSM Acc.,COVER & CASE (TELECOM),6944629204255,174503508,PIILI,PIILI iPhone 17 Pro Steady Carbon MagSafe Telefon Kılıfı Gri,2,2,Retail,2549.9,1,Piili,,,,
1764115026,GSM Acc.,SCREEN PROTECTORS,6944629198738,173091438,PIILI,PIILI iPhone 17 Air Privacy Ekran Koruyucu,2,1,Retail,1899,2,Piili,,,0,0
1719760743,SDA,ESPRESSO CAPSULE MACHINES,7630428745042,169518893,NESPRESSO,NESPRESSO Vertuo Latissima Süt Çözümlü Kapsüllü Kahve Makinesi Beyaz,1,2,Retail,20999,1,BigTech,,,0,0
1770235439,IT Acc.,GRAPHICS CARDS,4711377344296,155985520,MSI,MSI RTX 5060 8G VENTUS 2X OC WHITE RTX5060 128BIT GeForce RTX™ 5060 8 GB Ekran Kartı,6,1,Retail,30942.15,2,UzmanlarPC,,,0,0
1840012839,IT Acc.,MAIN MEMORY,4711085948359,171572871,XPG,XPG AX5U6000C4816G-SLABBK Lancer Blade 6000MHz CL48 Ram,3,100,Retail,19390.7,2,Kraft Online,,,0,0
1771965073,IT Acc.,GRAPHICS CARDS,4711636178518,159045949,ASUS,ASUS DUAL GeForce RTX 5050 OC 8GB GDDR6 128 Bit DLSS 4 GeForce RTX™ 5050 8 GB Ekran Kartı,5,1,Retail,28926.6,4,Kraft Online,,,0,0
1832753375,IT Acc.,MAIN MEMORY,4713294234070,173646426,G.SKILL,G.SKILL TZ5 RGB DDR5-6000MHZ CL36 Ram,2,3,Retail,88101.1,2,Kraft Online,,,0,0
1814542193,Innovations,BACKPACK,4573595588070,178140707,HP,"HP Renew Travel 2Z8A3AA 15,6 inç Laptop Sırt Çantası Gri",1,65,Retail,1099,1,GpnTeknoloji,,,0,0
1784057621,IT Acc.,BAGS FOR NOTEBOOKS,6944629199179,172296026,PIILI,PIILI Macbook Air 2023 Uyumlu Hardshell Mat Kapak 15 inç Laptop Kılıfı Siyah,1,5,Retail,2799,1,Piili,,,,
1784054767,GSM Acc.,COVER & CASE (TELECOM),6944629204170,174503400,PIILI,PIILI iPhone 17 Steady Carbon Magsafe Telefon Kılıfı Siyah,2,5,Retail,2599,2,Piili,,,0,0
1716024679,GSM Acc.,COVER & CASE (TELECOM),6944629197250,169185594,PIILI,PIILI Knit Kevlar iPhone 17 Air Telefon Kılıfı Turuncu,1,10,Retail,2999,1,Piili,,,,
1787643395,IT Acc.,MAINBOARDS,4711636292290,174237529,ASUS,ASUS Prime H810M-K LGA1851 Intel H810 DDR5 micro ATX Anakart,3,20,Retail,6899.13,2,UzmanlarPC,,,0,0
1834112925,IT Acc.,GRAPHICS CARDS,4711377344296,155985520,MSI,MSI RTX 5060 8G VENTUS 2X OC WHITE RTX5060 128BIT GeForce RTX™ 5060 8 GB Ekran Kartı,6,9,Retail,48131.7,6,Yedigün Bilişim,,,0,0
1771446802,IT Acc.,MAIN MEMORY,4713294236388,173646395,G.SKILL,G.SKILL Ripjaws S5 DDR5-6400MHZ CL36 DUAL Ram,3,4,Retail,43291.5,1,netsiparis,,,,
1760907112,IT Acc.,MAIN MEMORY,4711085948359,171572871,XPG,XPG AX5U6000C4816G-SLABBK Lancer Blade 6000MHz CL48 Ram,3,100,Retail,16815.8,1,netsiparis,,,0,0
1769957940,Smart Home,SMART HOME LIGHTS,6974316998662,155510659,GOVEE,GOVEE H606AC81 Glide Hexa Ultra Bluetooth Led Aydınlatma,1,12,Retail,19999,1,Lucky Trend,,,0,0
1825819838,IT HW,PRINTERS,4547410536324,153527948,FUJIFILM,FUJIFILM Instax Mini Link 3 Fotoğraf Yazıcısı,1,7,Retail,7999,1,Desibela,,,,
1729874942,IT Acc.,PC POWER SUPPLY,4711377243773,168539673,MSI,"MSI MPG A1000GS PCIE5 1000W 80+ Gold 1000,00 W Güç Kaynağı Siyah",3,5,Retail,12460,2,Tekramarket,,,0,0
1822706803,Photo,ACTION CAMERAS,6977644763612,168502735,INSTA360,INSTA360 X5 360° 8K Beyaz Aksiyon Kamerası Beyaz,2,15,Retail,28999,1,Mieko Türkiye,,,20,1
1845763358,GSM Acc.,COVER & CASE (TELECOM),6944629204231,174503510,PIILI,PIILI iPhone 17 Pro Steady Carbon Magsafe Telefon Kılıfı Siyah,2,217,Retail,1949.9,1,Piili,,,,
1716022701,GSM Acc.,COVER & CASE (TELECOM),6944629197311,169185632,PIILI,PIILI Knit Kevlar iPhone 17 Air Telefon Kılıfı Siyah,1,10,Retail,2999,1,Piili,,,0,0
1716021229,GSM Acc.,COVER & CASE (TELECOM),6944629195799,169185615,PIILI,PIILI iPhone 17 Pro Max Kevlar Serisi Magsafe Telefon Kılıfı Günbatımı Altın,1,10,Retail,2999,1,Piili,,,,
1764610994,CE Acc.,POWERBANKS,6944629191692,173218168,PIILI,PIILI P-WRL1 Kablosuz . Şarj Standı Siyah,1,10,Retail,5499,1,Piili,,,0,0
1828873598,IT Acc.,GRAPHICS CARDS,4711636178518,159045949,ASUS,ASUS DUAL GeForce RTX 5050 OC 8GB GDDR6 128 Bit DLSS 4 GeForce RTX™ 5050 8 GB Ekran Kartı,5,4,Retail,33914.21,5,Yedigün Bilişim,,,0,0
1833995278,IT Acc.,GRAPHICS CARDS,4711377379946,160864228,MSI,MSI GEFORCE RTX 5050 8G GAMING OC RTX5050 8GB GeForce RTX™ 5050 8 GB Ekran Kartı,8,8,Retail,43247.17,7,Yedigün Bilişim,,,0,1
1841231299,Photo,DIGITAL COMPACT CAMERA,4897085465253,182590445,YASHICA,YASHICA x Funtastic Anahtarlık Kamera Mavi,1,3,Retail,3499,1,Nethouse,,,0,0
1842040123,CE Acc.,TRUE WIRELESS HEADPHONES,6941876268801,172903824,UGREEN,"UGREEN ClipBuds Pro Hi-Res Aktif Gürültü Engelleyici , 65880 Kablolu ve Kablosuz Kulak İçi Kulaklık Beyaz",1,10,Retail,4099,1,Decide,,,0,0
1724185185,IT Acc.,MOUSE,8886419334804,162648843,RAZER,RAZER Basilisk V3 Pro 35K Kablosuz Mouse Yeşil,1,4,Retail,9229,1,BETA PLUS TEKNOLOJİ,,,0,0
1833438379,CE Acc.,USB CABLE,6957303857517,158385533,UGREEN,UGREEN USB-C 60W Thunderbolt USB 3.1 GEN1 3A QC PD 1.5 m 50751 Hızlı Şarj Kablosu Siyah,1,38,Retail,1199,1,Decide,,,0,0
1770234587,IT Acc.,GRAPHICS CARDS,4711377344272,155816180,MSI,MSI VENTUS 2X OC GeForce RTX™ 5060 8 GB Ekran Kartı,4,1,Retail,30410.72,3,UzmanlarPC,,,0,0
1761746781,CE Acc.,POWERBANKS,6944629191753,172941002,PIILI,PIILI Mag Ring Stand P-PB7 5.000 mAh Powerbank Gri,1,10,Retail,3499,1,Piili,,,0,0
1784054832,GSM Acc.,COVER & CASE (TELECOM),6944629204194,174503516,PIILI,PIILI iPhone 17 Steady Carbon Magsafe Telefon Kılıfı Gri,1,5,Retail,2599,1,Piili,,,,
1842040108,CE Acc.,TRUE WIRELESS HEADPHONES,6941876268764,173404586,UGREEN,"UGREEN LightBuds H5 Pro ENC , 35 Saat Çalma Süresi, 4 Mikrofonlu, 65876 Kablosuz Kulak İçi Kulaklık Beyaz",1,9,Retail,2899,1,Decide,,,0,0
1730198202,Hi-Fi,PORTABLE SPEAKER,6958444604220,170061415,DIVOOM,DIVOOM SongBird-HQ Çift Karaoke Mikrofonlu Bluetooth Hoparlör Siyah,1,3,Retail,13299,1,Desibela,,,0,0
1840012858,IT Acc.,MAIN MEMORY,4711085948434,167413099,XPG,XPG Lancer Blade RGB 6000 MHZ CL48 Ram,4,20,Retail,19695.8,2,Kraft Online,,,0,0
1770915036,GSM Acc.,OTHER TELECOM ACCESSORIES,6944629183932,173699614,PIILI,PIILI USB (M) to TYPE-C JT206 Usb Siyah,1,10,Retail,499,1,Piili,,,,
1833933600,IT Acc.,PC POWER SUPPLY,4711377244275,155698750,MSI,MSI MPG A850GN PCIE5 850 W Güç Kaynağı Siyah,5,20,Retail,9404.3,4,Yedigün Bilişim,,,12,0
1709757760,IT Acc.,GRAPHICS CARDS,4711636178518,159045949,ASUS,ASUS DUAL GeForce RTX 5050 OC 8GB GDDR6 128 Bit DLSS 4 GeForce RTX™ 5050 8 GB Ekran Kartı,5,4,Retail,25569,2,BETA PLUS TEKNOLOJİ,,,0,0
1760900719,IT Acc.,GRAPHICS CARDS,4711377344272,155816180,MSI,MSI VENTUS 2X OC GeForce RTX™ 5060 8 GB Ekran Kartı,4,1,Retail,26118.8,1,netsiparis,,,0,0
1784054857,GSM Acc.,COVER & CASE (TELECOM),6944629204217,174503518,PIILI,PIILI iPhone 17 Pro Steady Carbon Magsafe Telefon Kılıfı Siyah,2,5,Retail,2599,2,Piili,,,0,0
1844743448,Photo,MIRRORLESS SYSTEM CAMERAS,5013493459694,137047701,SONY,SONY ZV-E1 Body Full Format Aynasız Fotoğraf Makinesi,1,2,Retail,141999,1,Nova Fotoğraf,,,0,0
1716021118,GSM Acc.,COVER & CASE (TELECOM),6944629196093,169185585,PIILI,PIILI Knit Kevlar iPhone 17 Telefon Kılıfı Turuncu,1,10,Retail,2999,1,Piili,,,,
1834330157,Photo,MIRRORLESS SYSTEM CAMERAS,4549292229158,157529852,CANON,CANON D.Cam Eos R5 Mark II Body Full Format Aynasız Tam Kare Fotoğraf Makinesi,2,13,Retail,188898.99,1,Nova Fotoğraf,,,,
1731528007,SDA,ESPRESSO MAKER & COFFEE MAKER,8004399328686,82262259,DELONGHI,DELONGHI ETAM29.660.SB AUTENTICA ESPRESSO CAPPUCINO MA GRI Tam Otomatik Espresso Makinesi Gümüş,2,2,Retail,34999,2,TAŞARAVM,,,0,0
1746658044,SDA,ESPRESSO MAKER & COFFEE MAKER,8004399328686,82262259,DELONGHI,DELONGHI ETAM29.660.SB AUTENTICA ESPRESSO CAPPUCINO MA GRI Tam Otomatik Espresso Makinesi Gümüş,2,2,Retail,34991.77,1,RAST ENTERPRISE,,,0,0
1825819830,IT HW,PRINTERS,4547410559170,174604413,FUJIFILM,FUJIFILM Instax Mini Link Plus Akıllı Fotoğraf Yazıcısı,1,9,Retail,9399,1,Desibela,,,,
1605337511,SDA,BEARD TRIMMER,5038061111859,92553239,REMINGTON,REMINGTON HG3000 E51 Omniblade Face & Body Tıraş Makinesi Siyah,1,10,Retail,3971.47,1,YeniseY,,,0,0
1838631035,TV,TELEVISION,8806097962625,182215108,SAMSUNG,SAMSUNG QE83S90HAEXTK SS8 83 inç 210 cm Dahili Uydu Alıcılı 4K SMART TV OLED TV,1,1,Retail,299999,1,Güreller,,,0,0
1821429117,TV,TELEVISION,8806097966227,179289017,SAMSUNG,SAMSUNG 83S95H Uydu Alıcılı Tizen 83 inç 210 cm Dahili Uydu Alıcılı 4K UHD SMART TV OLED TV,1,1,Retail,399999,1,Güreller,,,,
1821429054,TV,TELEVISION,8806097961413,179289004,SAMSUNG,SAMSUNG 77S85H Uydu Alıcılı Tizen 77 inç 195 cm 4K UHD OLED TV,1,1,Retail,169990,1,Güreller,,,0,0
1821429028,TV,TELEVISION,8806099021344,179289038,SAMSUNG,SAMSUNG 75LS03H Uydu Alıcılı Tizen 75 inç 190 cm 4K UHD QLED TV,1,1,Retail,299000,1,Güreller,,,1,1
1831698693,CE Acc.,CHARGING CABLE,6957303861613,178331008,UGREEN,UGREEN 60161 Lightning to USB-A Örgülü MFi Sertifikalı iPhone Uyumlu 1 m Hızlı Şarj Kablosu Gümüş,1,10,Retail,999,1,Decide,,,0,0
1819020965,GSM Acc.,"HOLDERS (HOME, CAR, SELFIE, BIKE)",6957303849079,87003537,UGREEN,UGREEN 40907 Air Vent Araç İçi Telefon Tutucu,1,71,Retail,781,1,Decide,,,0,0
1824335296,CE Acc.,POWERBANKS,6932172677626,177417984,BASEUS,BASEUS PicoGo Qi2 Magsafe 20W Stand Özellikli Type C to C Kablo 5000 mAh Powerbank Beyaz,1,70,Retail,1599,1,Lucky Trend,,,0,0
1690920072,Hi-Fi,HIFI PHONO,8711902069614,92793603,LENCO,LENCO LS-410WA Bluetooth 5.0 Pikap Ahşap,1,20,Retail,18599,1,Desibela,,,,
1788055132,SDA,HAIR CURLER ( CURLING IRON / HOT AIR BRUSH),8682511904217,175023578,FAKIR,FAKIR Ion Fusion Argan Yağlı Katlanabilir Başlık Dijital Saç Maşası Gri,1,1,Retail,2699,1,Karakaya Bilişim,,,0,0
1842030253,CE Acc.,TRUE WIRELESS HEADPHONES,6941876276318,182883075,UGREEN,"UGREEN Studio Plus Aktif Gürültü Engelleyici 80 Saat, 75631 Kablosuz Kulak Üstü Kulaklık Gümüş Beyaz",1,9,Retail,3499,1,Decide,,,0,0
1842040110,CE Acc.,TRUE WIRELESS HEADPHONES,6941876276295,182883062,UGREEN,"UGREEN Studio Plus Aktif Gürültü Engelleyici , 80 Saat, 75629 Kablosuz Kulak Üstü Kulaklık Gümüş Bej",1,8,Retail,3499,1,Decide,,,,
1750438883,CE Acc.,TRUE WIRELESS HEADPHONES,0745883858002,144368862,BELKIN,BELKIN SForm Motion True Wireless Kulak İçi Kulaklık Beyaz,1,1,Retail,1239,1,Lucky Trend,,,0,0
1784983000,Household,DRINKWARE,1200185000416,174724761,STANLEY,STANLEY Wellspring Bottle 0.7L / 24oz 10-13111-032 Paslanmaz Çelik Termos,1,1,Retail,2599,1,Premiumsepet,,,0,0
1801030940,Household,DRINKWARE,1200185025679,176014166,STANLEY,STANLEY The Wellspring 0.47 l Hammertone Green Paslanmaz Çelik Termos,1,2,Retail,2299,1,Premiumsepet,,,0,0
1829144725,Household,DRINKWARE,1210001997943,174722389,STANLEY,STANLEY The IceFlow Twist Flip 0.47 l Paslanmaz Çelik Termos,1,2,Retail,2299,1,Derka Shop,,,0,0
1786820149,Household,DRINKWARE,1200185024269,174869669,STANLEY,STANLEY The IceFlow Bottle Flip Straw 2.0 0.47 l Chalk Paslanmaz Çelik Termos,1,9,Retail,2049,1,Premiumsepet,,,0,0
1813765953,Household,DRINKWARE,1200185003547,177833548,STANLEY,STANLEY The Adventure To-Go Bottle 1 l Hammertone Paslanmaz Çelik Termos,1,4,Retail,2769,1,Premiumsepet,,,0,0
1784298101,Household,DRINKWARE,1210001943766,174726414,STANLEY,STANLEY Adventure To-Go 0.75 l Paslanmaz Çelik Termos,1,4,Retail,2569,1,Premiumsepet,,,0,0
1790044156,Smart Home,THERMOSTATS,8681705046542,174882423,BILICRA,BILICRA S-Warm Akıllı Termostatik Radyatör Vanası,1,32,Retail,1699,1,Lucky Trend,,,0,0
1828849100,SDA,AIR CONDITIONING,4573535470298,174644297,DAYLUX,DAYLUX DTXM25M+DRXM25M Inverter Split A++ Enerji Sınıfı 9000 BTU/h Klima Beyaz,1,1,Retail,35999,1,RAST ENTERPRISE,,,,
1819307787,Photo,PHOTO ACCESSORIES,6937224111134,171057567,DJI,DJI Osmo 1 m Carbon Fiber Selfie Çubuğu,1,3,Retail,4699,1,BLACKBOX,,,0,0